:020000040800F2
:10000000100D0020CD010008C50B0008C506000832
:10001000790B00087F0200089D0F00080000000017
:10002000000000000000000000000000050D0008B6
:100030003505000800000000310C0008C50E00085E
:10004000E7010008E7010008E7010008E7010008F0
:10005000E7010008E7010008E7010008E7010008E0
:10006000E7010008E7010008E7010008E7010008D0
:10007000E7010008E7010008E7010008E7010008C0
:10008000E7010008E7010008E7010008E7010008B0
:10009000E7010008E7010008E7010008E7010008A0
:1000A000E7010008E7010008E7010008E701000890
:1000B000E7010008E7010008E7010008E701000880
:1000C000E7010008E7010008E7010008E701000870
:1000D000E7010008E7010008E7010008E701000860
:1000E0006D050008E7010008E7010008E7010008C6
:1000F000E7010008E7010008E7010008E701000840
:10010000E7010008E7010008E7010008E70100082F
:10011000E7010008E7010008E7010008E70100081F
:10012000E7010008E7010008E7010008E70100080F
:1001300000F002F800F03AF80AA090E8000C8244BF
:100140008344AAF10107DA4501D100F02FF8AFF29C
:10015000090EBAE80F0013F0010F18BFFB1A43F0A5
:1001600001031847081F0200281F0200103A24BF8D
:1001700078C878C1FAD8520724BF30C830C144BF0C
:1001800004680C607047000000230024002500264E
:10019000103A28BF78C1FBD8520728BF30C148BFEA
:1001A0000B6070471FB51FBD10B510BD00F031F8D2
:1001B0001146FFF7F7FF01F053FA00F04FF803B4D0
:1001C000FFF7F2FF03BC00F053F800000948804736
:1001D00009480047FEE7FEE7FEE7FEE7FEE7FEE729
:1001E000FEE7FEE7FEE7FEE704480549054A064B41
:1001F000704700003D0F0008310100081007002083
:10020000100D0020100900201009002070477047D1
:100210007047754600F028F8AE460500694653461B
:1002200020F00700854618B020B5FFF7DDFFBDE8D8
:1002300020404FF000064FF000074FF000084FF04D
:10024000000B21F00701AC46ACE8C009ACE8C009DE
:10025000ACE8C009ACE8C0098D4670470446AFF36E
:1002600000802046FFF7ABFF00487047B006002033
:1002700001491820ABBEFEE726000200704700BF10
:10028000FEE700000A48806940F0080008498861DC
:100290000848006820F00F0006490860084600681A
:1002A00040F003000860881502491031086070476B
:1002B00000100240040C014088B90022164B1A704D
:1002C0004FF48072154B1A60154A12680A44154B98
:1002D0001A601A4612685032134B1A607047012296
:1002E0000D4B1A7012020D4B1B1F1A600F4A92FB26
:1002F000F0F20F4B1A600A4A12680E4B1A60084A55
:1003000012680A44074B1A601A4612685032064BAC
:100310001A6000BFE2E7000008000020140C014052
:1003200020000020140000201800002020A1070059
:10033000100000200C00002030B52C48007860B17F
:100340002B4800682B490968884206D300202749BA
:1003500008704FF480702849086024480078C8B1BC
:100360002348006825490968884213D32248083881
:10037000006880F4807020490839086020480068CF
:100380004FF47A71B0FBF1F0401C1C490968084435
:100390001A4908601548007838BB154800681949A3
:1003A0000968884221D318480078F0B117481849E5
:1003B000098830F821401649098800EB81004588FA
:1003C0004CB90020124908800948006800F5FA700D
:1003D0000C49086008E029462046FFF76DFF0C48ED
:1003E0000088401C0A49088000BF30BD080000207A
:1003F0002000002014000020140C01400C000020FC
:1004000010000020180000201E00002024370008E3
:100410001C00002070B504460D464EF6DF722946DA
:10042000204600F079FE70BD70B504460D464EF6CC
:10043000DF722946204600F08DFE70BD024800881C
:10044000401C014908807047A8000020024800882D
:10045000401C014908807047AA00002010B51248CE
:10046000007828B91148007810B91148007800B90F
:1004700010BD1048006810490968884200D2F7E7AB
:100480000E4802880E4801880948007800F0B0FC48
:100490000848006800F5FA7007490860012009491A
:1004A000087000BFE4E70000760000205A0000203A
:1004B00074000020200000208C000020520000204A
:1004C000500000208800002010B51248007828B99C
:1004D0001148007810B91148007800B910BD1048D3
:1004E000006810490968884200D2F7E70E48028880
:1004F0000E4801880948007800F07AFC0848006836
:1005000000F5FA700749086001200949087000BF2A
:10051000E4E70000760000206C0000207500002059
:10052000200000208C0000206400002062000020D9
:1005300088000020704700BF0100A0F10100FBD13E
:10054000704770B504460D46164632462946204689
:1005500001F000F870BD70B504460D4616463246EF
:100560002946204601F022F870BD00002DE9F04731
:100570003048006800F40060002858D02E48006819
:100580002E49086002F070F806462D49097806FAEF
:1005900001F02C49098808432A4908802848007836
:1005A000401C27490870084600780B283ADB25488C
:1005B000048804F00107C4F34705C4F34028C4F3DA
:1005C0008029284600F0ECFC00F0010AFFB9B9F1DF
:1005D000010F1CD18AF00100404518D100201A49B2
:1005E0000870F02D03D101201849087014E0174855
:1005F000007838B10021284602F020F90020134984
:10060000087009E00121284602F018F904E000F022
:10061000DBFA00200C49087000200A4908800849CC
:10062000087000BF4FF400600249086000BFBDE8D9
:10063000F087000014040140200000202C0000205E
:100640002A00002028000020300000202B0000207D
:1006500010B500201249086012490860124908804C
:10066000124908801249087012490870124908702E
:100670001249086000BF0DE0002108E00022C0EB35
:1006800000130F4C04EB430323F81120491C0F29DE
:10069000F4DB401C1428EFDB00F070FA10BD000002
:1006A00024000020AC000020A8000020AA000020A8
:1006B00076000020740000207500002084000020D7
:1006C0005804002000BFFEE71B48806940F0280066
:1006D000194988611948006820F47040174908607A
:1006E0000846006840F4405008600846006820F45E
:1006F000706008600846006840F4006008600F48B9
:100700000830006840F480600C49083108600C48EB
:10071000006820F470400A4908600846006840F408
:1007200040500860C8140549103108600820044989
:10073000143108607047000000100240040C0140B2
:10074000001401402B48806940F004002949886169
:100750000846806940F0400088612748006820F022
:100760000F00254908600846006840F0080008604E
:1007700021481430006840F001001F49143108601E
:100780001E48006820F470201C4908600846006874
:1007900040F40020086019481030006840F0100054
:1007A0001649103108601548006820F4704013495C
:1007B00008600846006840F4004008600F481030A8
:1007C000006840F008000D49103108600B480068CF
:1007D00020F47060094908600846006840F4006031
:1007E000086006481030006840F0040003491031EA
:1007F00008607047001002400008014000180140E6
:100800002DE9FC41044688461020434650222146EB
:1008100000904EF6DF7000F0F1FC4EF6DF700090B5
:10082000A0B21F235022414600F0EAFD4EF6DF70D1
:1008300004F10801009088B21F233122414600F0E4
:10084000DFFD4EF6DF7004F11001009088B21F2327
:100850003A22414600F0D4FD1F4805885DB94EF6A6
:10086000DF7004F11801009088B21F233022414646
:1008700000F0C6FD2DE000260EE00A2095FBF0F109
:1008800000FB1150C2B23046711CCEB201A90A540D
:100890000A2095FBF0F085B2002D01DD032EECDB84
:1008A00004F1200087B211E04EF6DF700090701E58
:1008B000C0B2064601A9085C3030C2B21F234146CF
:1008C000384600F09DFD07F1080087B2002EEBDCF2
:1008D00000BFBDE8FC810000A80000202DE9FC411C
:1008E00004468846102043465022214600904EF68A
:1008F000DF7000F083FC4EF6DF700090A0B21F2383
:100900005022414600F07CFD4EF6DF7004F10801F4
:10091000009088B21F233222414600F071FD4EF64E
:10092000DF7004F11001009088B21F233A22414683
:1009300000F066FD1F4805885DB94EF6DF7004F1D2
:100940001801009088B21F233022414600F058FD64
:100950002DE000260EE00A2095FBF0F100FB11507F
:10096000C2B23046711CCEB201A90A540A2095FBCE
:10097000F0F085B2002D01DD032EECDB04F1200048
:1009800087B211E04EF6DF700090701EC0B20646CE
:1009900001A9085C3030C2B21F234146384600F03E
:1009A0002FFD07F1080087B2002EEBDC00BFBDE889
:1009B000FC810000AA0000202DE9F84304460D4602
:1009C000544800683C21B0FBF1F086B25148006801
:1009D000B0FBF1F201FB120710202B4664222146E6
:1009E00000904EF6DF7000F009FC4EF6DF700090CC
:1009F000A0B24FF478435422294600F001FD4EF690
:100A0000DF7004F10801009088B24FF47843492266
:100A1000294600F0F5FC4EF6DF7004F1100100905D
:100A200088B24FF478434D22294600F0E9FC4EF697
:100A3000DF7004F11801009088B24FF4784345222A
:100A4000294600F0DDFC4EF6DF7004F12001009035
:100A500088B24FF478432D22294600F0D1FC0A20B9
:100A600096FBF0F0303000F0FF084EF6DF7004F136
:100A70002801009088B24FF478434246294600F09E
:100A8000BFFC0A2096FBF0F100FB1160303000F053
:100A9000FF084EF6DF7004F13001009088B24FF489
:100AA00078434246294600F0ABFC4EF6DF7004F175
:100AB0003801009088B24FF478433A22294600F07A
:100AC0009FFC0A2097FBF0F0303000F0FF084EF654
:100AD000DF7004F14001009088B24FF47843424641
:100AE000294600F08DFC0A2097FBF0F100FB117005
:100AF000303000F0FF084EF6DF7004F1480100903E
:100B000088B24FF478434246294600F079FCBDE8AC
:100B1000F8830000AC0000201448806940F0080011
:100B2000124988610846806940F040008861104899
:100B3000006820F470000E4908600846006840F420
:100B40004010086020200A491031086009480068F8
:100B500020F47000074908600846006840F440101F
:100B600008602020034910310860704700100240DF
:100B7000000C01400018014000BFFEE701200549BC
:100B8000087000200449088004480068044908608F
:100B9000704700001E0000201C00002020000020E4
:100BA00018000020002004490870044908704FF420
:100BB00080700349086070471E0000200800002074
:100BC000140C01407047000000200F4908700F49C5
:100BD00008700F4908700F4908700F4800680F49E6
:100BE00008600D4800680E4908600B4800680D4910
:100BF0000860094800680C49086007480068A0F5CB
:100C00007A700A49086070473100002032000020E5
:100C1000330000203400002020000020900000203D
:100C200094000020980000209C000020A0000020DC
:100C3000704730B504460D4629462046FFF73CFB79
:100C400030BD00000CB54FF400602449086014204A
:100C500000F02CFA4FF400602049091D08601420B0
:100C600000F024FA002316E01C480838006801212F
:100C700021EA90200DF803000820194908600A2095
:100C800000F014FA08201649091D08600A2000F037
:100C90000DFA581CC3B2082BE6DB9DF80000114981
:100CA00008709DF80100104908709DF802000F4976
:100CB00008709DF803000E4908709DF804000D4966
:100CC00008709DF805000C4908709DF806000B4956
:100CD00008709DF807000A4908700CBD100C01400F
:100CE000101401400000002001000020020000203C
:100CF0000300002004000020050000200600002062
:100D000007000020704710B500F002F810BD000089
:100D10000CB50020019000903348006840F480300A
:100D20003149086000BF3048006800F4003000908E
:100D30000198401C0190009818B90198B0F5A06F77
:100D4000F1D12948006800F4003010B10120009072
:100D500001E0002000900098012843D1234800685A
:100D600040F01000214908600846006820F00300A8
:100D700008600846006840F0020008601A484068B1
:100D8000194948600846406848600846406840F491
:100D9000806048600846406820F47C10486008463F
:100DA000406840F4E81048600846006840F08070F1
:100DB000086000BF0C48006800F000700028F9D0FF
:100DC0000948406820F00300074948600846406829
:100DD00040F00200486000BF0348406800F00C008B
:100DE0000828F9D10CBD000000100240002002408C
:100DF0002DE9F04106460F4690460020294908801B
:100E000029490880012E06D0022E08D0032E0BD0CF
:100E1000042E12D10DE01020234908800DE06FF060
:100E20000F002149088008E06FF00F001D4908807D
:100E300003E010201B49088000BF00BF194800884C
:100E400038441A49088018480088404418490880E6
:100E500016490888C11700EB1171C1F30714144932
:100E60000888C11700EB1171C1F307150F2C08DAC0
:100E7000142D06DAC5EB05100E490844005D012863
:100E800001D1BDE8F08101200B4908700B480068D2
:100E900028300B4908604FF4C8719620FFF7C9FE4F
:100EA00000BFEEE780000020820000207C000020D0
:100EB0007E000020D40000207600002020000020CA
:100EC0007800002010B518480068401C16490860DA
:100ED00016480068401C1549086008460068B0F5CF
:100EE0007A7F1DD30020086011480068401C10491B
:100EF00008601048008810490988084423280FDA40
:100F00000B4800683C280BD20A210846FFF754FD25
:100F10000A216E20FFF774FC0A21AA20FFF7DEFCED
:100F2000FFF70AFA10BD0000200000202400002076
:100F3000AC000020A8000020AA00002010B5134833
:100F4000006840F0010011490860084640681049F7
:100F500008400E494860084600680E4908400B49A1
:100F600008600846006820F4802008600846406851
:100F700020F4FE0048604FF41F008860FFF7C3FEB6
:100F80004FF000600449086010BD000000100240EE
:100F90000000FFF8FFFFF6FE08ED00E000BFFEE7EF
:100FA00001464FF033324FF0553000EA5100091A34
:100FB00001EA020002EA9103C11801EB111000F0EE
:100FC0000F3101EB112101EB114101F03F0070479E
:100FD00010B500200BE0002106E00022C0EB00135A
:100FE000304C23445A54491C0F29F6DB401C14286A
:100FF000F1DB00200BE0002106E00022C0EB001333
:10100000294C23445A54491C0F29F6DB401C142850
:10101000F1DB0121234880F83E1080F8421080F86F
:10102000461080F85D1080F8611080F8651080F837
:101030007A1080F87D1080F8811080F8841080F894
:101040009A1080F89E1080F8A11080F8B61080F8F1
:10105000BA1080F8BE1080F84F1080F8541080F855
:101060006C1080F8701080F8741080F88C1080F884
:10107000901080F8A81080F8AC1080F8B01080F8BC
:10108000C71080F8CD1080F8E31080F8E71080F8E2
:10109000EB1080F8ED1080F8021180F80A1180F84A
:1010A000131110BD000200202C030020002100E0DD
:1010B000491C00EBC002B1EBC20FF9D3704700B579
:1010C000012000F0C7FA112000F0C4FA3A2000F025
:1010D000C1FA552000F0B8FA292000F0BBFA3620FA
:1010E00000F0B8FAC82000F0AFFA00BD08488069E7
:1010F00040F00800064988610648006820F00F00AB
:10110000044908600846006840F003000860704722
:1011100000100240000C01402DE9F84306460F463E
:101120009046002411E000250BE0012000903819C2
:1011300083B2701981B20122404600F05FF8681C4A
:1011400085B2102DF1DB601C84B2102CEBDBBDE806
:10115000F88300002DE9F84F06460F4690464FF001
:10116000000900241CE0002516E04846411C1FFA37
:1011700081F90D4931F810A04FF6FF70824509D072
:1011800001200090381983B2701981B201224046C3
:1011900000F034F8681C85B2102DE6DB601C84B2C8
:1011A000102CE0DBBDE8F88F2431000810B50346B1
:1011B0000C462A2000F04EFA181200F045FAD8B278
:1011C00000F042FA012000F03FFA3F2000F03CFA24
:1011D0002B2000F03FFA201200F036FAE0B200F0C7
:1011E00033FA012000F030FADF2000F02DFA2C2035
:1011F00000F030FA104600F027FA10BD2DE9F04754
:1012000081460C4616461D46089F4FF000082A20CE
:1012100000F020FA201200F017FAE0B200F014FA01
:101220003119491EC1F30F2000F00EFA3119491E81
:10123000C8B200F009FA2B2000F00CFA281200F0D6
:1012400003FAE8B200F000FA7919491EC1F30F2041
:1012500000F0FAF97919491EC8B200F0F5F92C200E
:1012600000F0F8F900BF04E0484600F0EDF908F19D
:10127000010806FB07F04045F6D8BDE8F0870000FE
:1012800000B55748406940F48070554948610846A8
:10129000806940F0080088610846806940F02000BD
:1012A00088610846806940F040008861084680698E
:1012B00040F4807088614B48006820F00F00494975
:1012C00008600846006840F003000860464800686F
:1012D00046490840444908600846006844490843B4
:1012E00041490860081F006800F0FF20091F0860DE
:1012F0000846006840F0BB1008603E4800680020C7
:101300003C4908600846006840F0BB300860081F90
:10131000006820F07040091F08600846006840F02F
:10132000304008603448406820F4702032494860FA
:101330000846406840F4302048600846006820F0C5
:101340000F0008600846006840F00B0008600020AD
:101350004FF020418861C861284908604FF0204063
:10136000806940F480504FF02041886108468069D0
:1013700040F4804088610846806940F01000886130
:101380000846C069C8610846806940F0010088616C
:101390000846C06940F47060C8610846D0F81C0176
:1013A00040F02800C1F81C0114480068C1F81C0175
:1013B0000846D0F81C0140F44070C1F81C010846F2
:1013C000D0F81C0140F001000C490860FFF777FEDF
:1013D000FFF78CFE012003491031086000BD0000BA
:1013E00000100240000C01400414014000F0FF0016
:1013F000BBFBFFBB04180140002001401C0100A002
:101400002DE9FF4F81B082468B461446202C01DB2C
:101410007F2C02DD05B0BDE8F08FA4F12000C4B23E
:10142000D04600253BE0204800EB0410465D1E48F6
:1014300000EB0411681C0F5CD9460020009025E0E9
:10144000304606EBD0714910A6EB4101012906D1C7
:1014500009F1080081B24046049AFFF7A7FE38461A
:1014600007EBD0714910A7EB4101012904D149468E
:101470004046049AFFF79AFE76107F1009F10100AA
:101480001FFA80F90098401CC0B20090009808280C
:10149000D6DB08F101001FFA80F8A81CC5B2102D98
:1014A000C1DB00BFB6E70000342900082DE9F84F82
:1014B00006460F4692464FF0000900241CE0002526
:1014C00016E04846411C1FFA81F90D4931F8108099
:1014D0004FF6FF70804509D001200090381983B283
:1014E000701981B201224046FFF788FE681C85B260
:1014F000102DE6DB601C84B2102CE0DBBDE8F88F19
:10150000243500082DE9F84F06460F4692464FF065
:101510000008002418E0002512E04046411C1FFA94
:1015200081F80B4931F8109001200090381983B2EE
:10153000701981B201224846FFF760FE681C85B22F
:10154000102DEADB601C84B2102CE4DBBDE8F88FC0
:10155000243300082DE9F84F06460F4692464FF017
:10156000000900241CE0002516E04846411C1FFA33
:1015700081F90D4931F810804FF6FF70804509D090
:1015800001200090381983B2701981B201224046BF
:10159000FFF734FE681C85B2102DE6DB601C84B2B8
:1015A000102CE0DBBDE8F88F242F00082DE9F84F60
:1015B00006460F4692464FF0000900241BE0002526
:1015C00015E04846411C1FFA81F90D4931F8108099
:1015D000B8F1000F09D001200090381983B27019BA
:1015E00081B201224046FFF709FE681C85B2102D2A
:1015F000E7DB601C84B2102CE1DBBDE8F88F000053
:10160000243100082DE9F84306460F461446984653
:10161000DDF8209012E014F8015B202D01DB7F2D16
:1016200000DD202543462A4639463046CDF8009055
:10163000FFF7E6FE06F1080086B200BF207800281A
:10164000E9D1BDE8F8830000014908807047000037
:101650000008006C0149088070470000FE07006C1C
:101660001CB5FEF70FFEFFF757FAFFF76BF801F016
:1016700003F8FFF705FEFFF727F800F095FCFE489A
:10168000FEF759FF052000F079FC1020FB49088087
:10169000FB490880A020FB490880FB490880012005
:1016A000FA4908700A20FA490870F5480088F94993
:1016B0000880F5480088F84908800020F74908703C
:1016C000D020F7490880F7490880A020F649088013
:1016D000F64908800D20F64908700A20F54908707F
:1016E000F0480088F4490880F0480088F3490880F1
:1016F0000020F349087000F033FD00F057FFC1E30C
:10170000FFF7A0FA01F00AF8EE48007800B9B9E353
:101710002020ED49086000F077FEEC48FEF70BFF53
:1017200000F088FDEA48FEF706FF00F019FDE948E1
:101730000288D4480188D1480088FEF702FFE648B5
:101740000288D9480188D6480088FEF704FF00F0D7
:10175000EDFBFFF73DFCE14800684FF47A72B0FB07
:10176000F2F1B1F1807F00D31DE021F07F40401EF7
:101770004FF0E022506150170F22002807DA1307BC
:101780001D0ED74B00F00F04241F1D5503E0130757
:101790001C0ED44B1C5400BF00204FF0E02290617F
:1017A0000720106100BF00260A200190CE4807687C
:1017B000FEF74EFF2020C449091F08604BE3CA48CA
:1017C0000068801B0A287DD3FFF73CFA00F0A6FFD3
:1017D000C5480668AE480078C0EB0010C34908440D
:1017E000AA490978405C012835D1A9480078C0EBA6
:1017F0000010BF490844A5490978405C58BB022045
:10180000A3490978C1EB0111B94A11449F4A1278E2
:101810008854FEF713FE3C2140F29320FFF709FAAB
:101820002020B44908600A216E20FEF7E9FF01205C
:10183000B149087095480078042101EB0010AF49C8
:10184000088093480078102101EB0010AC49088013
:101850000A20AC490870002449E0002543E0C4EBAD
:101860000410A2490844405D01283AD1C4EB041099
:101870009F49084410F80580B8F1000F2ADD0320C5
:1018800098FBF0F100FB118010B94FF4FC6001E00F
:101890004FF6E0708146210128014A46FFF706FE17
:1018A000C4EB041092490844405D401EC4EB04118F
:1018B0008F4A11444855C4EB041011460844405D5A
:1018C00038B900E0B5E20020C4EB0411874A1144A6
:1018D000485505E0210128014FF6E072FFF7E6FDCB
:1018E00000BF681CC5B20F2DB9DB601CC4B2142C3C
:1018F000B3DB70480078C0EB00107C4908446C49A9
:101900000978405C012835D16A480078C0EB0010A6
:101910007749084466490978405C58BB022065490C
:101920000978C1EB0111724A1144614A1278885456
:10193000FEF78CFD3C2140F29320FFF77AF920203E
:101940006C4908600A21AA20FEF7C8FF01206A49F5
:10195000087057480078042101EB0010674908809F
:1019600054480078102101EB0010654908800A20D6
:101970006449087052480078E8BB63480078D0BBDF
:101980004B4A10784B4A1178604A127812B14A1CBF
:10199000D1B210E05E4A127812B14A1ED1B20AE00A
:1019A0005C4A127812B1421ED0B204E05A4A127850
:1019B0000AB1421CD0B20F281CDA14291ADAC1EB82
:1019C0000112564B1A44125CA2B9304A1278904266
:1019D00003D12F4A127891420CD00122384B1A7051
:1019E0000201354B1A800A01344B1A80304A1070BC
:1019F000304A117000BF3248007800283AD0294898
:101A000000882D490988884204DA26480088001D8C
:101A1000244908802348008827490988884204DD32
:101A200020480088001F1F4908802048008823495B
:101A30000988884204DA1D480088001D1B49088077
:101A40001A4800881D490988884204DD1748008823
:101A5000001F1649088013480088174909888842E2
:101A60005FD11248008815490988884259D1002061
:101A7000134955E077E0000040420F005400002079
:101A8000500000205600002052000020600000207E
:101A9000610000205C0000205E0000205A00002051
:101AA0006600002062000020680000206400002022
:101AB00072000020730000206E00002070000020E3
:101AC0006C00002003000020140C0140002D3101A7
:101AD00080F0FA02580000206A000020C0000020B8
:101AE00018ED00E000E400E02000002000020020EB
:101AF0002C03002014180140B8000020BA00002078
:101B0000BC000020BE00002088000020350000201E
:101B1000360000203700002038000020D4000020CC
:101B20000870D9480088D9490988884205D1D84821
:101B30000088D8490988884215D0D5480188D248FC
:101B40000088FEF771FCD4480288D2480188CF484B
:101B50000088FEF700FDCD480088CB490880CD48BD
:101B60000088CB490880CD480078E8BBCC48007895
:101B7000D0BBCC4A1078CC4A1178CC4A12782AB122
:101B80004A1CD1B20122CA4B1A7019E0C94A127814
:101B90002AB14A1ED1B20222C54B1A7010E0C64AC1
:101BA00012782AB1421CD0B20322C14B1A7007E04E
:101BB000C24A127822B1421ED0B20422BC4B1A7023
:101BC0000F281EDA14291CDAC1EB0112BC4B1A448F
:101BD000125CB2B9BB4A1278904203D1BA4A127869
:101BE00091420ED0012200E00CE0AC4B1A700201D1
:101BF000B64B1A800A01B64B1A80AA4A1070AA4A3C
:101C0000117000BFA5480078F0B3B2480088AF4912
:101C10000988884204DAAF480088001DAD49088071
:101C2000AC480088A9490988884204DDA948008891
:101C3000001FA8490880A8480088A549098888424B
:101C400004DAA5480088001DA3490880A24800883E
:101C50009F490988884204DD9F480088001F9E49EB
:101C600008809C48008899490988884208D19A4888
:101C7000008897490988884202D100208749087066
:101C800096480088934900E01EE00988884205D103
:101C90009348008890490988884215D09048018867
:101CA0008E480088FEF7B6FB8E4802888A48018875
:101CB00088480088FEF745FC8648008887490880E8
:101CC000854800888649088087480078E8B38748B7
:101CD000006887490968884263D31F2285480188C4
:101CE00085480088FFF70EFC83490888C11700EB80
:101CF0001171C1F307187F490888C11700EB1171F2
:101D0000C1F307190120C9EB09116D4A114401F80B
:101D100008007648006800F5FA60C9EB0911774AB7
:101D200002EB410121F818007348008874490988C2
:101D3000084484B26F48008872490988084485B213
:101D40002046E11704EB117100E02AE0C1F3071A05
:101D50002846E91705EB1171C1F3071BF02C10DAC7
:101D6000B5F5A07F0DDABAF10F0F0ADABBF1140F47
:101D700007DACBEB0B105249084410F80A0001288F
:101D800005D10020584908704549087008E05A48B4
:101D90000480584805805548006828305449086038
:101DA00000BF00242FE0002529E0C4EB04105349B4
:101DB00001EB400030F81500F8B1C4EB041001EB62
:101DC000400030F8150049490968884215D80020BC
:101DD000C4EB04113A4A11444855C4EB0411474A74
:101DE00002EB410121F815001020230129010246D0
:101DF00000904EF6DF70FFF701FA681CC5B20F2D98
:101E0000D3DB601CC4B2142CCDDB3F480078002823
:101E10000FDD364800683D490968401A0A2808D98C
:101E2000FEF7D2FE00203A49088037490870394948
:101E300008703948006839490968401A322807D3C0
:101E400035480068354908600A210846FEF7B4FDA8
:101E50002020334908603348008833490988084402
:101E6000232807DA21480068C01B4EF6602188420B
:101E7000FFF4A5AC20202A490860FEF793FE00F08D
:101E8000D5F800BF3CE4000066000020620000209E
:101E900068000020640000206A0000205A00002032
:101EA0008800002060000020610000203100002038
:101EB0007400002032000020330000203400002095
:101EC000D400002072000020730000205C0000207D
:101ED0005E0000205000002052000020540000202E
:101EE000560000205800002076000020200000202E
:101EF000780000207E0000207C0000205804002094
:101F000080000020820000202A0000202C000020F9
:101F1000280000202B00002024000020A400002026
:101F200010180140A8000020AA00002010B50020D1
:101F30000DE0002107E00122C1EB01130E4C234408
:101F40001A544A1CD1B21429F5DB411CC8B20F281F
:101F5000EFDB01200DE0032107E00022C1EB0113BC
:101F6000054C23441A544A1CD1B21329F5DB411CF9
:101F7000C8B20E28EFDB10BDD400002010B500F46D
:101F8000E062074B1B684FF6FF042340044C2360BC
:101F90001946044B194341EA02031946236010BD58
:101FA0000CED00E00000FA0510B5D02015490880BE
:101FB000154908804FF4907014490880144908802E
:101FC000114800880F490880114800880F4908808F
:101FD0000D201049087012200F4908700A48008827
:101FE0000E4908800A4800880D49088000200D49E4
:101FF00008700D4802880648018803480088FEF7EB
:10200000AAFA10BD660000206200002068000020CF
:102010006400002072000020730000206E00002089
:10202000700000206C0000206A00002008B500F05D
:1020300097F84EF6177000232BA24FF4877100908B
:102040002320FFF7DFFA2E4800683C2804D0DC216B
:102050005020FEF7B1FC09E04EF617704FF47843BC
:1020600028A2DC2100904620FFF7CCFAAA214120CB
:10207000FEF7C6FBAA218220FEF730FC2548008827
:102080002549098888420ADA4EF617704FF47843DA
:1020900022A2642100905A20FFF7B4FA1AE01D48EA
:1020A00000881D49098888420ADD4EF617704FF4F2
:1020B00078431DA2642100905A20FFF7A3FA09E09B
:1020C0004EF617704FF478431AA264210090502006
:1020D000FFF798FA4EF6177000231AA23C210090E1
:1020E0001A20FFF78FFA08BD3D3D3D3D3D3D47615C
:1020F0006D65204F7665723D3D3D3D3D3D000000E4
:10210000AC00002054696D65206973204F766572BC
:1021100000000000A8000020AA0000205032205734
:10212000696E21212100000050312057696E212164
:10213000210000004E6F2057696E6E6572212121CB
:10214000000000003C436C69636B2053746172743F
:1021500020746F20526573746172743E0000000039
:10216000F8B50026002520E000241BE00120C5F57D
:10217000A07293B2A1B22D4A009032F8262090B2FC
:102180000122FFF73BF80120C5F1300293B2A1B262
:10219000264A009032F8262090B20122FFF72EF84E
:1021A000761C641CF02CE1DB6D1C102DDCDB0026A2
:1021B000002522E000241DE00120C5F5A07293B2A5
:1021C000A1B21B4A009032F8262090B20122FFF7FC
:1021D00015F80120C5F5A07293B204F1E10291B2A5
:1021E000134A009032F8262090B20122FFF706F839
:1021F000761C641C102CDFDB6D1CB5F5907FD9DBE1
:10220000002640F201103023D122102100904EF61A
:10221000DF70FEF7F3FF20200023F0221946009024
:102220004EF6DF70FEF7EAFFF8BD00003437000815
:102230003473000808B5FFF793FF4EF617704FF49C
:10224000784332A24FF4877100901E20FFF7DAF92D
:102250004EF617704FF4784332A240F20911009005
:102260001E20FFF7CFF94EF61770002333A2F0219E
:1022700000901420FFF7C6F94EF61770002335A220
:10228000DC2100901420FFF7BDF94EF617700023F3
:1022900036A2C82100901420FFF7B4F94EF617704B
:1022A000002339A2B42100901420FFF7ABF94EF6B9
:1022B0001770002338A28C2100901420FFF7A2F998
:1022C0004EF61770002339A2782100901420FFF7F2
:1022D00099F94EF61770002338A26421009014205B
:1022E000FFF790F94EF61770002339A250210090A5
:1022F0001420FFF787F94EF6177000233BA23C210C
:1023000000901420FFF77EF908BD000047616D655D
:102310002052756C6573206F66205468697320477E
:10232000616D65002D2D2D2D2D2D2D2D2D2D2D2D5E
:102330002D2D2D2D2D2D2D2D2D2D2D004B65796223
:102340006F61726420436F6E74726F6C2D2D2D2D32
:102350002D00000055703A204B657920352C204423
:102360006F776E3A204B6579203200004C656674B9
:102370003A204B657920312C2052696768743A20E5
:102380004B657920330000004963652057616C6C10
:102390003A204B65792038004A6F795061642043B8
:1023A0006F6E74726F6C2D2D2D2D2D004D6F766517
:1023B0006D656E74733A202B000000004963652040
:1023C00057616C6C3A20524C6F77202841290000ED
:1023D00054727920746F20636F6C6C656374206D28
:1023E0006F726520636F696E0000000046696E6958
:1023F00073682047616D652077697468696E203164
:10240000206D696E0000000038B5FFF7A9FE4EF69A
:1024100017704FF4784349A2FA2100901E20FFF76D
:10242000F1F84EF617704FF4784344A2FA21009069
:102430001F20FFF7E7F84EF617704FF4784345A2D8
:10244000FA2100902020FFF7DDF800240BE04EF683
:10245000177004F11E01009088B2002343A2DC2112
:10246000FFF7D0F8641CB42CF1DB4EF61770002394
:102470003FA2C82100901E20FFF7C4F84EF6177047
:1024800000233BA2C92100901F20FFF7BBF84EF6A6
:102490001770002339A2A02100901E20FFF7B2F888
:1024A0004EF61770002335A2A12100901F20FFF7E0
:1024B000A9F800240BE04EF6177004F11E010090FD
:1024C00088B2002329A28C21FFF79CF8641CB42C4D
:1024D000F1DB4EF6177000232DA2782100901E200C
:1024E000FFF790F84EF61770002329A2792100908B
:1024F0001F20FFF787F84EF61770002327A2502100
:1025000000901E20FFF77EF84EF61770002323A2DE
:10251000512100901F20FFF775F800240BE04EF6C4
:10252000177004F11E01009088B200230FA23C2115
:10253000FFF768F8641CB42CF1DB38BD47726F7587
:102540007020496E666F726D6174696F6E202842EB
:10255000313529002D2D2D2D2D2D2D2D2D2D2D2DD0
:102560002D2D2D2D2D2D2D2D2D2D2D003D0000003F
:102570003131353532303331383100005965756EBF
:1025800067204D616E2C2054686F6D6173000000F0
:10259000313135353231333233380000576F6E67A1
:1025A000204D616E2048656900000000F8B50026E6
:1025B000002415E0002510E00120C4F1E10293B2EF
:1025C00005F12D0291B21B4A009032F8262090B2FC
:1025D0000122FEF713FE761C6D1C962DECDB641CAD
:1025E000952CE7DB00264EF617704FF4784312A2C5
:1025F000FA2100901E20FFF705F84EF617704FF4F1
:1026000078430DA2FB2100901F20FEF7FBFF4EF642
:10261000177000230EA20A2100902020FEF7F2FF7F
:102620004EF6177000230AA20B2100902120FEF71E
:10263000E9FFF8BD34C3000857454C434F4D4520D2
:10264000544F204945524720333831302121210051
:10265000436C69636B20537461727420746F2050F3
:102660006C6179212121000002488068C0F380203C
:1026700070470000001001402248806940F01000BF
:10268000204988612048406820F47F401E49486006
:102690000846406840F4084048600846C06840F476
:1026A0000060C8600846C06840F48060C860154893
:1026B000806940F00100134988611448006920F4E2
:1026C000704112480161006940F400510F480161F6
:1026D0000F48006840F400600D4908600C480C3059
:1026E000006840F400600A490C3108601021094874
:1026F00001700948006840F480704FF0E021C1F893
:102700000401704700100240001001400000014029
:102710000004014028E400E004E100E010B537487F
:1027200004683748007880B13648007880B90120C5
:102730003449087034480068201A1E2808D33248EB
:10274000046001203149087002E000202D49087022
:102750002F48007880B12F48007880B901202D499A
:1027600008702D480068201A1E2808D32A480460E3
:1027700002202649087002E00020264908702748F8
:10278000007880B12648007880B90120244908707B
:1027900024480068201A1E2808D322480460032019
:1027A0001A49087002E000201D4908701E48007890
:1027B00080B11E48007880B901201C4908701C486F
:1027C0000068201A1E2808D31948046004200F4905
:1027D000087002E00020154908701648007858B1CA
:1027E00015480068201AB0F5FA7F05D3FDF76CFE96
:1027F000024800681049086010BD00002000002059
:1028000004000020350000203C000020750000205E
:1028100005000020360000204000002006000020B7
:10282000370000204400002007000020380000206E
:1028300048000020000000204C00002070B5064633
:102840000C4631480568732E11D13048047054B1DC
:102850002F480068281A1E2854D32D4805600120EF
:102860002C4908704EE00020284908704AE0722E7A
:1028700011D12948047054B128480068281A1E282C
:1028800040D3264805600220224908703AE0002023
:102890002149087036E07A2E11D12148047054B1D4
:1028A00020480068281A1E282CD31E4805600320E3
:1028B0001849087026E000201949087022E0692EA6
:1028C00011D11948047054B118480068281A1E28FC
:1028D00018D31648056004200E49087012E0002045
:1028E000114908700EE0752E0CD15CB110480068DB
:1028F000281AB0F5FA7F05D3FDF7B0FD024800684D
:102900000B49086070BD000020000020310000204D
:10291000900000207400002032000020940000206D
:102920003300002098000020340000209C0000208C
:10293000A0000020000000000000000000000000D7
:10294000000000000000000000001FCC000C000090
:1029500000000000000008003000600008003000A7
:1029600060000000022003FC1E20022003FC1E2049
:102970000220000000000E1811043FFF10840C78A4
:10298000000000000F0010840F3800C00778188482
:102990000078000000780F8410C411240E9800E421
:1029A00000840008080068007000000000000000BB
:1029B0000000000000000000000007E018182004DC
:1029C00040020000000040022004181807E0000048
:1029D000000000000240024001800FF00180024030
:1029E000024000000080008000800FF8008000801E
:1029F000008000000001000D000E0000000000003B
:102A00000000000000000080008000800080008046
:102A1000008000800000000C000C0000000000009E
:102A200000000000000000060018006001800600A1
:102A300018002000000007F008081004100408081F
:102A400007F000000000080408041FFC0004000454
:102A50000000000000000E0C10141024104411841B
:102A60000E0C000000000C18100411041104128850
:102A70000C700000000000E00320042408241FFC68
:102A80000024000000001F98108411041104108815
:102A900010700000000007F0088811041104188865
:102AA0000070000000001C00100010FC13001C004F
:102AB0001000000000000E381144108410841144EE
:102AC0000E38000000000700088C104410440888ED
:102AD00007F00000000000000000030C030C0000E1
:102AE00000000000000000000001010600000000DE
:102AF00000000000000000800140022004100808CF
:102B000010040000022002200220022002200220E5
:102B100002200000000010040808041002200140F8
:102B20000080000000000E001200100C106C1080DD
:102B30000F00000003E00C1813E4142417C4082845
:102B400007D000000004003C03C41C40074000E420
:102B5000001C000410041FFC1104110411040E8851
:102B60000070000003E00C1810041004100410089A
:102B70001C10000010041FFC1004100410040808AE
:102B800007F0000010041FFC1104110417C4100406
:102B90000818000010041FFC1104110017C01000D9
:102BA0000800000003E00C181004100410441C7806
:102BB0000040000010041FFC10840080008010847E
:102BC0001FFC10040000100410041FFC100410046B
:102BD0000000000000030001100110011FFE1000A2
:102BE0001000000010041FFC110403801464181C62
:102BF0001004000010041FFC100400040004000472
:102C0000000C000010041FFC1F0000FC1F001FFC34
:102C10001004000010041FFC0C04030000E0101856
:102C20001FFC100007F00808100410041004080826
:102C300007F0000010041FFC10841080108010802A
:102C40000F00000007F0081810241024101C080AB8
:102C500007F2000010041FFC1104110011C0113014
:102C60000E0C000400000E1C11041084108410448B
:102C70001C3800001800100010041FFC1004100085
:102C80001800000010001FF81004000400041004D5
:102C90001FF8100010001E0011E0001C00701380CF
:102CA0001C0010001FC0103C00E01F0000E0103CA2
:102CB0001FC000001004180C163401C001C01634E7
:102CC000180C100410001C00130400FC13041C005A
:102CD000100000000804101C1064108413041C046D
:102CE000101800000000000000007FFE40024002BB
:102CF00040020000000030000C0003800060001C57
:102D00000003000000004002400240027FFE00007D
:102D100000000000000000002000400040004000D3
:102D2000200000000001000100010001000100017D
:102D300000010001000040004000200000000000F1
:102D400000000000000000980124014401440144F7
:102D500000FC000410001FFC00880104010400882E
:102D600000700000000000700088010401040104EC
:102D700000880000000000700088010401041108B0
:102D80001FFC0004000000F8014401440144014418
:102D900000C800000000010401040FFC110411042C
:102DA00011001800000000D601290129012901C9DC
:102DB0000106000010041FFC008401000100010452
:102DC00000FC000400000104190419FC00040004C4
:102DD000000000000000000300010101190119FEBC
:102DE0000000000010041FFC0024004001B4010C8E
:102DF000010400000000100410041FFC0004000483
:102E000000000000010401FC0104010001FC0104B8
:102E1000010000FC010401FC008401000100010428
:102E200000FC0004000000F8010401040104010496
:102E300000F80000010101FF008501040104008881
:102E4000007000000000007000880104010401050A
:102E500001FF00010104010401FC008401040100E0
:102E600001800000000000CC012401240124012481
:102E70000198000000000100010007F801040104AE
:102E800000000000010001F8000400040004010833
:102E900001FC0004010001800170000C00100160C1
:102EA0000180010001F0010C003001C00030010C74
:102EB00001F0010000000104018C00740170018C1C
:102EC00001040000010101810171000E0018016080
:102ED0000180010000000184010C013401440184DF
:102EE000010C0000000000000000000001003EFC9A
:102EF000400240020000000000000000FFFF000050
:102F0000000000000000400240023EFC0100000002
:102F100000000000000060008000800040004000D1
:102F200020002000FFFFFFFFFFFF9DF7F6CDCA72D4
:102F3000694A694A694A694A8962B6C55CEFFFFF16
:102F4000FFFFFFFFFFFFFFFF5DEF2EA4466A065A5B
:102F50000E9C6C8B6C8B0E9C276206620DA4FBE6AC
:102F6000FFFFFFFFFFFF5DEFCC9B0CB46772444196
:102F7000E14843694369E1486449065AEBB38B9BD6
:102F8000DAE6FFFFDFFFF2B4AAAB2BBC676A0000F2
:102F9000C24023612361C24800004762CFCC0CB419
:102FA0004FAC9EF7DBE6AB9B0BBC2BBC08938118A8
:102FB00020104118401820106118AC93F5DD52D54F
:102FC000ECA3F7CD79DE28932BBC2BBC0CBCE98A93
:102FD000A21881106110A2180A8B93DDD4DD15E6CA
:102FE000B0BC74C5B1B48AA369A3499B499B8FC483
:102FF000F5E510CD10CDF4DDCFC4499B299B2DB450
:103000004EB44FAC877A499BABA3DAE637DE4A9BD6
:103010008EC415E615E6AFC44A93D5D5DAE62DB4CD
:10302000299BE892877A676A38C6BEFF9AD65CEF1A
:10303000266A15E615E6877A1CE79AD69EF7DBDE48
:103040008862C78A677A676A38C6DBDE410875B569
:10305000266A15E615E6877AD6BD821096B5DBDEC0
:103060008862C78AD6C5854938C6DFFFDBDE7DEFBB
:10307000266A15E615E6A77A3CEFDBDE9EF7DBDE77
:10308000E649D1AC79DEC8828862D7BD17C690AC5C
:10309000B4DD15E636E6F5DD90ACF7C5D7BD4C736B
:1030A000AC9374BD5CEF2EACABABCD8B2F9C93D5AA
:1030B00015E636E698EEB8EE36DEB1ACEE8B12BD14
:1030C0002EACB9DEFFFF3CEFCC9BAFC415E615E696
:1030D00015E616E677EEB8EEB8EE77E6F5DD2EA447
:1030E000BADEDFFFFFFFFFFF1CEF2EA42DB452CD91
:1030F00015E615E636E636E673D56EB44FACBADEA5
:10310000DFFFFFFFFFFFFFFFFFFF5DEF74C5CCA3F5
:10311000CCA3CCA3CCA3CC9BAC9B74C51BE7FFFF7B
:10312000FFFFFFFFFFFFFFFFDFFF59D66A624A6222
:103130004A624A624A624A624A626A6259D6DFFF5A
:10314000FFFFFFFFFFFFBEF739CE6A6257C677C6A3
:1031500077C657C657C677C677C657C64A6239CEAE
:10316000DFFFFFFFDFFF38CE6A6277CEA959A8598B
:10317000885926512651A859A859C95998CE4A624A
:1031800039CEDFFF39CE295A77CEA85906410641FC
:10319000265108C208C2265106410641A85998CEB8
:1031A000095A59D64749A959A959064106412649FC
:1031B00008C2E8B1E8B108C2064906410641A9596A
:1031C000A9594749E538841806414749474967499D
:1031D00028AA28B228B228AA4749474947490641A0
:1031E0008418E538E5384310062997C698C698CE66
:1031F000F8DE18DF18DFF8DE97C698C698C60529EE
:103200004310E5380539A3186310C52046298739CE
:10321000EBC58CDE8CDEEBC566314629C52063101C
:10322000A3180539276229ADA318A418D8CE97C6CC
:1032300085392BCE2BCE8531B8CED8CEA418A31885
:1032400049AD075A47628BD68ABD0429D8CE98C6A5
:1032500065312BCE2BCE6531D8CED8CEE4208ABDB9
:103260008BD6276247628BDE8BDEEBC504292529CE
:103270000ACE8BDE8BDEEAC5042904290BCE8BDE59
:103280008BDE276247628BD68BDE8BDE6BD66BD6EE
:103290008BDE8BDE8BDE8BDE6BD66BD68BDE8BDE36
:1032A0008BDE276239CE47628BDE8BDE8BDE8BDED8
:1032B0008BDE8BDE8BDE8BDE8BDE8BDE8BDE8BDEC6
:1032C000276259D6DFFF18CE47628BDE8BDE8BDE9E
:1032D0008BDE8BDE8BDE8BDE8BDE8BDE8BDE476266
:1032E00038CEDFFFFFFFBEF718CE47628BD68BDEEE
:1032F0008BDE8BDE8BDE8BDE8BDE6BD6276238CEF1
:10330000BFFFFFFFFFFFFFFFDFFF39CE47624762CE
:1033100047624762476247624762476259CEDFFFB2
:10332000FFFFFFFF9FF77CAD7A6B7A6B7A6B7A6B4E
:103330007A6B7A6B7A6B7A6B7A6B7A6B7A6B7A6B65
:103340007CAD9FF759523ECF9ED79ED75D9F3D776C
:103350003D779ECF9ED79EBF3D775E9F5EA77EBF87
:103360003ECF5952F8417ED79EC77D8F5D777E9FB5
:10337000BECFBED77E9F5D7F9EA79EA7BEC7BED78E
:103380007ED7F841F8415EBF3D775D7F9EB7BED7DF
:10339000BEC75D7F5D8F9EB77EA7BED7BECF5D8F58
:1033A0005EBFF841F8415EBF5D8FBECFDFDF7E9F1D
:1033B0005D779EBF7D8FBECFBED79EB75D7F3D6FD1
:1033C0005EBFF841F8417ED7BFDFBEC75D8F7D8FFE
:1033D0009EAF7EA7BED7BECF7D9F3D6F3D6F3D6F39
:1033E0005EBFF841F8417ECF9EAF5D779EAF7D977F
:1033F000BEC7BED7BECF5D773D6F3D6F3D6F3D779A
:103400005EBFF841F8415EBF5D879EA79EAFBECF0D
:10341000BED77D973D773D6F3D6F3D6F7D97BECFAA
:103420007ED7F841F8417ECF7EAF9EB7BED7BEBFF4
:103430005D7F3D6F3D6F3D6F5D7F9EAFBEC75D8F12
:103440005EBFF841F8417ECFBED7BED79EA75D775D
:103450003D6F3D6F5D775D87BECF9EB75D7F9EB749
:103460007ECFF8414C21BB9EDFEFDFDFBEBFBEBF8A
:10347000BEBFBEBFBEC7DFEFDFDFBEBFDFDFDFEF38
:10348000BB9E4C212C19983D19461946F945194601
:10349000F945F9451946D845D945F945194619461A
:1034A000983D2C192C19D83DBC3E7B3EFC3E5A3E23
:1034B000F93DBC3E193ED83D3A3EFC3EFD3EFD3E48
:1034C000D83D2C192C19B83D9B3EDC3E3A3E3A3E85
:1034D0007B3EF93DF93D7B3EFD3E1D3FBC3E193E26
:1034E000983D2C19AD29983D7B3EB83D5A3E193E7A
:1034F000B83DB83DBC3EDC3EDC3E5B3EB83DB83D31
:10350000573DAD299EF7F7944F1A2F1A2F1A2F1AED
:103510002F1A2F1A2F1A2F1A2F1A2F1A2F1A4F1A43
:10352000F7949EF7FFFFFFFFDFFFFBDE59CEE020A1
:10353000E020E020E020E020E02079CEFBDEDFFF8D
:10354000FFFFFFFFFFFFFFFFDBDE0321422943E612
:1035500043E643E643E643E643E62329C218FBDE9F
:10356000FFFFFFFFDFFFBAD6A139A6F608FFDCFF99
:10357000DCFFDCFFDCFFDCFFDCFF08FFA3FE8139A2
:103580001BE7DFFFDBDE4329C6F6DDFFDCFFE4FEE1
:10359000E4FEE4FEE4FEE4FEE4FE9AFF01ED42EE0A
:1035A000E318DBDE58CE623108FFDCFFE4FEE4FE08
:1035B000DBFFDBFFDBFF42EDC3FEC4FE01ED62F685
:1035C000022158CE002164EEDBFFE4FEE3FEE4FEC0
:1035D000DCFFE3FEE3FE21EDC3FEE3FEE3FE21EDAF
:1035E00062EE0021002164EEDBFFE4FEE3FEE4FE78
:1035F000DCFFE3FEE3FE21EDC3FEE3FEE3FE21ED8F
:1036000063EE0021002164EEDBFFE4FEE3FEE4FE56
:10361000DCFFE3FEE3FE21EDC3FEE3FEE3FE21ED6E
:1036200063EE0021002164EEDBFFE4FEE3FEE4FE36
:10363000DCFFE3FEE3FE21EDC3FEE3FEE3FE21ED4E
:1036400063EE0021002164EEDBFFE4FEE3FEE4FE16
:10365000DCFFE3FEE3FE21EDC3FEE3FEE3FE21ED2E
:1036600063EE0021002164EEDBFFE4FEE3FEE4FEF6
:10367000DCFFE3FEE3FE21EDC3FEE3FEE3FE21ED0E
:1036800063EE00214008002108FFBBFFC3FEE4FEFB
:10369000BBFF21ED21ED21EDC3FEA3FE01ED62F69E
:1036A000222138C6BAD6E22082FE01ED01EDE3FE0A
:1036B000E3FEE3FEE3FEE3FEE3FE01EDE1EC82FE6A
:1036C0008210BAD6DFFF79D6C04162F662FE21EDE4
:1036D00021ED21ED21ED21ED21ED62FE82FEC141C2
:1036E000DBDEDFFFFFFFFFFF9AD60321222962EE18
:1036F00062EE62EE62EE62EE62EE2229A218BAD6A5
:10370000FFFFFFFFFFFFFFFFDFFFBAD618C620292C
:103710002029202920292029202938C69AD6DFFFF0
:10372000FFFFFFFFB8019600B8019600B8019600B0
:10373000000000004F330000CC320000AC3200002B
:10374000AC320000AC320000AC320000AC32000001
:10375000AC320000AC320000AC320000AC320000F1
:10376000AC3200000E3B0000ED2A00004A220000AF
:103770002E330000CC320000AC320000AC3200002E
:10378000AC320000AC320000AC320000AC320000C1
:10379000AC320000AC320000AC320000AC320000B1
:1037A0000D330000ED2A00004A220000ED32000037
:1037B000ED320000AC320000AC320000AC32000050
:1037C000AC320000AC320000AC320000AC32000081
:1037D000AC320000AC320000AC320000ED32000030
:1037E0004E3300006A2A0000ED2A0000ED3200008E
:1037F000AC320000AC320000AC320000AC32000051
:10380000AC320000AC320000AC320000AC32000040
:10381000AC320000AC320000CC3200004F3300006C
:103820002A2200000E3300000D330000AC320000ED
:10383000AC320000AC320000AC320000AC32000010
:10384000AC320000AC320000AC320000AC32000000
:10385000AC320000CC3200004E3300006B2A000076
:103860008C2A0000ED320000AC320000AC320000C7
:10387000AC320000AC320000AC320000AC320000D0
:10388000AC320000AC320000AC320000AC320000C0
:10389000EC3200002E3300002A220000E81900005C
:1038A0000D330000CC320000AC320000AC3200001E
:1038B000AC320000AC320000AC320000AC32000090
:1038C000AC320000AC320000AC320000CC32000060
:1038D0006F3B00006B220000AC2A00004F3B000051
:1038E000CC320000AC320000AC320000AC32000040
:1038F000AC320000AC320000AC320000AC32000050
:10390000AC320000AC320000CC3200002E3B000094
:10391000AC2A00004A2200002E330000CC32000006
:10392000AC320000AC320000AC320000AC3200001F
:10393000AC320000AC320000AC320000AC3200000F
:10394000AC320000CC3200004F3B0000AC2A00003B
:103950002A220000903B0000CC320000AC32000074
:10396000AC320000AC320000AC320000AC320000DF
:10397000AC320000AC320000AC320000AC320000CF
:10398000CC3200000E330000AC2200006A2A000096
:103990000E330000ED320000CC320000AC320000EB
:1039A000AC320000AC320000AC320000AC3200009F
:1039B000AC320000AC320000AC320000AC3200008F
:1039C000ED3200002E3300004A220000ED320000EC
:1039D0000E330000AC320000AC320000AC3200000C
:1039E000AC320000AC320000AC320000AC3200005F
:1039F000AC320000AC320000AC320000ED3200000E
:103A00004F3B00006B2200008B2A0000ED320000CB
:103A1000AC320000AC320000AC320000AC3200002E
:103A2000AC320000AC320000AC320000AC3200001E
:103A3000AC320000AC320000CC3200004F3B000042
:103A40004A220000AC2A00000D330000CC320000F6
:103A5000AC320000AC320000AC320000AC320000EE
:103A6000AC320000AC320000AC320000AC320000DE
:103A7000AC320000CC3200004F3B0000CC2A0000EA
:103A80004A2200002E330000CC320000AC3200008D
:103A9000AC320000AC320000AC320000AC320000AE
:103AA000AC320000AC320000AC320000AC3200009E
:103AB000AC320000ED3200000E2B0000CD2A0000D9
:103AC0002E3B0000CC320000AC320000AC320000D3
:103AD000AC320000AC320000AC320000AC3200006E
:103AE000AC320000AC320000CC320000EC320000FE
:103AF0006F3B0000954C0000777D0000F5640000EE
:103B0000F5640000F5640000F5640000F564000051
:103B1000F5640000F5640000F5640000F564000041
:103B2000F5640000735C00008C2A00006B2A000022
:103B3000123C000057750000F5640000F5640000B9
:103B4000F5640000F5640000F5640000F564000011
:103B5000F5640000F5640000F5640000166D0000D7
:103B6000166D0000CD2A00006B2A0000903B00007B
:103B7000777D0000166D0000F5640000F56400001C
:103B8000F5640000F5640000F5640000F5640000D1
:103B9000F5640000F5640000F5640000577500004E
:103BA000ED2A0000AB3200007033000057750000B2
:103BB000F5640000F5640000F5640000F5640000A1
:103BC000F5640000F5640000F5640000F564000091
:103BD000F5640000F5640000777D00000E330000FE
:103BE00009220000B13B000057750000F66C000090
:103BF000F5640000F5640000F5640000F564000061
:103C0000F5640000F5640000F5640000F564000050
:103C1000F5640000577D0000ED2A0000AC32000082
:103C2000ED2A000077750000F5640000F5640000DF
:103C3000F5640000F5640000F5640000F564000020
:103C4000F5640000F5640000F5640000F564000010
:103C5000577D0000ED3200002A220000A81100006C
:103C6000F664000057750000F5640000F56400007C
:103C7000F5640000F5640000F5640000F5640000E0
:103C8000F5640000F5640000F5640000166D0000A6
:103C90000E3300000A1A0000ED32000094540000B8
:103CA000166D0000F5640000F5640000F564000086
:103CB000F5640000F5640000F5640000F5640000A0
:103CC000F5640000F5640000777D0000325C0000C0
:103CD000CD2A00004A220000F6640000777D000033
:103CE000F5640000F5640000F5640000F564000070
:103CF000F5640000F5640000F5640000F564000060
:103D0000F5640000166D00004E3B00006B220000C1
:103D10004A220000B5540000166D0000F564000052
:103D2000F5640000F5640000F5640000F56400002F
:103D3000F5640000F5640000F5640000F56400001F
:103D400057750000535C0000CD2A0000AB32000024
:103D5000F23B0000777D0000F5640000F564000090
:103D6000F5640000F5640000F5640000F5640000EF
:103D7000F5640000F5640000F5640000F5640000DF
:103D8000577500000E3300008B2A0000B13B000085
:103D9000376D0000F5640000F5640000F564000074
:103DA000F5640000F5640000F5640000F5640000AF
:103DB000F5640000F5640000F5640000577D000024
:103DC0000E3300008C2A0000CD2A00003775000059
:103DD000166D0000F5640000F5640000F564000055
:103DE000F5640000F5640000F5640000F56400006F
:103DF000F5640000F5640000577500008F43000073
:103E00006B2200000D330000D55C00003775000008
:103E1000F5640000F5640000F5640000F56400003E
:103E2000F5640000F5640000F5640000F56400002E
:103E3000F564000057750000B04B0000CC2A00006C
:103E40008B2A0000F23B0000577D0000F564000063
:103E5000F5640000F5640000F5640000F5640000FE
:103E6000F5640000F5640000F5640000F5640000EE
:103E7000166D0000156D00000D3300004F3300007B
:103E8000366D0000F5640000F5640000F564000084
:103E9000F5640000F5640000F5640000F5640000BE
:103EA000F5640000F5640000F5640000777D000013
:103EB0006F3B00007B96000099650000795D000073
:103EC000795D0000795D0000995D0000995D00005A
:103ED000995D0000795D0000795D0000795D00006A
:103EE000795D0000FA7D0000F5740000AB3200003F
:103EF000FA8D000099650000795D0000795D000091
:103F0000795D0000995D0000995D0000995D0000F9
:103F1000995D0000795D0000795D0000995D000009
:103F2000D9750000367500008B2A0000F56C000082
:103F3000DA650000795D0000795D0000795D0000C0
:103F4000995D0000995D0000995D0000795D0000B9
:103F5000795D0000795D0000795D0000B9650000C1
:103F6000F98D0000CC320000F56C0000DA6D000025
:103F7000795D0000795D0000795D0000995D0000C9
:103F8000995D0000995D0000995D0000795D000079
:103F9000795D0000795D0000B96500005A96000067
:103FA0006B2A000036750000DA6D0000795D0000B4
:103FB000795D0000795D0000795D0000995D000089
:103FC000995D0000995D0000795D0000795D000059
:103FD000795D0000BA6500001A9600000D3B0000F4
:103FE000325C0000DA6D0000795D0000795D000050
:103FF000795D0000795D0000995D0000995D000029
:10400000995D0000795D0000795D0000795D000038
:10401000995D00001A8E00006A2A0000C81900008D
:10402000FA750000995D0000795D0000795D00007F
:10403000795D0000995D0000995D0000995D0000C8
:10404000795D0000795D0000795D0000795D000018
:104050005B9600000E3B0000D05300009C960000D1
:10406000995D0000795D0000795D0000795D0000D8
:10407000995D0000995D0000995D0000795D000088
:10408000795D0000795D0000BA6500001A860000C5
:10409000315C00006B2A00003B7E0000B965000027
:1040A000795D0000795D0000795D0000995D000098
:1040B000995D0000995D0000795D0000795D000068
:1040C000795D0000995D00005B960000F1530000EF
:1040D000ED3200009C9E0000995D0000795D0000BB
:1040E000795D0000795D0000995D0000995D000038
:1040F000995D0000795D0000795D0000795D000048
:10410000995D00001A860000315C0000AC320000AE
:10411000777D0000B9650000795D0000795D0000E1
:10412000795D0000995D0000995D0000995D0000D7
:10413000795D0000795D0000795D0000795D000027
:10414000B9650000198E0000CC320000577D0000D8
:10415000FA750000795D0000795D0000795D00006E
:10416000995D0000995D0000995D0000995D000077
:10417000795D0000795D0000795D0000B96500009F
:104180003A9600006F430000B04B0000BA6D00008B
:10419000795D0000795D0000795D0000795D0000C7
:1041A000995D0000995D0000995D0000795D000057
:1041B000795D0000795D0000995D00005B9600006C
:1041C000CC320000F15300001A7E0000995D00001F
:1041D000795D0000795D0000795D0000995D000067
:1041E000995D0000995D0000795D0000795D000037
:1041F000795D0000995D00003A8E0000B46C00000B
:10420000AC320000F98D0000B9650000795D000056
:10421000795D0000795D0000995D0000995D000006
:10422000995D0000795D0000795D0000795D000016
:10423000995D0000DA6D0000D98D000094640000E3
:104240001B7E0000795D0000795D0000795D000053
:10425000795D0000995D0000995D0000995D0000A6
:10426000795D0000795D0000795D000099650000CE
:104270005B9600003B8E0000384D00005434000077
:1042800034340000543C0000174D0000DFEF000004
:10429000DFEF0000B63C000054340000343400006E
:1042A000543C0000FA75000016750000CC32000086
:1042B000D9850000174D000054340000343400004C
:1042C00034340000D7440000DFEF0000DFEF0000CF
:1042D000D64400003434000034340000953C000023
:1042E000DA6D0000577500008B2A0000F56C0000A5
:1042F000795D0000543C0000343400003434000088
:10430000F7440000DFEF0000DFEF0000B6440000DC
:104310003434000034340000543C0000785D000068
:10432000FA8500006B2A0000166D0000795D000020
:10433000543C00003434000054340000D6440000E3
:10434000DFEF0000DFEF0000F7440000543400000E
:1043500034340000543C0000595500007C960000A5
:10436000AC2A00005675000099650000743C0000FE
:104370003434000034340000B6440000DFEF0000A5
:10438000DFEF0000184D000054340000343400000A
:1043900034340000795D00001A8E0000CC32000039
:1043A00053540000795D0000543C00003434000098
:1043B00034340000743C0000584D0000DFEF000072
:1043C000584D0000543400003434000034340000F0
:1043D000385500001A8E00004A2200006B220000AF
:1043E000B9650000D64400003434000034340000C5
:1043F000953C0000DFEF0000DFEF0000384D0000CB
:10440000543C000034340000343400009544000073
:104410007B9600002E3B0000125400003B860000FB
:10442000953C000034340000343400003434000083
:10443000584D0000DFEF0000584D0000953C000093
:104440003434000034340000384D00003B86000056
:10445000325C0000CC2A0000FA750000F74400002E
:104460003434000034340000953C0000584D000006
:10447000DFEF0000584D00003434000034340000F9
:1044800034340000B53C00005B860000325400006C
:104490004F3B00007C96000095440000343400003F
:1044A00034340000543C0000384D0000DFEF0000C1
:1044B000DFEF0000953C000034340000543400006D
:1044C000F74400001A7E0000735C0000AC2A000074
:1044D0005775000058550000543C0000343400006B
:1044E0005434000017450000DFEF0000DFEF00004C
:1044F000B63C000034340000343400005434000072
:10450000585500001A8E00000D3B00003775000062
:10451000B965000034340000343400003434000045
:10452000D6440000DFEF0000DFEF0000384D000050
:104530005434000034340000543400003855000076
:104540003B8E00006F43000012540000795D0000B4
:10455000953C00003434000034340000743C00000A
:10456000DFEF0000DFEF0000584D0000543C00007A
:104570003434000054340000F74C00007B960000F7
:10458000CC32000012540000B96D0000B6440000A7
:104590003434000034340000543C0000584D000016
:1045A000DFEF0000584D0000543C000034340000A0
:1045B00034340000D64400003B8E0000D46C000070
:1045C000CC320000D9850000174D000034340000C3
:1045D000343400005434000017450000DFEF0000C1
:1045E000DFEF0000953C000054340000343400003C
:1045F000753C000099650000F9850000735C0000BF
:10460000BA6D0000543C0000343400005434000003
:10461000B63C0000DFEF0000DFEF0000174D0000A8
:10462000543C00003434000054340000384D000085
:104630007B9600001A860000384D000054340000BC
:10464000543C0000743C0000184D0000DFEF0000F7
:10465000DFEF0000B63C000054340000543C000082
:10466000743C0000DA6D0000F5640000AC2A000024
:1046700098750000174D00003434000054340000D9
:10468000743C0000F7440000DFEF0000DFEF0000A3
:10469000D644000034340000543C0000B54400000F
:1046A000BA6D0000166D00006B220000D56400009A
:1046B0007955000054340000543C0000543C000084
:1046C000F74C0000DFEF0000DFEF0000B63C000019
:1046D00034340000543C0000743C0000795D00005C
:1046E000B97D00004B220000F5640000795D0000F8
:1046F00054340000543C0000543C0000F7440000D7
:10470000DFEF0000DFEF0000F7440000343400006A
:10471000543C0000743C0000795500003B8E0000C2
:104720008B2A000036750000995D000054340000AB
:1047300034340000743C0000D6440000DFEF000079
:10474000DFEF0000184D000034340000543C00003E
:10475000743C0000795D0000D97D0000AC2A0000A7
:10476000124C00007955000054340000343400002D
:10477000543C0000743C0000DFEF0000DFEF00005D
:10478000384D000034340000543C0000743C0000FC
:1047900058550000D97D00004A2200004A1A000046
:1047A00099650000B644000054340000543C0000F9
:1047B000B5440000DFEF0000DFEF0000384D0000DF
:1047C00054340000543C0000743C0000B644000027
:1047D0003B8600000E3B0000125400001A7E0000D1
:1047E000953C000034340000743C0000743C000030
:1047F000DFEF0000DFEF0000DFEF0000953C00007E
:1048000034340000743C0000184D00001A7E000093
:10481000F1530000AC2A0000DA6D0000F7440000FC
:1048200034340000543C000095440000DFEF0000E9
:10483000DFEF0000584D0000343400003434000035
:10484000543C0000B54400001A7E000012540000E1
:104850002E3B00005B8E0000953C000034340000CD
:10486000543C0000743C0000384D0000DFEF0000B5
:10487000DFEF0000953C000054340000543C000081
:10488000174D0000FA750000325C00008C2A000011
:10489000376D0000585500005434000054340000B7
:1048A000743C0000174D0000DFEF0000DFEF000058
:1048B000953C000034340000543C0000743C00007F
:1048C00058550000D98500000D330000166D00001A
:1048D000996500003434000034340000543C00007A
:1048E000F6440000DFEF0000DFEF0000384D00006D
:1048F00034340000543C0000743C00005855000063
:10490000FA7D00006F430000F14B00007955000074
:10491000753C000054340000543C0000753C00001D
:10492000DFEF0000DFEF0000584D000054340000BE
:10493000543C0000743C0000174D00005B8E0000EA
:10494000CC32000011540000B9650000B6440000EC
:1049500034340000543C0000753C0000584D000009
:10496000DFEF0000584D00005434000034340000E4
:10497000743C0000D64400001A860000B4640000B5
:10498000AC2A000098750000174500003434000080
:10499000543C0000743C0000384D0000DFEF000084
:1049A000DFEF0000953C000034340000543C000070
:1049B0009544000099650000B97D0000735C00001B
:1049C000B96500005434000054340000543C000029
:1049D000D6440000DFEF0000DFEF000017450000C5
:1049E00054340000543C0000743C00005855000052
:1049F0003B8600001A860000584D0000F73C00007E
:104A0000996500005B8E0000B9650000DFEF0000D3
:104A1000DFEF000017450000F73C0000FA750000CA
:104A20007C8E0000DA6D0000D5640000AC2A000026
:104A300098750000384D0000D73C0000384D00004C
:104A40005B8E0000DA6D0000DFEF0000DFEF00009A
:104A500018450000F73C0000DA7500001B7E0000DE
:104A6000DA6D0000166D00006B220000D5640000B6
:104A700079550000F73C0000385500005B8E0000BF
:104A8000DA6D0000DFEF0000DFEF000017450000E7
:104A9000D73C0000FA7D00005B8E0000BA65000084
:104AA000B97D00004B220000F5640000795D000034
:104AB000F73C0000585500005B8E0000DA6D0000E6
:104AC000DFEF0000DFEF000038450000D73C0000BA
:104AD000996500005B8E0000795500003B86000060
:104AE0008B2A0000366D0000995D0000F73C000045
:104AF000174D00005B8E0000FA750000795500002C
:104B0000DFEF0000384D0000D73C0000785D00006A
:104B10005B8E0000B9650000D97D0000AC2A000062
:104B2000124C0000795D0000D73C0000D73C00002B
:104B30001A8600005B8E000079550000DFEF000050
:104B4000584D0000D73C0000795D00005B8E0000EE
:104B5000B9650000D97D00004A2200004A1A000011
:104B60009965000018450000F74400001A7E000017
:104B70001B7E0000DFEF0000DFEF0000584D00005B
:104B8000D73C0000785D00005B8E00003B7E00009B
:104B90003B8600000E330000115400001A7E000016
:104BA00017450000F74400003B8600007C8E0000A3
:104BB00079550000DFEF0000DFEF0000F744000050
:104BC000174D00003B860000995D00001A7E000032
:104BD000F1530000AC2A0000DA6D000038450000F7
:104BE000D73C00001A7E00003B7E00007955000093
:104BF000DFEF0000DFEF0000D73C0000D73C0000F3
:104C00003B8600003B7E00001A7E0000114C000035
:104C10002E3B00005B8E000017450000D73C0000D3
:104C2000B96500005B8E0000995D0000DFEF0000B9
:104C3000DFEF0000F7440000174500001A7E000077
:104C4000DA6D0000FA750000325C00008C2A00006A
:104C5000376D000079550000F73C0000585D0000FA
:104C60005B8E0000B95D0000DFEF0000DFEF0000A9
:104C7000F7440000F7440000FA7D00005B8E00005E
:104C8000B9650000D9850000ED320000166D000006
:104C9000B9650000D73C0000174D00005B8E000096
:104CA000FA750000DFEF0000DFEF0000584D000054
:104CB000D73C0000585D00003B860000BA6500004C
:104CC000FA7D00006F430000F14B000079550000B1
:104CD000F7440000384D00003B8600005B8E00006A
:104CE00079550000DFEF0000DFEF0000F73C000027
:104CF000385500003B860000DA6D00003B8E000056
:104D0000CC32000011540000B965000017450000C6
:104D1000D73C0000B96D00005B8E000079550000A3
:104D2000DFEF0000584D0000F73C0000174D000079
:104D30003B860000FA7500001B860000B46400008A
:104D4000AC2A000098750000384D0000D73C0000E8
:104D5000B96500005B8E0000995D0000DFEF000088
:104D6000DFEF0000F7440000F7440000FA7D000088
:104D70003B860000B9650000B97D0000735C00004F
:104D8000B9650000F73C0000184D00003B860000AC
:104D90001A760000DFEF0000DFEF0000384D000062
:104DA000F73C0000785D00003B860000995D000044
:104DB0003B8600001A860000584D0000384D000068
:104DC000995D00001B760000BA650000DFEF00006F
:104DD000DFEF0000384D0000384D0000B9650000DD
:104DE0001B760000DA6D0000D5640000AC2A0000DC
:104DF0009875000059550000384D0000584D0000CE
:104E0000FB750000DA650000794D0000DFEF00005F
:104E1000584D0000384D0000995D0000FA6D00000B
:104E2000DA6D0000166D00006B220000D5640000F2
:104E300079550000384D000058550000FB75000002
:104E4000BA650000DFEF0000DFEF0000384D000022
:104E5000384D0000BA650000FB750000BA6500001F
:104E6000B97D00004B220000F5640000795D000070
:104E7000384D000059550000FA750000DA6D000049
:104E8000DFEF0000DFEF0000584D0000384D00005C
:104E900079550000FA750000795500003B86000046
:104EA0008B2A0000366D0000995D0000384D00002F
:104EB000584D00001B760000FA6D00007955000087
:104EC000DFEF0000584D0000384D0000795500001C
:104ED000FA750000995D0000D97D0000AC2A000041
:104EE000124C0000995D0000384D0000384D000064
:104EF000DA6D0000FB75000079550000DFEF00005F
:104F0000DFEF0000384D000079550000FB75000010
:104F1000995D0000D97D00004A2200004A1A000075
:104F200099650000384D0000384D0000DA6D000032
:104F3000FA750000DFEF0000DFEF0000584D0000C1
:104F4000384D000079550000FA6D0000FA6D000040
:104F50003B8600000E330000115400001A7E000052
:104F6000384D0000384D0000DA6500001B76000067
:104F700079550000DFEF0000DFEF0000384D000042
:104F8000584D0000BA650000995D00001A7E0000CF
:104F9000F1530000AC2A0000DA6D0000384D00002B
:104FA000384D0000DA6D0000FA75000079550000F8
:104FB000DFEF0000DFEF0000384D0000384D00004B
:104FC000DA6D0000DA6D00001A7E0000114C00005E
:104FD0002E3B00005B8E0000584D0000384D000055
:104FE000995D00001B760000995D0000DFEF000076
:104FF000DFEF0000384D0000584D0000BA6500009A
:10500000BA650000FA750000325C00008C2A0000CE
:10501000376D000079550000384D000079550000CB
:105020001B760000995D0000DFEF0000DFEF00005D
:10503000384D0000384D0000BA6500001B760000B6
:10504000995D0000D9850000ED320000166D00006A
:10505000B9650000384D0000584D0000FA75000099
:10506000BA650000DFEF0000DFEF0000DFEF0000B7
:10507000384D000079550000FA6D0000DA65000037
:10508000FA7D00006F430000F14B000079550000ED
:10509000384D0000584D0000FA7500001B760000E6
:1050A00079550000DFEF0000DFEF0000384D000011
:1050B00059550000FA750000BA6500003B8E0000EB
:1050C000CC32000011540000B96D0000384D0000D2
:1050D000384D0000995D00001B76000079550000F6
:1050E000DFEF0000DFEF0000384D0000584D0000FA
:1050F000DA6D0000DA6D00001B860000B464000069
:10510000AC2A000098750000584D0000384D000092
:10511000995D00001B760000995D0000DFEF000044
:10512000DFEF0000384D0000384D0000B965000089
:10513000FA750000B9650000B97D0000735C0000DD
:10514000B9650000384D0000584D0000FA6D0000B0
:10515000FA6D0000DFEF0000DFEF0000584D0000A7
:10516000384D000079550000FA6D0000995D00008F
:105170003B8600001A86000079550000DFEF000032
:10518000794D00007955000079550000DFEF0000EF
:10519000DFEF0000DFEF0000DFEF000079550000D7
:1051A00079550000DA6D0000D5640000AC2A0000DB
:1051B0009875000079550000DFEF0000DFEF000078
:1051C0007955000079550000DFEF0000DFEF0000A7
:1051D000DFEF0000DFEF0000794D0000795500009F
:1051E000DA6D0000166D00006B220000D56400002F
:1051F000795D0000DFEF0000DFEF0000795500006F
:1052000079550000DFEF0000DFEF0000DFEF000066
:10521000DFEF00007955000079550000995D00002E
:10522000B97D00004B220000F5640000995D00008C
:10523000DFEF0000DFEF0000795500007955000036
:10524000DFEF0000DFEF0000DFEF0000DFEF000026
:10525000DFEF000079550000795500003B86000023
:105260008B2A0000366D000099650000DFEF00001A
:10527000DFEF00007955000079550000DFEF0000F6
:10528000DFEF0000DFEF0000DFEF0000DFEF0000E6
:1052900079550000995D0000D97D0000AC2A00001E
:1052A000124C0000995D0000DFEF0000DFEF00000E
:1052B0007955000079550000DFEF0000DFEF0000B6
:1052C000DFEF0000DFEF0000DFEF000079550000A6
:1052D00079550000D97D00004A2200004A1A0000DA
:1052E00099650000DFEF0000DFEF00007955000056
:1052F00079550000DFEF0000DFEF0000DFEF000076
:10530000DFEF0000DFEF0000795500007955000065
:105310003B8600000E330000115400001A7E00008E
:10532000DFEF0000DFEF0000795500007955000045
:10533000DFEF0000DFEF0000DFEF0000DFEF000035
:10534000DFEF000079550000DFEF00001A7E00005B
:10535000F1530000AC2A0000DA6D0000DFEF00001E
:10536000DFEF00007955000079550000794D00000D
:10537000DFEF0000DFEF0000DFEF0000DFEF0000F5
:1053800079550000795500001A7E0000114C00008C
:105390002E3B00005B8E000079550000DFEF00001F
:1053A000794D00007955000079550000DFEF0000CD
:1053B000DFEF0000DFEF0000DFEF000079550000B5
:1053C00079550000FA750000325C00008C2A00005C
:1053D000376D000079550000DFEF0000DFEF0000BF
:1053E00079550000794D0000DFEF0000DFEF00008D
:1053F000DFEF0000DFEF0000795500007955000075
:1054000079550000D9850000ED320000166D0000CE
:10541000BA650000DFEF0000DFEF00007955000003
:1054200079550000DFEF0000DFEF0000DFEF000044
:10543000DFEF0000DFEF000079550000995D00000C
:10544000FA7D00006F430000F14B00007955000029
:10545000DFEF0000DFEF0000795500007955000014
:10546000DFEF0000DFEF0000DFEF0000DFEF000004
:10547000DFEF000079550000795500003B8E0000F9
:10548000CC32000011540000B96D0000DFEF0000C5
:10549000DFEF0000794D000079550000DFEF0000DC
:1054A000DFEF0000DFEF0000DFEF0000DFEF0000C4
:1054B00079550000795500001B860000B464000097
:1054C000AC2A0000B8750000DFEF0000DFEF00003D
:1054D000794D00007955000079550000DFEF00009C
:1054E000DFEF0000DFEF0000DFEF00007955000084
:1054F0007955000099650000B97D0000735C0000DB
:10550000B9650000DFEF0000DFEF00007955000013
:1055100079550000DFEF0000DFEF0000DFEF000053
:10552000DFEF0000DFEF0000795500007955000043
:105530003B8600001A86000079550000DFEF00006E
:10554000DFEF0000DFEF0000DFEF0000DFEF000023
:10555000DFEF0000DFEF0000DFEF0000DFEF000013
:1055600079550000DA6D0000D5640000AC2A000017
:105570009875000079550000DFEF0000DFEF0000B4
:10558000DFEF0000DFEF0000DFEF0000DFEF0000E3
:10559000DFEF0000DFEF0000DFEF0000DFEF0000D3
:1055A000BA650000166D00006B220000D564000093
:1055B000795D0000DFEF0000DFEF0000DFEF0000AB
:1055C000DFEF0000DFEF0000DFEF0000DFEF0000A3
:1055D000DFEF0000DFEF0000DFEF0000995D00006B
:1055E000B97D00004B220000F5640000995D0000C9
:1055F000DFEF0000DFEF0000DFEF0000DFEF000073
:10560000DFEF0000DFEF0000DFEF0000DFEF000062
:10561000DFEF0000DFEF0000795500003B8600005F
:105620008B2A0000366D000099650000DFEF000056
:10563000DFEF0000DFEF0000DFEF0000DFEF000032
:10564000DFEF0000DFEF0000DFEF0000DFEF000022
:10565000DFEF0000995D0000D97D0000AC2A00005A
:10566000124C0000995D0000DFEF0000DFEF00004A
:10567000DFEF0000DFEF0000DFEF0000DFEF0000F2
:10568000DFEF0000DFEF0000DFEF0000DFEF0000E2
:1056900079550000D97D00004A2200004A1A000016
:1056A00099650000794D0000DFEF0000DFEF00009A
:1056B000DFEF0000DFEF0000DFEF0000DFEF0000B2
:1056C000DFEF0000DFEF0000DFEF000079550000A2
:1056D0003B8600000E330000115400001A7E0000CB
:1056E000DFEF0000DFEF0000DFEF0000DFEF000082
:1056F000DFEF0000DFEF0000DFEF0000DFEF000072
:10570000DFEF0000DFEF0000DFEF0000FA7D0000B8
:10571000F1530000AC2A0000DA6D0000DFEF00005A
:10572000DFEF0000DFEF0000DFEF0000DFEF000041
:10573000DFEF0000DFEF0000DFEF0000DFEF000031
:10574000DFEF0000DFEF00001A7E0000114C0000C8
:105750002E3B00005B8E000079550000DFEF00005B
:10576000DFEF0000DFEF0000DFEF0000DFEF000001
:10577000DFEF0000DFEF0000DFEF0000DFEF0000F1
:1057800079550000FA750000325C00008C2A000098
:10579000376D000079550000DFEF0000DFEF0000FB
:1057A000DFEF0000DFEF0000DFEF0000DFEF0000C1
:1057B000DFEF0000DFEF0000DFEF0000DFEF0000B1
:1057C00079550000D9850000ED320000166D00000B
:1057D000BA650000DFEF0000DFEF0000DFEF000040
:1057E000DFEF0000DFEF0000DFEF0000DFEF000081
:1057F000DFEF0000DFEF0000DFEF00007955000071
:10580000FA7D00006F430000F14B00007955000065
:10581000DFEF0000DFEF0000DFEF0000DFEF000050
:10582000DFEF0000DFEF0000DFEF0000DFEF000040
:10583000DFEF0000DFEF0000795500003B8E000035
:10584000CC32000011540000B96D0000DFEF000001
:10585000DFEF0000DFEF0000DFEF0000DFEF000010
:10586000DFEF0000DFEF0000DFEF0000DFEF000000
:10587000DFEF0000795500001A7E0000B4640000DC
:10588000AC2A0000B8750000DFEF0000DFEF000079
:10589000DFEF0000DFEF0000DFEF0000DFEF0000D0
:1058A000DFEF0000DFEF0000DFEF0000DFEF0000C0
:1058B000DFEF0000995D0000B97D00005354000047
:1058C000B9650000794D0000DFEF0000DFEF000058
:1058D000DFEF0000DFEF0000DFEF0000DFEF000090
:1058E000DFEF0000DFEF0000DFEF00007955000080
:1058F0003B8600001A86000079550000DFEF0000AB
:10590000DFEF0000DFEF0000DFEF0000DFEF00005F
:10591000DFEF0000DFEF0000DFEF0000DFEF00004F
:1059200079550000DA6D0000D5640000AC2A000053
:105930009875000079550000DFEF0000DFEF0000F0
:10594000DFEF0000DFEF0000DFEF0000DFEF00001F
:10595000DFEF0000DFEF0000DFEF0000DFEF00000F
:10596000BA650000166D00006B220000D5640000CF
:10597000795D0000DFEF0000DFEF0000DFEF0000E7
:10598000DFEF0000DFEF0000DFEF0000DFEF0000DF
:10599000DFEF0000DFEF0000DFEF0000995D0000A7
:1059A000B97D00004B220000F5640000995D000005
:1059B000DFEF0000DFEF0000DFEF0000DFEF0000AF
:1059C000DFEF0000DFEF0000DFEF0000DFEF00009F
:1059D000DFEF0000DFEF0000795500003B8600009C
:1059E0008B2A0000366D000099650000DFEF000093
:1059F000DFEF0000DFEF0000DFEF0000DFEF00006F
:105A0000DFEF0000DFEF0000DFEF0000DFEF00005E
:105A1000DFEF0000995D0000D97D0000AC2A000096
:105A2000124C0000995D0000DFEF0000DFEF000086
:105A3000DFEF0000DFEF0000DFEF0000DFEF00002E
:105A4000DFEF0000DFEF0000DFEF0000DFEF00001E
:105A500079550000D97D00004A2200004A1A000052
:105A600099650000DFEF0000DFEF0000DFEF0000CE
:105A7000DFEF0000DFEF0000DFEF0000DFEF0000EE
:105A8000DFEF0000DFEF0000DFEF000079550000DE
:105A90003B8600000E330000115400001A7E000007
:105AA000DFEF0000DFEF0000DFEF0000DFEF0000BE
:105AB000DFEF0000DFEF0000DFEF0000DFEF0000AE
:105AC000DFEF0000DFEF0000DFEF0000FA7D0000F5
:105AD000F1530000AC2A0000DA6D0000DFEF000097
:105AE000DFEF0000DFEF0000DFEF0000DFEF00007E
:105AF000DFEF0000DFEF0000DFEF0000DFEF00006E
:105B0000DFEF0000DFEF00001A7E0000114C000004
:105B10002E3B00005B8E000079550000DFEF000097
:105B2000DFEF0000DFEF0000DFEF0000DFEF00003D
:105B3000DFEF0000DFEF0000DFEF0000DFEF00002D
:105B400079550000FA750000325C00008C2A0000D4
:105B5000376D000079550000DFEF0000DFEF000037
:105B6000DFEF0000DFEF0000DFEF0000DFEF0000FD
:105B7000DFEF0000DFEF0000DFEF0000DFEF0000ED
:105B800079550000D9850000ED320000166D000047
:105B9000BA650000DFEF0000DFEF0000DFEF00007C
:105BA000DFEF0000DFEF0000DFEF0000DFEF0000BD
:105BB000DFEF0000DFEF0000DFEF000079550000AD
:105BC000FA7D00006F430000F14B000079550000A2
:105BD000DFEF0000DFEF0000DFEF0000DFEF00008D
:105BE000DFEF0000DFEF0000DFEF0000DFEF00007D
:105BF000DFEF0000DFEF0000795500003B8E000072
:105C0000CC32000011540000B96D0000DFEF00003D
:105C1000DFEF0000DFEF0000DFEF0000DFEF00004C
:105C2000DFEF0000DFEF0000DFEF0000DFEF00003C
:105C3000DFEF0000795500001A7E0000B464000018
:105C4000AC2A0000B8750000DFEF0000DFEF0000B5
:105C5000DFEF0000DFEF0000DFEF0000DFEF00000C
:105C6000DFEF0000DFEF0000DFEF0000DFEF0000FC
:105C7000DFEF0000995D0000B97D00005354000083
:105C800099650000DFEF0000DFEF0000DFEF0000AC
:105C9000DFEF0000DFEF0000DFEF0000DFEF0000CC
:105CA000DFEF0000DFEF0000DFEF000079550000BC
:105CB0001B7E00001A860000584D0000F7440000CB
:105CC000F7440000F7440000384D0000DFEF00000B
:105CD000DFEF000017450000F7440000F744000024
:105CE000F7440000DA6D0000D5640000AC2A000023
:105CF00098750000584D0000F7440000F74400007C
:105D0000F7440000384D0000DFEF0000DFEF000037
:105D1000184D0000F7440000F7440000174500004C
:105D2000BA650000166D00006B220000D56400000B
:105D300079550000F7440000F7440000F7440000E4
:105D4000384D0000DFEF0000DFEF0000174D0000CE
:105D5000F7440000F7440000F7440000795D0000BC
:105D6000B97D00004B220000F5640000795D000061
:105D7000F7440000F7440000F7440000174D00000E
:105D8000DFEF0000DFEF0000184D0000F7440000D7
:105D9000F7440000F7440000595500003B8600001E
:105DA0008B2A0000366D0000995D0000F74400006A
:105DB000F7440000F744000017450000DFEF000043
:105DC000DFEF0000384D0000F7440000F74400000A
:105DD000F744000079550000D97D0000AC2A00008E
:105DE000124C0000795D0000F7440000F744000009
:105DF000F7440000F7440000DFEF0000DFEF000091
:105E0000584D0000F7440000F7440000F74400003C
:105E100058550000D97D00004A2200004A1A0000AF
:105E200099650000174D0000F7440000F74400009A
:105E300017450000DFEF0000DFEF0000384D0000E5
:105E4000F7440000F7440000F7440000174D00003D
:105E50003B8600000E330000115400001A7E000043
:105E6000174D0000F7440000F7440000F74400001D
:105E7000DFEF0000DFEF0000584D00001745000085
:105E8000F7440000F7440000584D0000FA7D000080
:105E9000F1530000AC2A0000DA6D0000184D00003C
:105EA000F7440000F744000017450000584D00007B
:105EB000DFEF0000DFEF0000F7440000F7440000D0
:105EC000F7440000174D00001A7E0000114C00003E
:105ED0002E3B00005B8E0000174D0000F7440000D1
:105EE000F7440000F7440000384D0000DFEF0000E9
:105EF000DFEF000017450000F7440000F744000002
:105F0000384D0000FA750000325C00008C2A000059
:105F1000376D000079550000F7440000F744000099
:105F2000F7440000384D0000DFEF0000DFEF000015
:105F3000174D0000F7440000F7440000F74400004C
:105F400079550000D9850000ED320000166D000083
:105F5000B9650000F7440000F7440000F744000072
:105F6000184D0000DFEF0000DFEF0000584D00008B
:105F7000F7440000F7440000F744000058550000C3
:105F8000FA7D00006F430000F14B000079550000DE
:105F900017450000F7440000F7440000F7440000F4
:105FA000DFEF0000DFEF0000584D0000F744000075
:105FB000F7440000F7440000384D00003B8E00001D
:105FC000CC32000011540000B9650000184D0000EB
:105FD000F7440000F7440000F7440000584D00006B
:105FE000DFEF0000584D0000F7440000F7440000C8
:105FF000F7440000174D00001A7E0000B464000052
:10600000AC2A000098750000384D0000F7440000ED
:10601000F7440000F7440000384D0000DFEF0000B7
:10602000DFEF000017450000F7440000F7440000D0
:10603000F7440000995D0000B97D00005354000052
:10604000995D0000F7440000F7440000F7440000A9
:1060500017450000DFEF0000DFEF0000384D0000C3
:10606000F7440000F7440000F7440000584D0000DA
:106070001B7E00001A860000384D000034340000FA
:1060800034340000543C0000174D0000DFEF0000E6
:10609000DFEF0000B63C0000343400003434000070
:1060A000543C0000DA6D0000D5640000AC2A00000A
:1060B00098750000174D000034340000343400009F
:1060C000543C0000F7440000DFEF0000DFEF000069
:1060D000D64400003434000034340000953C000005
:1060E000BA650000166D00006B220000D564000048
:1060F000795500005434000034340000543C000052
:10610000F7440000DFEF0000DFEF0000B63C0000C6
:106110003434000034340000543C0000785D00004A
:10612000B97D00004B220000F5640000795D00009D
:106130005434000034340000543C0000D6440000C5
:10614000DFEF0000DFEF0000F74400003434000010
:1061500034340000543C0000595500003B860000D8
:106160008B2A0000366D0000995D0000543C000051
:1061700034340000543C0000B6440000DFEF00005F
:10618000DFEF0000184D000034340000343400000C
:106190005434000058550000D97D0000AC2A00009E
:1061A000124C0000795500005434000034340000D3
:1061B00054340000543C0000DFEF0000DFEF00002B
:1061C000384D0000343400003434000054340000F2
:1061D00058550000D97D00004A2200004A1A0000EC
:1061E00099650000D64400003434000054340000A7
:1061F000953C0000DFEF0000DFEF0000384D0000AD
:10620000543400003434000054340000B54400001D
:106210003B8600000E330000115400001A7E00007F
:10622000953C000034340000543C0000543C000015
:10623000584D0000DFEF0000584D0000753C000095
:106240003434000054340000174D0000FA7D000083
:10625000F1530000AC2A0000DA6D0000D7440000C2
:106260003434000054340000953C0000584D0000C8
:10627000DFEF0000584D00003434000034340000DB
:1062800034340000953C00001A7E0000114C0000E0
:106290002E3B00005B8E000095440000343400006B
:1062A00034340000543C0000384D0000DFEF0000A3
:1062B000DFEF0000953C000034340000543400004F
:1062C000F7440000FA750000325C00008C2A0000E0
:1062D000376D00005855000054340000343400007D
:1062E000543C000017450000DFEF0000DFEF000026
:1062F000953C00003434000034340000543C00006D
:1063000058550000D9850000ED320000166D0000E0
:10631000996500003434000034340000543C00001F
:10632000D6440000DFEF0000DFEF0000384D000032
:106330003434000034340000543C00005855000050
:10634000FA7D00006F430000F14B0000795500001A
:10635000753C00003434000054340000743C0000EC
:10636000DFEF0000DFEF0000584D00005434000064
:1063700034340000543C0000F74C00003B8E000019
:10638000CC32000011540000B9650000B644000092
:106390003434000034340000543C0000584D0000F8
:1063A000DFEF0000584D000054340000343400008A
:1063B00054340000D64400001A7E0000B46400008B
:1063C000AC2A000098750000174500003434000026
:1063D00034340000543C0000184D0000DFEF000092
:1063E000DFEF0000953C000034340000343400003E
:1063F000753C0000995D0000B97D00005354000019
:10640000995D00005434000034340000543400001E
:10641000B6440000DFEF0000DFEF0000174500008A
:106420005434000034340000543C0000584D000047
:106430001B7E00001A860000384D0000953C0000CD
:10644000F64C0000575D000058550000DFEF0000DB
:10645000DFEF0000D6440000953C00001755000017
:10646000375D0000DA6D0000D5640000AC2A000042
:1064700098750000184D0000953C0000B6440000DF
:106480005765000058550000DFEF0000DFEF000007
:10649000F7440000953C0000F7540000385D000010
:1064A000BA6D0000166D00006B220000D56400007C
:1064B00079550000953C0000B6440000375D0000AF
:1064C00058550000DFEF0000DFEF0000D644000069
:1064D0007534000017550000375D0000995D00001D
:1064E000B97D00004B220000F5640000795D0000DA
:1064F000953C0000D6440000375D00005855000070
:10650000DFEF0000DFEF0000F7440000953C0000E3
:10651000D64C0000375D0000795500003B86000036
:106520008B2A0000366D0000995D0000963C00004B
:10653000953C000037650000585D0000DFEF00006B
:10654000DFEF0000384D0000953C0000D64400000D
:10655000375D0000795D0000D97D0000AC2A0000A5
:10656000124C000079550000953C0000753C00007D
:10657000375D0000585D0000DFEF0000DFEF000036
:10658000584D0000753C0000D64C0000375D0000FF
:10659000795D0000D97D00004A2200004A1A0000FF
:1065A00099650000F7440000953C0000375D00004D
:1065B000585D0000DFEF0000DFEF0000384D000005
:1065C000953C0000D6440000375D0000585D000097
:1065D0003B8600000E330000115400001A7E0000BC
:1065E000D63C0000953C0000375D00005765000078
:1065F000DFEF0000DFEF0000584D0000B63C000068
:10660000953C0000375D0000585500001A7E0000E0
:10661000F1530000AC2A0000DA6D0000F7440000DE
:10662000953C0000375D0000585D0000DFEF000082
:10663000DFEF0000584D000075340000753C00008D
:10664000175D0000585D00001A7E0000114C00002C
:106650002E3B00005B8E0000D6440000753C00001D
:10666000F64C00005765000058550000DFEF0000B1
:10667000DFEF0000B63C0000953C0000175D000015
:1066800058550000FA750000325C00008C2A0000AA
:10669000376D000058550000953C0000D6440000BE
:1066A0005765000058550000DFEF0000DFEF0000E5
:1066B000D63C0000953C000017550000375D0000F7
:1066C000795D0000D9850000ED320000166D0000F4
:1066D00099650000753C0000B63C0000375D000085
:1066E000585D0000DFEF0000DFEF0000384D0000D4
:1066F00075340000B6440000375D0000795D00008D
:10670000FA7D00006F430000F14B00007955000056
:10671000B63C0000B6440000375D0000585D000044
:10672000DFEF0000DFEF0000584D0000953C000057
:10673000B6440000375D0000585500003B8E000055
:10674000CC32000011540000B9650000D6440000AE
:10675000953C0000F7540000575D000059550000BB
:10676000DFEF0000584D0000953C0000953C000014
:10677000375D0000585D00001A860000B464000018
:10678000AC2A000098750000184D0000953C0000F0
:10679000F74C0000575D000058550000DFEF000087
:1067A000DFEF0000B63C0000953C000017550000EC
:1067B000375D000099650000B97D0000535400006A
:1067C000995D0000953C0000B6440000375D000074
:1067D000585D0000DFEF0000DFEF0000184500000B
:1067E000953C0000D6440000375D0000595500007C
:1067F0001B7E00001A860000584D0000F73C000088
:10680000B96D0000BD9E0000DA650000DFEF0000FA
:10681000DFEF000017450000F73C00001A7E000083
:10682000DD9E0000DA6D0000D5640000AC2A000097
:1068300098750000384D0000D73C00003855000026
:10684000BC9E00001B76000079550000DFEF0000C1
:1068500018450000F73C0000FA7500007C8E00002F
:10686000DA6D0000166D00006B220000D564000098
:1068700079550000F73C000038550000BC9E000030
:10688000FB750000DFEF0000DFEF0000184500009F
:10689000D73C00001A7E0000BD9E0000DA6D0000AB
:1068A000B97D00004B220000F5640000795D000016
:1068B000F73C0000585500009C9600001B7E00002D
:1068C000DFEF0000DFEF000038450000D73C00009C
:1068D00099650000BC9E0000795500003B860000D1
:1068E0008B2A0000366D0000995D0000F73C000027
:1068F000174D0000BC9E00005B860000795500002B
:10690000DFEF0000384D0000D73C0000795D00004B
:10691000BC9E0000BA650000D97D0000AC2A0000D2
:10692000124C0000795D0000D73C0000D73C00000D
:106930005B8E0000BD9E000079550000DFEF000077
:10694000584D0000D73C0000795D0000BD9E00005E
:10695000BA650000D97D00004A2200004A1A0000F2
:106960009965000018450000F74400003B860000D0
:106970007C8E0000DFEF0000DFEF0000584D0000CC
:10698000D73C0000785D00009C9600007C8E0000E3
:106990003B8600000E330000115400001A7E0000F8
:1069A00017450000F74400003B860000DDA600000C
:1069B00079550000DFEF0000DFEF0000F744000032
:1069C000174D00003B860000BA6500001A7E0000EB
:1069D000F1530000AC2A0000DA6D000018450000F9
:1069E000D73C00003B8600007C8E000079550000FB
:1069F000DFEF0000DFEF0000D73C0000D73C0000D5
:106A00007C9600007C8E00001A7E0000114C000075
:106A10002E3B00005B8E000017450000D73C0000B5
:106A2000B96D0000BD9E0000BA650000DFEF0000F8
:106A3000DFEF0000F7440000174D00003B86000028
:106A40001B760000FA750000325C00008C2A000002
:106A5000376D000079550000F73C0000785D0000BC
:106A6000BD9E0000DA650000DFEF0000DFEF0000F0
:106A7000F7440000F73C00001B7E0000BD9E0000B4
:106A8000BA650000D9850000ED320000166D0000E7
:106A9000B9650000D73C0000174D00009C9600002F
:106AA0003B7E0000DFEF0000DFEF0000584D0000EC
:106AB000D73C0000585D00009C960000FA6D000075
:106AC000FA7D00006F430000F14B00007955000093
:106AD000F7440000384D00007C8E0000BD9E000091
:106AE00079550000DFEF0000DFEF0000F73C000009
:106AF000385500009C960000FA7500003B8E00009F
:106B0000CC32000011540000B965000017450000A8
:106B1000D73C0000DA6D0000BD9E000079550000F2
:106B2000DFEF0000584D0000F73C0000174D00005B
:106B30007C9600003B8600001B860000B4640000C9
:106B4000AC2A000098750000384D0000D73C0000CA
:106B5000B9650000BC9E0000BA650000DFEF0000D0
:106B6000DFEF0000F7440000F74400001A7E000049
:106B70009C960000B9650000B97D000053540000E8
:106B8000995D0000F73C0000384D00007C8E00004D
:106B90005C860000DFEF0000DFEF0000384D0000F2
:106BA000D73C0000785D00009C960000995D0000D5
:106BB0001B7E000098750000795D0000795500008B
:106BC000BA6D00001B7E0000DA6D0000995D0000C8
:106BD000995D0000795D0000795D0000DA6D0000CC
:106BE0001B7E0000B96D0000945C00008B2A000041
:106BF000366D0000795D000079550000995D000058
:106C00001B7E0000DA6D0000995D0000995D0000B8
:106C1000795D0000795D0000DA6D00001B760000F0
:106C2000B96D0000D46400004A220000735C0000CB
:106C3000995D000079550000995D00001B7E000001
:106C4000DA6D0000995D0000995D0000795D00003B
:106C500079550000DA6D00001B7E0000B96D000060
:106C6000577500004A220000735C0000996500001F
:106C700079550000996500001B760000FA75000048
:106C8000995D0000995D0000795D00007955000074
:106C9000B96500001B7E000099650000B87D00000A
:106CA0006B220000B4640000786500007955000094
:106CB000995D00001B7E0000FA750000995D0000E0
:106CC000995D0000995D000079550000B9650000EC
:106CD0001B7E0000DA6D0000787D00008B2A00002A
:106CE000F14B0000996500007955000079550000CE
:106CF000FA7500001B7E0000995D0000995D0000A0
:106D0000995D000079550000B96500003B7E0000E8
:106D1000B9650000777500002A2200004A1A0000B9
:106D200078650000795D0000795D0000FA7500006B
:106D30001B760000995D0000995D0000995D0000E0
:106D400079550000B96500001B7E0000FA7500004F
:106D5000B87D0000ED320000B0430000B8750000BF
:106D6000795D0000795D0000FA7500003B7E00004F
:106D7000995D0000995D0000995D00007955000063
:106D8000995D0000FA750000BA650000B975000051
:106D9000D04B00006B220000786D0000795D000090
:106DA00079550000FA7500001B760000995D00001F
:106DB000995D0000995D000079550000795500004B
:106DC0001B760000FA750000B9750000B0430000A2
:106DD0000D330000987D0000795D000079550000BA
:106DE000BA6D00001B7E0000BA650000995D0000CE
:106DF000995D000079550000995D0000FA7500006A
:106E0000FA6D0000B9750000115400008B2A0000D3
:106E1000D5640000795D0000795500009965000097
:106E20003B7E0000DA650000995D0000995D00007E
:106E3000795D0000795D0000DA6D00003B7E0000A6
:106E4000B9650000777D0000CC320000B46400001A
:106E50009965000079550000995D00001B7E0000D7
:106E6000FA6D0000995D0000995D0000995D0000D9
:106E700079550000996500001B760000DA6D00006E
:106E8000987500002E3B0000B0430000795D0000C3
:106E900079550000995D0000FA7500003B7E000006
:106EA000995D0000995D0000995D00007955000032
:106EB000995D00001B7E0000DA6D0000B97D0000C6
:106EC000AC320000B04B0000786D0000795D00002E
:106ED00079550000DA6D00003B7E0000B9650000C6
:106EE000995D0000995D000079550000795D000012
:106EF0001A760000FA750000B97D0000535C0000AE
:106F00008B2A0000366D0000995D00007955000065
:106F1000BA6500001B7E0000DA6D0000995D00007C
:106F2000995D0000795D0000795D0000DA6D000078
:106F30001B7E000099650000366D0000F14B0000DB
:106F4000795D000058550000795D0000FA75000079
:106F5000FA6D000099550000995500007955000020
:106F600059550000995D0000FA750000995D000018
:106F7000997500006F4300001A7E00003B860000F8
:106F80003B8600003B8600003B8600003B860000FD
:106F90003B8600003B8600003B8600003B860000ED
:106FA0001A860000D5640000AC320000091A000007
:106FB000ED320000FA7D00003B8600003B860000B9
:106FC0003B8600003B8600003B8600003B860000BD
:106FD0003B8600003B8600003B8600003B860000AD
:106FE000577500000D3B0000091A0000AC3200008C
:106FF000B97D00003B8600003B8600003B86000018
:107000003B8600003B8600003B8600003B8600007C
:107010003B8600003B8600003B860000D97D0000D7
:10702000ED320000091A00006B2A0000787500009C
:107030001B8600003B8600003B8600003B8600006C
:107040003B8600003B8600003B8600003B8600003C
:107050003B8600003B8600001A7E0000ED3A0000EF
:107060002A220000AC320000576D00003B86000071
:107070003B8600003B8600003B8600003B8600000C
:107080003B8600003B8600003B8600003B860000FC
:107090003B8600001A8600000D3B00002A220000FB
:1070A0006B2A0000987500003B8600003B860000BC
:1070B0003B8600003B8600003B8600003B860000CC
:1070C0003B8600003B8600003B8600003B860000BC
:1070D000D97D0000CC320000091A0000E919000037
:1070E000D56400001A8600003B8600003B86000045
:1070F0003B8600003B8600003B8600003B8600008C
:107100003B8600003B8600003B8600001A7E0000A4
:10711000ED320000092200006B2A0000904B0000B5
:107120001B8600003B8600003B8600003B8600007B
:107130003B8600003B8600003B8600003B8600004B
:107140003B8600003B8600003B860000525C00004E
:107150000D3B0000091A0000535400003B8600005C
:107160003B8600003B8600003B8600003B8600001B
:107170003B8600003B8600003B8600003B8600000B
:107180003B8600001B8600006F4300004A2200007F
:107190002A2200004E4300001A7E00003B860000B9
:1071A0003B8600003B8600003B8600003B860000DB
:1071B0003B8600003B8600003B8600003B860000CB
:1071C0001A860000B46400004E4300004A2200000A
:1071D000CC320000D97D00003B8600003B860000D9
:1071E0003B8600003B8600003B8600003B8600009B
:1071F0003B8600003B8600003B8600003B8600008B
:10720000D97D00004E4300008B2A0000AC32000004
:10721000166D00003B8600003B8600003B860000A8
:107220003B8600003B8600003B8600003B8600005A
:107230003B8600003B8600003B860000D97D0000B5
:107240002E3B0000AC3200004A220000987500007E
:107250001B8600003B8600003B8600003B8600004A
:107260003B8600003B8600003B8600003B8600001A
:107270003B8600003B8600001A8600008F4B000012
:107280006B2200006B2A0000735C00003B8600004C
:107290003B8600003B8600003B8600003B860000EA
:1072A0003B8600003B8600003B8600003B860000DA
:1072B0003B8600001A860000B04B0000ED3A00004B
:1072C00029220000AC3200003B8600003B86000013
:1072D0003B8600003B8600003B8600003B860000AA
:1072E0003B8600003B8600003B8600003B8600009A
:1072F0003B86000077750000AC3200004B22000096
:10730000D55C00001A7E00001B7E00001B7E000082
:107310001B7E00001B7E00001B7E00001B7E000009
:107320001B7E00001B7E00001B7E0000FA7D00001B
:107330002E3B0000333C00008F3B0000ED3200008C
:10734000ED320000ED320000ED320000ED320000C1
:10735000ED320000ED320000ED320000ED320000B1
:10736000ED320000ED320000ED3200006F3B000016
:10737000F23B0000944C00007B9E00001A86000047
:107380001A8600001A8600001A8600001A8600007D
:10739000FA850000FA8500001A8600001A860000AF
:1073A0001A8600001A8600001A860000F98D000077
:1073B0004A2200005B960000FA750000B9650000E3
:1073C000B9650000B9650000B9650000B965000045
:1073D000B9650000B9650000B9650000B965000035
:1073E000B9650000B9650000B9650000DA750000F4
:1073F000198E00007C9E0000995D0000B6440000DC
:10740000B6440000B6440000D6440000584D0000C9
:107410007955000079550000384D0000D644000031
:10742000B6440000B6440000B6440000BA6500004F
:10743000DDA600003B860000795D000033340000CB
:10744000333400003334000054340000384D000061
:10745000DFEF0000DFEF00001745000054340000AC
:10746000333400003334000033340000995D0000F1
:107470005B8E00001A86000079550000133400006E
:10748000133400001334000054340000384D000061
:10749000DFEF0000DFEF000017450000543400006C
:1074A000133400001334000013340000995D000011
:1074B0003B8600001A86000079550000B63C0000AB
:1074C000D6440000B9750000B96D00007955000080
:1074D000DFEF0000DFEF0000384D0000B63C000099
:1074E000B63C0000996D0000B9750000995D000080
:1074F0003B8600001A86000079550000D73C00004A
:10750000174500005B8E0000BC9E000099550000EE
:10751000DFEF0000DFEF0000384D0000F73C000017
:10752000F73C00003B860000DDA60000995D0000EE
:107530003B8600001A860000795D0000F7440000D9
:10754000384D00001B7E00007C8E00009955000025
:10755000DFEF0000DFEF0000584D0000174500008E
:1075600017450000FA7500009C960000995D000028
:107570003B8600001A860000995D0000384D00002F
:10758000584D0000995D0000BA6500007955000073
:10759000DFEF0000DFEF0000DFEF0000584D0000DC
:1075A000584D0000995D0000BA650000995D00002B
:1075B0003B8600001A860000995D0000DFEF0000A6
:1075C000DFEF0000DFEF0000DFEF0000DFEF000083
:1075D000DFEF0000DFEF0000DFEF0000DFEF000073
:1075E000DFEF0000DFEF0000DFEF0000995D00003B
:1075F0003B8600001A860000995D0000DFEF000066
:10760000DFEF0000DFEF0000DFEF0000DFEF000042
:10761000DFEF0000DFEF0000DFEF0000DFEF000032
:10762000DFEF0000DFEF0000DFEF0000995D0000FA
:107630003B860000FA7D000099550000DFEF000056
:10764000DFEF0000DFEF0000DFEF0000DFEF000002
:10765000DFEF0000DFEF0000DFEF0000DFEF0000F2
:10766000DFEF0000DFEF0000DFEF0000995D0000BA
:107670003B860000FA7D000079550000DFEF000036
:10768000DFEF0000DFEF0000DFEF0000DFEF0000C2
:10769000DFEF0000DFEF0000DFEF0000DFEF0000B2
:1076A000DFEF0000DFEF0000DFEF0000995D00007A
:1076B0003B860000FA7D000079550000384D00003F
:1076C000384D0000384D0000384D0000DFEF00005D
:1076D000DFEF0000DFEF0000584D0000384D0000E4
:1076E000384D0000384D0000384D0000995D000015
:1076F0003B860000FA7D000079550000B63C000092
:10770000B63C0000B63C0000B6440000584D0000F6
:10771000DFEF0000DFEF0000384D0000B64400004E
:10772000B63C0000B63C0000B63C0000995D00008D
:107730003B860000FA7D00007955000013340000FC
:10774000133400001334000054340000384D00009E
:10775000DFEF0000DFEF00001745000054340000A9
:10776000133400001334000013340000995D00004E
:107770003B860000FA7D000079550000543400007B
:10778000743C0000B54C0000D64C0000584D000081
:10779000DFEF0000DFEF000017450000753C000040
:1077A000543400009544000095440000995D0000A9
:1077B0003B860000FA7D000079550000D63C0000B1
:1077C000F7440000FA7D0000FA7D000079550000C2
:1077D000DFEF0000DFEF0000384D0000D63C000076
:1077E000B63C0000B96D0000FA7D0000995D000014
:1077F0003B860000FA7D000079550000D73C000070
:10780000174500005B8E0000BD9E0000995D0000E2
:10781000DFEF0000DFEF0000384D0000F73C000014
:10782000F73C00003B860000DDA60000995D0000EB
:107830003B860000FA7D00007955000017450000E6
:10784000384D00001B7E00007C8E00009955000022
:10785000DFEF0000DFEF0000584D0000184500008A
:1078600017450000FA7500009C960000995D000025
:107870003B860000586D0000795D0000995D0000B6
:10788000995D0000995D0000995D0000995D000020
:10789000995D0000995D0000995D0000995D000010
:1078A000995D0000995D0000995D0000995D000000
:1078B00098750000AD220000376D0000DA750000F9
:1078C000DA750000DA750000DA750000DA7500007C
:1078D000DA750000DA750000DA750000DA7500006C
:1078E000DA750000DA750000DA750000376500000F
:1078F000EE2A00000E2B0000D1430000124C0000C5
:10790000124C0000124C0000124C0000124C0000FF
:10791000124C0000124C0000124C0000124C0000EF
:10792000124C0000124C0000124C0000D143000029
:10793000EE220000EE2200008D2200006C1A0000F2
:107940006C1A00006C1A00006C1A00006C1A00001F
:107950006C1A00006C1A00006C1A00006C1A00000F
:107960006C1A00006C1A00006C1A00008D220000D6
:10797000EE220000F333000070330000CD2200003F
:10798000CD220000CD220000CD220000CD2200003B
:10799000CD220000CD220000CD220000CD2200002B
:1079A000CD220000CD220000CD2200004F33000088
:1079B000D233000074540000795D00009A65000025
:1079C0009A6500009A6500009A6500009A650000BB
:1079D0009A6500009A6500009A6500009A650000AB
:1079E0009A6500009A6500009A65000079650000BC
:1079F000F65C0000FA7D000079550000384D00006B
:107A0000584D0000DA650000FA7500007955000055
:107A1000DFEF0000DFEF0000584D0000384D0000A0
:107A2000384D0000BA6500001B760000995D00002B
:107A30001B860000FA7D000079550000D73C00004D
:107A4000174500005B8E0000DD9E0000995D000080
:107A5000DFEF0000DFEF0000384D0000F73C0000D2
:107A6000F73C00003B860000FDA60000995D000089
:107A70003B860000FA7D000079550000D73C0000ED
:107A8000174500005B8E00005B8E000079550000FA
:107A9000DFEF0000DFEF0000384D0000F73C000092
:107AA000D73C00001A7E00007C960000995D000023
:107AB0003B860000FA7D000079550000753C00000F
:107AC000953C0000F654000017550000584D00008A
:107AD000DFEF0000DFEF000017450000753C0000FD
:107AE000753C0000B5440000D64C0000995D0000D4
:107AF0003B860000FA7D0000795500003334000019
:107B00003334000034340000743C0000384D000071
:107B1000DFEF0000DFEF00001745000054340000E5
:107B2000333400003334000033340000995D00002A
:107B30003B860000FA7D000079550000743C00008F
:107B4000543C0000743C0000753C0000384D0000BF
:107B5000DFEF0000DFEF000017450000753C00007C
:107B6000743C0000543C0000743C0000995D00002F
:107B70003B860000FA7D000079550000184D00009A
:107B8000184D0000184D0000384D0000DFEF0000D8
:107B9000DFEF0000DFEF0000584D0000384D00001F
:107BA000184D0000184D0000184D0000995D0000B0
:107BB0003B860000FA7D000079550000DFEF0000F1
:107BC000DFEF0000DFEF0000DFEF0000DFEF00007D
:107BD000DFEF0000DFEF0000DFEF0000DFEF00006D
:107BE000DFEF0000DFEF0000DFEF0000995D000035
:107BF0003B860000FA7D000079550000DFEF0000B1
:107C0000DFEF0000DFEF0000DFEF0000DFEF00003C
:107C1000DFEF0000DFEF0000DFEF0000DFEF00002C
:107C2000DFEF0000DFEF0000DFEF0000995D0000F4
:107C30003B860000FA7D000079550000DFEF000070
:107C4000DFEF0000DFEF0000DFEF0000DFEF0000FC
:107C5000DFEF0000DFEF0000DFEF0000DFEF0000EC
:107C6000DFEF0000DFEF0000DFEF0000995D0000B4
:107C70003B860000FA7D000079550000DFEF000030
:107C8000DFEF0000DFEF0000DFEF0000DFEF0000BC
:107C9000DFEF0000DFEF0000DFEF0000DFEF0000AC
:107CA000DFEF0000DFEF0000DFEF0000995D000074
:107CB0003B860000FA7D000079550000DFEF0000F0
:107CC000DFEF00007955000079550000794D000084
:107CD000DFEF0000DFEF0000DFEF0000DFEF00006C
:107CE000DFEF00007955000079550000995D000034
:107CF0003B860000FA7D0000795500001845000021
:107D0000384D0000FA7500005B86000079550000D0
:107D1000DFEF0000DFEF0000584D000018450000C5
:107D200018450000DA6D00005C860000995D0000D7
:107D30003B860000FA7D000079550000D73C00002A
:107D4000174500005B8E0000BD9E0000995D00009D
:107D5000DFEF0000DFEF0000384D0000F73C0000CF
:107D6000F73C00003B860000DDA60000995D0000A6
:107D70003B860000FA7D000079550000B63C00000B
:107D8000D6440000B9750000FA7D00007955000066
:107D9000DFEF0000DFEF0000384D0000B63C0000D0
:107DA000B63C0000B96D0000FA7D0000995D00004E
:107DB0003B860000FA7D0000795500005434000035
:107DC000543C0000B54C0000D64C0000584D00005B
:107DD000DFEF0000DFEF0000184D0000753C0000F1
:107DE00054340000B54C0000B54C0000995D000013
:107DF0003B860000FA7D0000795500001334000036
:107E0000133400001334000054340000384D0000D7
:107E1000DFEF0000DFEF00001745000054340000E2
:107E2000133400001334000013340000995D000087
:107E30003B8600003B86000079550000753C000041
:107E4000753C0000753C0000953C0000584D00005A
:107E5000DFEF0000DFEF0000184D0000953C000050
:107E6000753C0000753C0000753C0000995D000009
:107E70007C8E00003B860000BA650000585500006B
:107E8000585500005855000058550000795500001D
:107E9000995D0000795D000079550000585500009B
:107EA000585500005855000058550000BA650000AC
:107EB0001A8E0000F7540000FA750000996D00005A
:107EC000996D0000996D0000996D0000996D00009A
:107ED000996D0000996D0000996D0000996D00008A
:107EE000996D0000996D0000996D00009875000073
:107EF000B043000013340000B5540000134C0000E0
:107F0000134C0000134C0000334C0000134C0000D5
:107F1000134C0000134C0000134C0000134C0000E5
:107F2000134C0000134C0000134C0000535400008D
:107F30000E2B0000502B00008C1A00004B1A000082
:107F40004B1A00004B1A00006B1A00004B1A00007D
:107F50004B1A00004B1A00004B1A00006B1A00006D
:107F60004B1A00004B1A00004B1A00008D1A00003B
:107F7000502B00002F2B0000EE2A0000ED2A0000FD
:107F8000ED2A0000ED2A0000ED2A0000ED2A000095
:107F9000ED2A0000ED2A0000ED2A0000ED2A000085
:107FA000ED2A0000ED2A0000ED2A0000EE2A000074
:107FB0002F2B00008C2A0000787500003B86000003
:107FC0003B8600003B8600003B8600003B860000AD
:107FD0003B8600003B8600003B8600003B8600009D
:107FE0003B8600003B8600003B860000576D00008A
:107FF0006B22000095540000795D0000BA65000016
:10800000BA650000BA650000BA650000BA650000F4
:10801000BA650000BA650000BA650000BA650000E4
:10802000BA650000BA650000BA65000099650000F5
:10803000F6640000FA7D0000795500003845000024
:10804000584D0000DA6D00001B76000079550000E5
:10805000DFEF0000DFEF0000584D0000384D00005A
:10806000384D0000BA6500001B760000995D0000E5
:108070003B860000FA7D000079550000D73C0000E7
:10808000174500005B8E0000DDA60000995D000032
:10809000DFEF0000DFEF0000384D0000F73C00008C
:1080A000F73C00003B8600001EAF0000995D000019
:1080B0003B860000FA7D000079550000D73C0000A7
:1080C000174500005B8E00005B8E000079550000B4
:1080D000DFEF0000DFEF0000384D0000F73C00004C
:1080E000D73C00001A7E00005B8E0000995D000006
:1080F0003B860000FA7D000059550000753C0000E9
:10810000953C0000D64C0000F6540000584D00008D
:10811000DFEF0000DFEF000017450000753C0000B6
:108120005434000095440000B5440000995D0000FF
:108130003B860000FA7D00007955000033340000D2
:108140003334000033340000543C0000384D00004C
:10815000DFEF0000DFEF000017450000543400009F
:10816000133400003334000033340000995D000004
:108170003B860000FA7D000079550000743C000049
:10818000743C0000743C0000953C0000384D000039
:10819000DFEF0000DFEF000017450000953C000016
:1081A000743C0000743C0000743C0000995D0000C9
:1081B0003B860000FA7D000079550000384D000034
:1081C000384D0000384D0000384D0000DFEF000052
:1081D000DFEF0000DFEF0000584D0000384D0000D9
:1081E000384D0000384D0000384D0000995D00000A
:1081F0003B860000FA7D000079550000DFEF0000AB
:10820000DFEF0000DFEF0000DFEF0000DFEF000036
:10821000DFEF0000DFEF0000DFEF0000DFEF000026
:10822000DFEF0000DFEF0000DFEF0000995D0000EE
:108230003B860000FA7D000079550000DFEF00006A
:10824000DFEF0000DFEF0000DFEF0000DFEF0000F6
:10825000DFEF0000DFEF0000DFEF0000DFEF0000E6
:10826000DFEF0000DFEF0000DFEF0000995D0000AE
:108270003B860000FA7D000079550000DFEF00002A
:10828000DFEF0000DFEF0000DFEF0000DFEF0000B6
:10829000DFEF0000DFEF0000DFEF0000DFEF0000A6
:1082A000DFEF0000DFEF0000DFEF0000995D00006E
:1082B0003B860000FA7D000079550000DFEF0000EA
:1082C000DFEF0000DFEF0000DFEF0000DFEF000076
:1082D000DFEF0000DFEF0000DFEF0000DFEF000066
:1082E000DFEF0000DFEF0000DFEF0000995D00002E
:1082F0003B860000FA7D000079550000DFEF0000AA
:10830000DFEF00007955000079550000794D00003D
:10831000DFEF0000DFEF0000DFEF0000DFEF000025
:10832000DFEF00007955000079550000995D0000ED
:108330003B860000FA7D00007955000017450000DB
:10834000384D00001A7E00005C8600007955000060
:10835000DFEF0000DFEF0000584D0000184500007F
:1083600018450000FA7500007C8E0000995D000041
:108370003B860000FA7D000079550000D73C0000E4
:10838000174500005B8E0000BD9E0000995D000057
:10839000DFEF0000DFEF0000384D0000F73C000089
:1083A000F73C00003B860000DDA60000995D000060
:1083B0003B860000FA7D000079550000963C0000E5
:1083C000D6440000B9750000D97500007955000049
:1083D000DFEF0000DFEF0000384D0000B63C00008A
:1083E000B63C0000996D0000DA7D0000995D000048
:1083F0003B860000FA7D00007955000054340000EF
:108400005434000095440000B64C0000584D000064
:10841000DFEF0000DFEF000018450000753C0000B2
:108420005434000095440000B54C0000995D0000F4
:108430003B860000FA7D00007955000013340000EF
:10844000133400001334000054340000384D000091
:10845000DFEF0000DFEF000017450000543400009C
:10846000133400001334000013340000995D000041
:108470003B8600003B86000079550000953C0000DB
:10848000953C0000953C0000B53C0000584D0000B4
:10849000DFEF0000DFEF0000184D0000B53C0000EA
:1084A000953C0000953C0000953C0000995D000063
:1084B0009C8E00001B860000DA65000079550000E4
:1084C000795500007955000079550000995D00004C
:1084D000995D0000995D0000795D0000795500000C
:1084E000795500007955000079550000BA65000003
:1084F000D9850000F6540000DA75000079650000A7
:1085000079650000796500007965000079650000F3
:1085100079650000796500007965000079650000E3
:10852000796500007965000079650000786D0000CC
:10853000B0430000F333000074540000F243000025
:10854000F2430000F2430000F2430000F243000057
:10855000F2430000F2430000F2430000F243000047
:10856000F2430000F2430000F2430000334C0000ED
:108570000E2B0000502B00008C1A00004B1A00003C
:108580004B1A00004B1A00004B1A00004B1A000057
:108590004B1A00004B1A00004B1A00004B1A000047
:1085A0004B1A00004B1A00004B1A00008D1A0000F5
:1085B000502B00000F2B00000E3300002E33000064
:1085C0002E3300002E3300002E3300002E33000027
:1085D0002E3300002E3300002E3300002E33000017
:1085E0002E3300002E3300002E3300002F33000006
:1085F0002F2B0000AC2A0000787500001B860000BD
:108600001B8600003B8600001B8600003B860000A6
:108610003B8600003B8600003B8600001B86000076
:108620003B8600001B8600001B860000576D000083
:108630008C2A000095540000795D00009A5D0000CE
:10864000BA650000BA650000BA650000BA650000AE
:10865000BA650000BA650000BA6500009A5D0000C6
:108660009A5D0000BA650000BA65000099650000D7
:1086700017650000FA7D00007955000038450000BC
:10868000384D0000DA6D00001B76000079550000BF
:10869000DFEF0000DFEF0000584D0000384500001C
:1086A000384D0000DA6500003B7E0000995D000057
:1086B0003B860000FA7D000079550000D73C0000A1
:1086C000174500005B8E0000DD9E0000995D0000F4
:1086D000DFEF0000DFEF0000384D0000F73C000046
:1086E000D73C00003B860000FDA60000995D00001D
:1086F0003B860000FA7D000079550000D63C000062
:10870000F7440000D9750000DA75000079550000C3
:10871000DFEF0000DFEF000018450000B63C00006E
:10872000B63C000078650000996D0000995D00007E
:108730003B860000FA7D00007955000013340000EC
:108740001334000033340000543C0000384D000066
:10875000DFEF0000DFEF0000174500005434000099
:10876000133400003334000033340000995D0000FE
:108770003B860000FA7D00007955000013340000AC
:10878000133400001334000054340000384D00004E
:10879000DFEF0000DFEF0000174500005434000059
:1087A000133400001334000013340000995D0000FE
:1087B0003B860000FA7D000079550000F744000078
:1087C000F7440000F744000017450000584D000032
:1087D000DFEF0000DFEF0000384D0000174500001C
:1087E000F7440000F7440000F7440000995D0000E2
:1087F0003B860000FA7D000079550000584D0000CE
:10880000584D0000584D0000DFEF0000DFEF000082
:10881000DFEF0000DFEF0000DFEF0000DFEF000020
:10882000584D0000584D0000584D0000795D000083
:108830005A9E0000FA7D000079550000DFEF00002D
:10884000DFEF0000DFEF0000DFEF0000DFEF0000F0
:10885000DFEF0000DFEF0000DFEF0000DFEF0000E0
:10886000DFEF0000DFEF0000DFEF00001755000032
:10887000F9850000FA7D000079550000DFEF000067
:10888000DFEF0000DFEF0000DFEF0000DFEF0000B0
:10889000DFEF0000DFEF0000DFEF0000DFEF0000A0
:1088A000DFEF0000DFEF0000DFEF00007865000081
:1088B0005AA60000FA7D000079550000DFEF0000A5
:1088C000DFEF0000DFEF0000DFEF0000DFEF000070
:1088D000DFEF0000DFEF0000DFEF0000DFEF000060
:1088E000DFEF0000DFEF0000DFEF0000995D000028
:1088F0003B8E0000FA7D000079550000DFEF00009C
:10890000DFEF0000DFEF0000DFEF0000DFEF00002F
:10891000DFEF0000DFEF0000DFEF0000DFEF00001F
:10892000DFEF0000DFEF0000DFEF0000995D0000E7
:108930003B860000FA7D00007955000038450000B4
:10894000384D0000DA6D00001B76000079550000FC
:10895000DFEF0000DFEF0000584D00003845000059
:10896000384D0000BA6500001B760000995D0000DC
:108970003B860000FA7D000079550000F73C0000BE
:10898000184D00005B860000BD9600009955000060
:10899000DFEF0000DFEF0000384D0000F74400007B
:1089A000F74400001B7E0000DD9E0000995D000082
:1089B0003B860000FA7D000079550000D73C00009E
:1089C000174500005B8E00007C8E0000795500008A
:1089D000DFEF0000DFEF0000384D0000F73C000043
:1089E000D73C00001B7E00009C960000995D0000B3
:1089F0003B860000FA7D00007955000075340000C8
:108A0000753C0000F654000017550000584D00005A
:108A1000DFEF0000DFEF0000184D0000953C000084
:108A200075340000F654000016550000995D0000F2
:108A30003B860000FA7D00007955000013340000E9
:108A4000133400001334000054340000384D00008B
:108A5000DFEF0000DFEF0000174500005434000096
:108A6000133400001334000013340000795D00005B
:108A70003B8600001B7E0000795500005434000046
:108A80005434000054340000753C0000384D0000A0
:108A9000DFEF0000DFEF000017450000753C00002D
:108AA000543400005434000054340000995D000038
:108AB0007C8E00005C860000995D0000F744000099
:108AC000F7440000F7440000F7440000DFEF000027
:108AD000794D0000794D0000384D0000F74400004A
:108AE000F7440000F7440000F74400009A5D0000DE
:108AF0007C8E0000996D00001B760000BA6D0000AE
:108B0000BA650000BA650000BA650000BA650000E9
:108B1000BA650000BA650000BA650000BA650000D9
:108B2000BA650000BA650000BA6D0000D975000092
:108B300094640000343C0000576D0000D5640000D0
:108B4000D5640000D5640000D5640000D564000041
:108B5000D5640000D5640000D5640000D564000031
:108B6000D5640000D5640000D5640000F564000001
:108B7000CD2A0000912B00000E2B00008D2200005A
:108B80008D2200008D2200008D2200008D22000029
:108B90008D2200008D2200008D2200008D22000019
:108BA0008D2200008D2200008D220000EE2A0000A0
:108BB000702B0000EE220000EE2A0000EE2A0000DA
:108BC000EE2A0000EE2A0000EE2A0000EE2A000045
:108BD000EE2A0000EE2A0000EE2A0000EE2A000035
:108BE000EE2A0000EE2A0000EE2A0000EE2A000025
:108BF000CE220000EE2A000074540000D55C000074
:108C0000D55C0000D55C0000D55C0000D55C0000A0
:108C1000D55C0000D55C0000D55C0000D55C000090
:108C2000D55C0000D55C0000D55C000073540000EA
:108C3000EE2A0000703B0000786D0000FA7500001D
:108C4000FA750000FA750000FA750000FA75000068
:108C5000FA750000FA750000FA750000FA75000058
:108C6000FA750000FA750000FA750000786D0000D2
:108C7000B1430000FA7D000079550000584D000016
:108C8000DFEF0000995D0000BA5D0000795500003B
:108C9000DFEF0000DFEF0000DFEF0000584D0000C5
:108CA000584D0000995D0000BA650000995D000014
:108CB0003B860000FA7D000079550000F73C00007B
:108CC000184D00005B8E0000BD9E0000995D000005
:108CD000DFEF0000DFEF0000384D0000F744000038
:108CE000F74400003B860000DDA60000995D00000F
:108CF0003B860000FA7D000079550000D73C00005B
:108D0000174500005B8E00009C96000099550000FE
:108D1000DFEF0000DFEF0000384D0000F73C0000FF
:108D2000D73C00001A7E00009C9E0000995D000068
:108D30003B860000FA7D000079550000B63C00003B
:108D4000D7440000996D0000996D0000795500002E
:108D5000DFEF0000DFEF000018450000B63C000028
:108D6000B63C0000585D000078650000995D000089
:108D70003B860000FA7D00007955000013340000A6
:108D8000133400001334000054340000384D000048
:108D9000DFEF0000DFEF0000174500005434000053
:108DA000133400001334000013340000995D0000F8
:108DB0003B860000FA7D0000795500001334000066
:108DC000133400001334000054340000384D000008
:108DD000DFEF0000DFEF0000174500005434000013
:108DE000133400001334000013340000995D0000B8
:108DF0003B860000FA7D0000795500001745000011
:108E00001745000017450000174D0000584D0000A1
:108E1000DFEF0000DFEF0000384D0000174D0000CD
:108E2000174500001745000017450000995D000038
:108E30003B860000FA7D000079550000DFEF00005E
:108E4000DFEF0000DFEF0000DFEF0000DFEF0000EA
:108E5000DFEF0000DFEF0000DFEF0000DFEF0000DA
:108E6000DFEF0000DFEF0000DFEF0000995D0000A2
:108E70003B860000FA7D000079550000DFEF00001E
:108E8000DFEF0000DFEF0000DFEF0000DFEF0000AA
:108E9000DFEF0000DFEF0000DFEF0000DFEF00009A
:108EA000DFEF0000DFEF0000DFEF0000995D000062
:108EB0003B860000FA7D000079550000DFEF0000DE
:108EC000DFEF0000DFEF0000DFEF0000DFEF00006A
:108ED000DFEF0000DFEF0000DFEF0000DFEF00005A
:108EE000DFEF0000DFEF0000DFEF0000995D000022
:108EF0003B860000FA7D000079550000DFEF00009E
:108F0000DFEF0000DFEF0000DFEF0000DFEF000029
:108F1000DFEF0000DFEF0000DFEF0000DFEF000019
:108F2000DFEF0000DFEF0000DFEF0000995D0000E1
:108F30003B860000FA7D000079550000DFEF00005D
:108F4000DFEF0000DFEF0000DFEF0000DFEF0000E9
:108F5000DFEF0000DFEF0000DFEF0000DFEF0000D9
:108F6000DFEF0000DFEF0000DFEF0000995D0000A1
:108F70003B860000FA7D000079550000384500006E
:108F8000384D0000DA6D00001B76000079550000B6
:108F9000DFEF0000DFEF0000584D00003845000013
:108FA00038450000BA6500001B7E0000995D000096
:108FB0003B860000FA7D000079550000F73C000078
:108FC000184D00005B8E0000BD9E0000995D000002
:108FD000DFEF0000DFEF0000384D0000F744000035
:108FE000F74400001B7E0000DDA60000995D000034
:108FF0003B860000FA7D000079550000D73C000058
:10900000174500003B8E00005B8E00007955000084
:10901000DFEF0000DFEF0000384D0000F73C0000FC
:10902000D73C00001A7E00007C960000995D00008D
:109030003B860000FA7D00007955000054340000A2
:10904000753C0000D6540000F6540000584D000056
:10905000DFEF0000DFEF000018450000753C000066
:1090600054340000D64C0000D6540000995D000036
:109070003B860000FA7D00007955000013340000A3
:10908000133400001334000054340000384D000045
:10909000DFEF0000DFEF0000174500005434000050
:1090A000133400001334000013340000795D000015
:1090B0003B8600001B7E000079550000543C0000F8
:1090C000543C0000543C0000753C0000384D00004A
:1090D000DFEF0000DFEF000017450000753C0000E7
:1090E000543C0000543C0000543C0000995D0000DA
:1090F0007C8E00005C860000995D0000F744000053
:10910000F7440000F7440000174D0000DFEF0000B7
:10911000794D0000794D0000584D0000174D0000BA
:10912000F7440000F7440000F74400009A5D000097
:109130007C8E0000786500001B7E0000DA6D000068
:10914000DA6D0000DA6D0000DA6D0000DA6D000003
:10915000DA6D0000DA6D0000DA6D0000DA6D0000F3
:10916000DA6D0000DA6D0000DA6D0000D9750000DC
:10917000535C0000343C000016650000B45C000045
:10918000B45C0000945C0000945C0000945C0000FF
:10919000B45C0000B45C0000945C0000945C0000CF
:1091A000945C0000B45C0000B45C0000B564000096
:1091B000ED2A0000712B00000E2B00008C22000015
:1091C0008C2200008C2200008C2200008C220000E7
:1091D0008C2200008C2200008C2200008C220000D7
:1091E0008C2200008C2200008C220000EE2A00005D
:1091F000702B0000EE2200000E2B00000E3300004A
:109200000E3300000E3300000E3300000E3300005A
:109210000E3300000E3300000E3300000E3300004A
:109220000E3300000E3300000E3300000E2B000042
:10923000EE220000ED2A000074540000F5640000E6
:10924000D5640000D5640000F5640000F5640000FA
:10925000F5640000F5640000F5640000F5640000AA
:10926000D5640000D5640000F5640000745400006B
:10927000EE2A0000903B000078650000FA750000BF
:10928000FA750000FA750000FA750000FA75000022
:10929000FA750000FA750000FA750000FA75000012
:1092A000FA750000FA750000FA7500007865000094
:1092B000D1430000FA7D000079550000584D0000B0
:1092C000584D0000995D0000BA6500007955000016
:1092D000DFEF0000DFEF0000DFEF0000584D00007F
:1092E000584D0000995D0000DA650000995D0000AE
:1092F0003B860000FA7D000079550000F73C000035
:10930000184D00005B8E0000BD9E0000995D0000BE
:10931000DFEF0000DFEF0000384D0000F73C0000F9
:10932000F74400003B860000DDA60000995D0000C8
:109330003B860000FA7D000079550000D73C000014
:10934000174500003B8E00007C9600007955000018
:10935000DFEF0000DFEF0000384D0000D73C0000D9
:10936000D73C00001A7E00009C960000995D00002A
:109370003B860000FA7D000079550000B63C0000F5
:10938000D6440000786D0000786500005955000053
:10939000DFEF0000DFEF000018450000B63C0000E2
:1093A000963C0000375D000058650000995D0000A4
:1093B0003B860000FA7D0000795500001334000060
:1093C000133400001334000054340000384D000002
:1093D000DFEF0000DFEF000017450000543400000D
:1093E000133400001334000013340000995D0000B2
:1093F0003B860000FA7D0000795500003334000000
:109400003334000033340000543C0000384D000079
:10941000DFEF0000DFEF00001745000054340000CC
:10942000333400003334000034340000995D000010
:109430003B860000FA7D000079550000184D0000C1
:10944000184D0000184D0000184D0000DFEF00001F
:10945000DFEF0000DFEF0000384D0000184D000086
:10946000184D0000184D0000184D0000995D0000D7
:109470003B860000FA7D000079550000DFEF000018
:10948000DFEF0000DFEF0000DFEF0000DFEF0000A4
:10949000DFEF0000DFEF0000DFEF0000DFEF000094
:1094A000DFEF0000DFEF0000DFEF0000995D00005C
:1094B0003B860000FA7D000079550000DFEF0000D8
:1094C000DFEF0000DFEF0000DFEF0000DFEF000064
:1094D000DFEF0000DFEF0000DFEF0000DFEF000054
:1094E000DFEF0000DFEF0000DFEF0000995D00001C
:1094F0003B860000FA7D000079550000DFEF000098
:10950000DFEF0000DFEF0000DFEF0000DFEF000023
:10951000DFEF0000DFEF0000DFEF0000DFEF000013
:10952000DFEF0000DFEF0000DFEF0000995D0000DB
:109530003B860000FA7D000079550000DFEF000057
:10954000DFEF0000DFEF0000DFEF0000DFEF0000E3
:10955000DFEF0000DFEF0000DFEF0000DFEF0000D3
:10956000DFEF0000DFEF0000DFEF0000995D00009B
:109570003B860000FA7D000079550000DFEF000017
:10958000DFEF0000DFEF0000DFEF0000DFEF0000A3
:10959000DFEF0000DFEF0000DFEF0000DFEF000093
:1095A000DFEF0000DFEF0000DFEF0000995D00005B
:1095B0003B860000FA7D0000795500001845000048
:1095C000384D0000FA6D00003B7E00007955000028
:1095D000DFEF0000DFEF0000584D000038450000CD
:1095E00038450000DA6D00003B7E0000995D000008
:1095F0003B860000FA7D000079550000F73C000032
:10960000184D00005B8E0000BD9E0000995D0000BB
:10961000DFEF0000DFEF0000384D0000F73C0000F6
:10962000F74400003B7E0000FDA60000995D0000AD
:109630003B860000FA7D000079550000D73C000011
:10964000174500003B8E00005B8E0000795500003E
:10965000DFEF0000DFEF0000384D0000F73C0000B6
:10966000D73C00001A7E00007C960000995D000047
:109670003B860000FA7D000079550000543400005C
:10968000543C0000B54C0000D64C0000584D000082
:10969000DFEF0000DFEF000018450000753C000020
:1096A00054340000B54C0000B64C0000995D000039
:1096B0003B860000FA7D000079550000133400005D
:1096C000133400001334000054340000384D0000FF
:1096D000DFEF0000DFEF000017450000543400000A
:1096E000133400001334000013340000995D0000AF
:1096F0003B8600003B7E000079550000543C000092
:10970000543C0000543C0000753C0000384D000003
:10971000DFEF0000DFEF000017450000753C0000A0
:10972000543C0000543C0000543C0000995D000093
:109730007C8E00005C860000995D0000174D0000E3
:10974000174D0000174D0000184D0000DFEF00001E
:109750007955000079550000DFEF0000184D00003A
:10976000174D0000174D0000174D00009A5D0000D6
:109770007C8E0000586500001B7E0000DA6D000042
:10978000DA6D0000DA6D0000DA6D0000DA6D0000BD
:10979000DA6D0000DA6D0000DA6D0000DA6D0000AD
:1097A000DA6D0000DA6D0000DA6D0000D975000096
:1097B00012540000343C0000F55C000074540000BA
:1097C0007454000074540000745400007454000079
:1097D0007454000074540000745400007454000069
:1097E000745400007454000074540000945C000031
:1097F0000E2B0000702B0000EE2A00008C220000CF
:109800008C2200008C2200008C2200008C220000A0
:109810008C2200008C2200008C2200008C22000090
:109820008C2200008C2200008C220000EE2200001E
:10983000502B0000EE2200002F3300002F330000D9
:109840002F3300002F3300002F3300002F33000090
:109850002F3300002F3300002F3300002F33000080
:109860002F3300002F3300002F3300002F33000070
:10987000EE220000ED2A0000945C0000F664000077
:10988000F6640000F6640000F6640000F664000070
:10989000F6640000F6640000F6640000F664000060
:1098A000F6640000F6640000F664000094540000C2
:1098B000EE2A0000D143000079650000DA6D000057
:1098C000DA6D0000DA6D0000DA6D0000DA6D00007C
:1098D000DA6D0000DA6D0000DA6D0000DA6D00006C
:1098E000DA6D0000DA6D0000DA6D000078650000C6
:1098F000124C0000FA7D000079550000384D000040
:10990000584D0000BA650000DA6D0000795500007E
:10991000DFEF0000DFEF0000DFEF0000384D000058
:10992000384D0000995D0000DA6D0000995D00007F
:109930003B860000FA7D000079550000F73C0000EE
:10994000184D00005B8E0000BD9E0000995D000078
:10995000DFEF0000DFEF0000384D0000F73C0000B3
:10996000F74400003B860000DDA60000995D000082
:109970003B860000FA7D000079550000D73C0000CE
:10998000174500003B8600007C8E000079550000E2
:10999000DFEF0000DFEF0000384D0000D73C000093
:1099A000D73C0000FA7D00007C960000995D000025
:1099B0003B860000FA7D000079550000963C0000CF
:1099C000D644000078650000786500005955000015
:1099D000DFEF0000DFEF000018450000B63C00009C
:1099E000953C000037550000375D0000995D000090
:1099F0003B860000FA7D000079550000133400001A
:109A0000133400001334000054340000384D0000BB
:109A1000DFEF0000DFEF00001745000054340000C6
:109A2000133400001334000013340000995D00006B
:109A30003B860000FA7D00007955000034340000B8
:109A40003434000034340000743C0000384D000011
:109A5000DFEF0000DFEF000017450000743C00005E
:109A6000343400003434000034340000995D0000C8
:109A70003B860000FA7D000079550000184D00007B
:109A8000184D0000184D0000184D0000DFEF0000D9
:109A9000DFEF0000DFEF0000384D0000184D000040
:109AA000184D0000184D0000184D0000995D000091
:109AB0003B860000FA7D000079550000DFEF0000D2
:109AC000DFEF0000DFEF0000DFEF0000DFEF00005E
:109AD000DFEF0000DFEF0000DFEF0000DFEF00004E
:109AE000DFEF0000DFEF0000DFEF0000995D000016
:109AF0003B860000FA7D000079550000DFEF000092
:109B0000DFEF0000DFEF0000DFEF0000DFEF00001D
:109B1000DFEF0000DFEF0000DFEF0000DFEF00000D
:109B2000DFEF0000DFEF0000DFEF0000995D0000D5
:109B30003B860000FA7D000079550000DFEF000051
:109B4000DFEF0000DFEF0000DFEF0000DFEF0000DD
:109B5000DFEF0000DFEF0000DFEF0000DFEF0000CD
:109B6000DFEF0000DFEF0000DFEF0000995D000095
:109B70003B860000FA7D000079550000DFEF000011
:109B8000DFEF0000DFEF0000DFEF0000DFEF00009D
:109B9000DFEF0000DFEF0000DFEF0000DFEF00008D
:109BA000DFEF0000DFEF0000DFEF0000995D000055
:109BB0003B860000FA7D000079550000DFEF0000D1
:109BC000DFEF0000DFEF0000DFEF0000DFEF00005D
:109BD000DFEF0000DFEF0000DFEF0000DFEF00004D
:109BE000DFEF0000DFEF0000DFEF0000995D000015
:109BF0003B860000FA7D0000795500001845000002
:109C0000384D0000FA7500003B7E000079550000D9
:109C1000DFEF0000DFEF0000584D000018450000A6
:109C200018450000DA6D00005B860000995D0000B9
:109C30003B860000FA7D000079550000F73C0000EB
:109C4000174D00005B8E0000DD9E0000995D000056
:109C5000DFEF0000DFEF0000384D0000F73C0000B0
:109C6000F73C00003B860000FDA60000995D000067
:109C70003B860000FA7D000079550000D73C0000CB
:109C8000174500003B8600005B8600007955000008
:109C9000DFEF0000DFEF0000384D0000F73C000070
:109CA000D73C00001A7E00007B8E0000995D00000A
:109CB0003B860000FA7D0000795500005434000016
:109CC0005434000095440000B64C0000584D00008C
:109CD000DFEF0000DFEF000018450000753C0000DA
:109CE000543400009544000095440000995D000044
:109CF0003B860000FA7D0000795500001334000017
:109D0000133400001334000054340000384D0000B8
:109D1000DFEF0000DFEF00001745000054340000C3
:109D2000133400001334000013340000995D000068
:109D30003B8600003B7E000079550000743C00002B
:109D4000743C0000743C0000953C0000384D00005D
:109D5000DFEF0000DFEF000017450000953C00003A
:109D6000743C0000743C0000743C0000995D0000ED
:109D70007C8E00005C8E00009A5D0000184D000093
:109D8000184D0000184D0000184D0000DFEF0000D6
:109D90007955000079550000DFEF0000184D0000F4
:109DA000184D0000184D0000184D00009A5D00008D
:109DB0007C8E0000375D00003B7E0000DA750000FD
:109DC000DA750000DA750000DA750000DA75000057
:109DD000DA750000DA750000DA750000DA75000047
:109DE000DA750000DA750000DA750000D97D000030
:109DF000D14B0000343C0000B55C0000334C000047
:109E0000334C0000334C0000334C0000334C000056
:109E1000334C0000334C0000334C0000334C000046
:109E2000334C0000334C0000334C000073540000EE
:109E30000E2B0000502B0000EE2200008C220000B0
:109E40008C2200008C2200008C2200008C2200005A
:109E50008C2200008C2200008C2200008C2200004A
:109E60008C2200008C2200008C220000CE220000F8
:109E7000502B0000EE2200002F3300004F33000073
:109E80004F3300004F3300004F3300004F330000CA
:109E90004F3300004F3300004F3300004F330000BA
:109EA0004F3300004F3300004F3300002F330000CA
:109EB000EE220000CD2A0000B55C0000166500000F
:109EC00016650000166500001665000016650000A6
:109ED0001665000016650000166500001665000096
:109EE000166500001665000016650000B55C0000F0
:109EF000EE2A0000124C000079650000DA6D0000C7
:109F0000DA6D0000DA6D0000DA6D0000DA6D000035
:109F1000DA6D0000DA6D0000DA6D0000DA6D000025
:109F2000DA6D0000DA6D0000DA6D0000796500007E
:109F300053540000FA7D000079550000384D0000B0
:109F4000584D0000BA650000FA6D00007955000018
:109F5000DFEF0000DFEF0000DFEF0000384D000012
:109F6000384D0000BA650000FA750000995D0000E8
:109F70003B860000FA7D000079550000F73C0000A8
:109F8000184D00005B8E0000BD9E0000995D000032
:109F9000DFEF0000DFEF0000384D0000F73C00006D
:109FA000F74400003B860000DDA60000995D00003C
:109FB0003B860000FA7D000079550000D73C000088
:109FC000174500003B8600005B8E000079550000BD
:109FD000DFEF0000DFEF0000384D0000D73C00004D
:109FE000D73C0000FA7D00007B8E0000995D0000E8
:109FF0003B860000FA7D000079550000953C00008A
:10A00000B644000058650000585D00005955000036
:10A01000DFEF0000DFEF000018450000963C000075
:10A02000953C000017550000375D0000995D000069
:10A030003B860000FA7D00007955000013340000D3
:10A04000133400001334000054340000384D000075
:10A05000DFEF0000DFEF0000174500005434000080
:10A06000133400001334000013340000995D000025
:10A070003B860000FA7D0000795500005434000052
:10A080005434000054340000753C0000384D00008A
:10A09000DFEF0000DFEF0000184D0000753C00000E
:10A0A000543400005434000054340000995D000022
:10A0B0003B860000FA7D000079550000184D000035
:10A0C000184D0000184D0000184D0000DFEF000093
:10A0D000DFEF0000DFEF0000384D0000184D0000FA
:10A0E000184D0000184D0000184D0000995D00004B
:10A0F0003B860000FA7D000079550000DFEF00008C
:10A10000DFEF0000DFEF0000DFEF0000DFEF000017
:10A11000DFEF0000DFEF0000DFEF0000DFEF000007
:10A12000DFEF0000DFEF0000DFEF0000995D0000CF
:10A130003B860000FA7D000079550000DFEF00004B
:10A14000DFEF0000DFEF0000DFEF0000DFEF0000D7
:10A15000DFEF0000DFEF0000DFEF0000DFEF0000C7
:10A16000DFEF0000DFEF0000DFEF0000995D00008F
:10A170003B860000FA7D000079550000DFEF00000B
:10A18000DFEF0000DFEF0000DFEF0000DFEF000097
:10A19000DFEF0000DFEF0000DFEF0000DFEF000087
:10A1A000DFEF0000DFEF0000DFEF0000995D00004F
:10A1B0003B860000FA7D000079550000DFEF0000CB
:10A1C000DFEF0000DFEF0000DFEF0000DFEF000057
:10A1D000DFEF0000DFEF0000DFEF0000DFEF000047
:10A1E000DFEF0000DFEF0000DFEF0000995D00000F
:10A1F0003B860000FA7D000079550000DFEF00008B
:10A20000DFEF0000DFEF0000DFEF0000DFEF000016
:10A21000DFEF0000DFEF0000DFEF0000DFEF000006
:10A22000DFEF0000DFEF0000DFEF0000995D0000CE
:10A230003B860000FA7D00007955000018450000BB
:10A24000384D0000FA7500003B860000795500008B
:10A25000DFEF0000DFEF0000584D00001845000060
:10A2600018450000DA6D00005C860000995D000072
:10A270003B860000FA7D000079550000D73C0000C5
:10A28000174500005B8E0000DD9E0000995D000018
:10A29000DFEF0000DFEF0000384D0000F73C00006A
:10A2A000F73C00003B860000FDA60000995D000021
:10A2B0003B860000FA7D000079550000D73C000085
:10A2C000174500003B8600003B86000079550000E2
:10A2D000DFEF0000DFEF0000384D0000F73C00002A
:10A2E000D73C00001A7E00005B8E0000995D0000E4
:10A2F0003B860000FA7D00007955000034340000F0
:10A30000543400007444000095440000584D00008F
:10A31000DFEF0000DFEF000018450000743400009C
:10A3200034340000743C000075440000995D000066
:10A330003B860000FA7D00007955000013340000D0
:10A34000133400001334000054340000384D000072
:10A35000DFEF0000DFEF000017450000543400007D
:10A36000133400001334000013340000995D000022
:10A370003B8600003B86000079550000753C0000DC
:10A38000753C0000753C0000953C0000584D0000F5
:10A39000DFEF0000DFEF000017450000953C0000F4
:10A3A000753C0000753C0000753C0000995D0000A4
:10A3B0007D8E00005C8E0000BA5D0000384D00000C
:10A3C000384D0000384D0000384D0000DFEF000030
:10A3D0007955000079550000DFEF0000384D00008E
:10A3E000384D0000384D0000384D00009A5D0000E7
:10A3F0007C8E0000175D00003B860000FA750000AF
:10A40000FA750000FA750000FA750000FA75000090
:10A41000FA750000FA750000FA750000FA75000080
:10A42000FA750000FA750000FA750000D97D000089
:10A43000904300001334000094540000F2430000E5
:10A44000F2430000F24B0000F24B0000F24B000020
:10A45000F24B0000F24B0000F24B0000F24B000008
:10A46000F24B0000F2430000F243000033540000BE
:10A470002F2B0000502B0000CE2200008C22000069
:10A480008C2200008C2200008C2200008C22000014
:10A490008C2200008C2200008C2200008C22000004
:10A4A0008C2200008C2200008C220000CD220000B3
:10A4B0002F2B0000EE2200004F330000703B000005
:10A4C000703B0000703B0000703B0000703B0000E0
:10A4D000703B0000703B0000703B0000703B0000D0
:10A4E000703B0000703B0000703B00004F330000E9
:10A4F000EE220000CD2A0000D55C0000376D000080
:10A50000376D0000376D0000376D0000376D0000BB
:10A51000376D0000376D0000376D0000376D0000AB
:10A52000376D0000376D0000376D0000B55C00002E
:10A53000EE2A0000334C000079650000DA6D00005F
:10A54000DA6D0000DA6D0000DA6D0000DA6D0000EF
:10A55000DA6D0000DA6D0000DA6D0000DA6D0000DF
:10A56000DA6D0000DA6D0000DA6D00007965000038
:10A5700074540000FA7D000079550000384D000049
:10A58000584D0000DA6D0000FB75000079550000A1
:10A59000DFEF0000DFEF0000584D0000384D0000F5
:10A5A000384D0000BA6500001B760000995D000080
:10A5B0003B860000FA7D000079550000F73C000062
:10A5C000184D00005B8E0000BD9E0000995D0000EC
:10A5D000DFEF0000DFEF0000384D0000F73C000027
:10A5E000F74400003B860000DDA60000995D0000F6
:10A5F0003B860000FA7D000079550000D73C000042
:10A60000174500003B8600005B8E00007955000076
:10A61000DFEF0000DFEF0000384D0000D73C000006
:10A62000D73C0000FA7500005B8E0000995D0000C9
:10A630003B860000FA7D000079550000953C000043
:10A64000B63C0000375D0000375D00005855000043
:10A65000DFEF0000DFEF000018450000953C000030
:10A66000753C0000F654000017550000995D00008D
:10A670003B860000FA7D000079550000133400008D
:10A68000133400001334000054340000384D00002F
:10A69000DFEF0000DFEF000017450000543400003A
:10A6A000133400001334000013340000995D0000DF
:10A6B0003B860000FA7D000079550000543C000004
:10A6C000543C0000543C0000753C0000384D000034
:10A6D000DFEF0000DFEF0000184D0000753C0000C8
:10A6E000543C0000543C0000543C0000995D0000C4
:10A6F0003B860000FA7D000079550000384D0000CF
:10A70000184D0000184D0000384D0000DFEF00002C
:10A71000DFEF0000DFEF0000384D0000384D000093
:10A72000184D0000184D0000384D0000995D0000E4
:10A730003B860000FA7D000079550000DFEF000045
:10A74000DFEF0000DFEF0000DFEF0000DFEF0000D1
:10A75000DFEF0000DFEF0000DFEF0000DFEF0000C1
:10A76000DFEF0000DFEF0000DFEF0000995D000089
:10A770003B860000FA7D000079550000DFEF000005
:10A78000DFEF0000DFEF0000DFEF0000DFEF000091
:10A79000DFEF0000DFEF0000DFEF0000DFEF000081
:10A7A000DFEF0000DFEF0000DFEF0000995D000049
:10A7B0003B860000FA7D000079550000DFEF0000C5
:10A7C000DFEF0000DFEF0000DFEF0000DFEF000051
:10A7D000DFEF0000DFEF0000DFEF0000DFEF000041
:10A7E000DFEF0000DFEF0000DFEF0000995D000009
:10A7F0003B860000FA7D000079550000DFEF000085
:10A80000DFEF0000DFEF0000DFEF0000DFEF000010
:10A81000DFEF0000DFEF0000DFEF0000DFEF000000
:10A82000DFEF0000DFEF0000DFEF0000995D0000C8
:10A830003B860000FA7D000079550000DFEF000044
:10A84000DFEF00007955000079550000DFEF0000D0
:10A85000DFEF0000DFEF0000DFEF0000DFEF0000C0
:10A86000DFEF0000794D000079550000995D000090
:10A870003B860000FA7D0000795500001745000076
:10A88000384D0000FA7500005B8600007955000025
:10A89000DFEF0000DFEF0000584D0000184500001A
:10A8A00018450000DA6D00007C860000995D00000C
:10A8B0003B860000FA7D000079550000D73C00007F
:10A8C000174500005B8E0000DDA60000995D0000CA
:10A8D000DFEF0000DFEF0000384D0000F73C000024
:10A8E000F73C00003B8600001EAF0000995D0000B1
:10A8F0003B860000FA7D000079550000D73C00003F
:10A90000174500003B8600003B860000795500009B
:10A91000DFEF0000DFEF0000384D0000D73C000003
:10A92000D73C00001A7E00005B8E0000995D00009D
:10A930003B860000FA7D00007955000034340000A9
:10A9400034340000543C0000753C0000384D0000D9
:10A95000DFEF0000DFEF0000174500005434000077
:10A9600034340000543C0000543C0000995D000069
:10A970003B860000FA7D000079550000133400008A
:10A98000133400001334000054340000384D00002C
:10A99000DFEF0000DFEF0000174500005434000037
:10A9A000133400001334000013340000995D0000DC
:10A9B0003B8600003B86000079550000753C000096
:10A9C000753C0000753C0000953C0000584D0000AF
:10A9D000DFEF0000DFEF0000184D0000953C0000A5
:10A9E000753C0000753C0000753C00009A5D00005D
:10A9F0009D8E00005C8E0000BA650000384D00009E
:10AA0000384D0000384D0000384D00005955000009
:10AA10007955000079550000DFEF0000384D000047
:10AA2000384D0000384D0000384D00009A5D0000A0
:10AA30007C8E0000F65400003B860000FA7D00008A
:10AA4000FA7D0000FA7D0000FA7D0000FA7D00002A
:10AA5000FA7D0000FA7D0000FA7D0000FA7D00001A
:10AA6000FA7D0000FA7D0000FA7D0000F97D00000B
:10AA70004E43000013340000534C0000D14300004B
:10AA8000B1430000B1430000D1430000D1430000B6
:10AA9000D1430000D1430000D1430000D143000066
:10AAA000B1430000B1430000D1430000124C00004C
:10AAB0004F2B0000302B0000CD2200008C22000024
:10AAC0008C1A00008C1A00008C1A00008C1A0000EE
:10AAD0008C1A00008C1A00008C1A00008C1A0000DE
:10AAE0008C1A00008C1A00008C220000CD2200007D
:10AAF0002F230000EE220000703B0000903B00007E
:10AB0000903B0000903B0000903B0000903B000019
:10AB1000903B0000903B0000903B0000903B000009
:10AB2000903B0000903B0000903B0000703B000019
:10AB3000EE220000CD220000D55C0000576D000021
:10AB4000576D0000576D0000576D0000576D0000F5
:10AB5000576D0000576D0000576D0000576D0000E5
:10AB6000576D0000576D0000576D0000D55C000068
:10AB7000EE2A00007454000079650000BA650000F8
:10AB8000BA650000BA650000BA650000BA65000049
:10AB9000BA650000BA650000BA650000BA65000039
:10ABA000BA650000BA650000BA650000796500006A
:10ABB000B55C0000FA7D00007955000038450000C2
:10ABC000384D0000DA6D00001B760000795500005A
:10ABD000DFEF0000DFEF0000584D000038450000B7
:10ABE000384D0000DA6D00003B7E0000995D0000EA
:10ABF0003B860000FA7D000079550000D73C00003C
:10AC0000174D00005B8E0000BD9E0000995D0000A6
:10AC1000DFEF0000DFEF0000384D0000F73C0000E0
:10AC2000F73C00003B860000DDA60000995D0000B7
:10AC30003B860000FA7D000079550000D73C0000FB
:10AC4000174500001A8600003B8600007955000079
:10AC5000DFEF0000DFEF0000384D0000D73C0000C0
:10AC6000D63C0000DA7500003B860000995D0000CC
:10AC70003B860000FA7D000079550000953C0000FD
:10AC8000953C0000175D0000375D0000584D000046
:10AC9000DFEF0000DFEF000018450000953C0000EA
:10ACA000753C0000F64C0000F6540000995D000071
:10ACB0003B860000FA7D0000795500001334000047
:10ACC000133400001334000054340000384D0000E9
:10ACD000DFEF0000DFEF00001745000054340000F4
:10ACE000133400001334000013340000995D000099
:10ACF0003B860000FA7D000079550000753C00009D
:10AD0000753C0000753C0000953C0000584D00006B
:10AD1000DFEF0000DFEF0000184D0000953C000061
:10AD2000753C0000753C0000753C0000995D00001A
:10AD30003B860000FA7D000079550000384D000088
:10AD4000384D0000384D0000384D0000DFEF0000A6
:10AD5000DFEF0000DFEF0000584D0000384D00002D
:10AD6000384D0000384D0000384D0000995D00005E
:10AD70003B860000FA7D000079550000DFEF0000FF
:10AD8000DFEF0000DFEF0000DFEF0000DFEF00008B
:10AD9000DFEF0000DFEF0000DFEF0000DFEF00007B
:10ADA000DFEF0000DFEF0000DFEF0000995D000043
:10ADB0003B860000FA7D000079550000DFEF0000BF
:10ADC000DFEF0000DFEF0000DFEF0000DFEF00004B
:10ADD000DFEF0000DFEF0000DFEF0000DFEF00003B
:10ADE000DFEF0000DFEF0000DFEF0000995D000003
:10ADF0003B860000FA7D000079550000DFEF00007F
:10AE0000DFEF0000DFEF0000DFEF0000DFEF00000A
:10AE1000DFEF0000DFEF0000DFEF0000DFEF0000FA
:10AE2000DFEF0000DFEF0000DFEF0000995D0000C2
:10AE30003B860000FA7D000079550000DFEF00003E
:10AE4000DFEF0000DFEF0000DFEF0000DFEF0000CA
:10AE5000DFEF0000DFEF0000DFEF0000DFEF0000BA
:10AE6000DFEF0000DFEF0000DFEF0000995D000082
:10AE70003B860000FA7D000079550000DFEF0000FE
:10AE8000DFEF00007955000079550000794D000092
:10AE9000DFEF0000DFEF0000DFEF0000DFEF00007A
:10AEA000DFEF00007955000079550000995D000042
:10AEB0003B860000FA7D0000795500001745000030
:10AEC000384D00001A7E00005C86000079550000B5
:10AED000DFEF0000DFEF0000584D000018450000D4
:10AEE00018450000FA6D00007C8E0000995D00009E
:10AEF0003B860000FA7D000079550000D73C000039
:10AF0000174500007B8E0000DDA60000995D000063
:10AF1000DFEF0000DFEF0000384D0000F73C0000DD
:10AF2000F73C00003B8600001EAF0000995D00006A
:10AF30003B860000FA7D000079550000D73C0000F8
:10AF4000174500003B8600001B7E0000795500007D
:10AF5000DFEF0000DFEF0000384D0000D73C0000BD
:10AF6000D73C00001A7E00003B860000995D00007F
:10AF70003B860000FA7D0000795500003334000064
:10AF80003334000034340000743C0000384D0000BD
:10AF9000DFEF0000DFEF0000174500005434000031
:10AFA0003334000034340000343C0000995D00006C
:10AFB0003B860000FB75000059550000133400006B
:10AFC000133400001334000054340000384D0000E6
:10AFD000DFEF0000DFEF00001745000054340000F1
:10AFE000133400001334000013340000995D000096
:10AFF0003C7E00007C960000995D00001745000033
:10B000001745000017450000174D0000DFEF000056
:10B01000DFEF0000DFEF0000384D0000174D0000AB
:10B02000174500001745000017450000BA5D0000F5
:10B03000DD9E0000786D00001B760000BA6D0000F8
:10B04000BA6D0000BA6D0000BA6D0000DA6D000044
:10B05000DA6D0000DA6D0000DA6D0000BA6D0000F4
:10B06000BA6D0000BA6D0000BA6D0000DA7500001C
:10B07000745C000075440000786D0000D65C000030
:10B08000D65C0000D65C0000D65C0000D65C0000F8
:10B09000D65C0000D65C0000D65C0000D65C0000E8
:10B0A000D65C0000D65C0000D65C0000166500008F
:10B0B0002E330000912B00004F330000EE2A0000D9
:10B0C000EE2A0000EE2A0000EE2A0000EE2A000020
:10B0D000EE2A0000EE2A0000EE2A0000EE2A000010
:10B0E000EE2A0000EE2A0000EE2A00002F330000B6
:10B0F000502B0000502B00008C2200006B1A000027
:10B100006B1A00006B1A00006B1A00006B1A00002B
:10B110006B1A00006B1A00006B1A00006B1A00001B
:10B120006B1A00006B1A00006B1A00008C220000E2
:10B13000502B0000AC220000945C0000F66400007C
:10B14000F6640000F6640000F6640000F664000097
:10B15000F6640000F6640000F6640000F664000087
:10B16000F6640000F6640000F66400007454000009
:10B170006B220000B143000078650000DA6D00002A
:10B18000DA6D0000DA6D0000DA6D0000DA6D0000A3
:10B19000DA6D0000DA6D0000DA6D0000DA6D000093
:10B1A000DA6D0000DA6D0000DA6D000078650000ED
:10B1B000F24B0000586D0000795D00005955000009
:10B1C00079550000BA650000DA6D0000995D000055
:10B1D0007955000079550000795500007955000037
:10B1E00079550000BA650000FA6D0000995D000015
:10B1F000B9750000FA7D000079550000F7440000A1
:10B20000384D00001B7E00007C8E00009955000028
:10B21000DFEF0000DFEF0000584D00001745000091
:10B22000174500001A7600009C960000995D00000A
:10B230003B860000FA7D000079550000D73C0000F5
:10B24000174500005B8E00009C9600009955000099
:10B25000DFEF0000DFEF0000384D0000F73C00009A
:10B26000F73C00003B860000BD9E0000995D000099
:10B270003B860000FA7D000079550000963C0000F6
:10B28000D6440000786D0000986D000079550000EC
:10B29000DFEF0000DFEF0000384D0000B63C00009B
:10B2A000953C0000575D000078650000995D000046
:10B2B0003B860000FA7D0000595500005434000020
:10B2C00054340000743C000095440000584D0000C8
:10B2D000DFEF0000DFEF000017450000543C0000E6
:10B2E0003434000054340000543C0000995D0000E8
:10B2F0003B860000FA7D00007955000054340000C0
:10B300005434000054340000743C0000384D0000F8
:10B31000DFEF0000DFEF000017450000743C000085
:10B32000543400003434000054340000995D0000AF
:10B330003B860000FA7D000079550000D6440000ED
:10B34000D6440000D6440000D7440000584D000009
:10B35000DFEF0000DFEF0000384D0000D7440000B1
:10B36000D6440000D6440000D6440000995D000099
:10B370003B860000FA7D000079550000DFEF0000F9
:10B38000DFEF0000DFEF0000DFEF0000DFEF000085
:10B39000DFEF0000DFEF0000DFEF0000DFEF000075
:10B3A000DFEF0000DFEF0000DFEF0000995D00003D
:10B3B0003B860000FA7D000079550000DFEF0000B9
:10B3C000DFEF0000DFEF0000DFEF0000DFEF000045
:10B3D000DFEF0000DFEF0000DFEF0000DFEF000035
:10B3E000DFEF0000DFEF0000DFEF0000995D0000FD
:10B3F0003B860000FA7D000079550000DFEF000079
:10B40000DFEF0000DFEF0000DFEF0000DFEF000004
:10B41000DFEF0000DFEF0000DFEF0000DFEF0000F4
:10B42000DFEF0000DFEF0000DFEF0000995D0000BC
:10B430003B860000FA7D000079550000DFEF000038
:10B44000DFEF0000DFEF0000DFEF0000DFEF0000C4
:10B45000DFEF0000DFEF0000DFEF0000DFEF0000B4
:10B46000DFEF0000DFEF0000DFEF0000995D00007C
:10B470003B860000FA7D000079550000DFEF0000F8
:10B48000DFEF00007955000079550000DFEF000084
:10B49000DFEF0000DFEF0000DFEF0000DFEF000074
:10B4A000DFEF0000794D000079550000995D000044
:10B4B0003B860000FA7D000079550000384D000001
:10B4C000584D0000B9650000DA65000079550000AC
:10B4D000DFEF0000DFEF0000584D0000384D0000A6
:10B4E000384D0000995D0000DA6D0000995D0000A4
:10B4F0003B860000FA7D000079550000D73C000033
:10B50000174500005B8E0000DD9E0000995D000085
:10B51000DFEF0000DFEF0000384D0000F73C0000D7
:10B52000F73C00003B860000FDAE0000995D000086
:10B530003B860000FA7D000079550000D73C0000F2
:10B54000174500003B8600005B8E00007955000027
:10B55000DFEF0000DFEF0000384D0000D73C0000B7
:10B56000D73C00001A7E00007C960000995D000028
:10B570003B860000FA7D000079550000753400001C
:10B58000953C0000175D0000175D0000584D00005D
:10B59000DFEF0000DFEF0000184D0000953C0000D9
:10B5A00075340000F7540000175D0000995D00003D
:10B5B0003B860000FA7D000079550000133400003E
:10B5C000133400001334000054340000384D0000E0
:10B5D000DFEF0000DFEF00001745000054340000EB
:10B5E000133400001334000013340000995D000090
:10B5F0003B860000FB750000595500001334000025
:10B60000133400001334000054340000384D00009F
:10B61000DFEF0000DFEF00001745000054340000AA
:10B62000133400001334000013340000995D00004F
:10B630003C7E00009C960000995D0000174D0000C4
:10B64000174D0000174D0000184D0000DFEF0000FF
:10B65000DFEF0000DFEF0000384D0000184D000064
:10B66000174D0000174D0000174D0000BA6500008F
:10B67000DDA60000786500001B7E0000DA6D00008A
:10B68000DA6D0000DA6D0000DA6D0000DA6D00009E
:10B69000DA6D0000DA6D0000DA6D0000DA6D00008E
:10B6A000DA6D0000DA6D0000DA6D0000DA75000076
:10B6B00053540000543C0000576D0000D55C00005E
:10B6C000D55C0000D55C0000D55C0000B55C0000D6
:10B6D000D55C0000D55C0000B55C0000D55C0000C6
:10B6E000D55C0000D55C0000D55C0000F66400006D
:10B6F0000E2B0000712B00000E2B0000CD2A000045
:10B70000CD2A0000CD2A0000CD2A0000CD2A00005D
:10B71000CD2A0000CD2A0000CD2A0000CD2A00004D
:10B72000CD2A0000CD2A0000CD2A00000E2B0000FB
:10B73000502B0000502B00008C1A00006B1A0000E8
:10B740006B1A00006B1A00006B1A00006B1A0000E5
:10B750006B1A00006B1A00006B1A00006B1A0000D5
:10B760006B1A00006B1A00006B1A00008C2200009C
:10B77000702B00008C220000B55C0000376D0000CB
:10B78000376D0000376D0000376D0000376D000029
:10B79000376D0000376D0000376D0000376D000019
:10B7A000376D0000376D0000376D0000945C0000BD
:10B7B0006B220000D143000078650000DA6D0000C4
:10B7C000DA6D0000DA6D0000DA6D0000DA6D00005D
:10B7D000DA6D0000DA6D0000DA6D0000DA6D00004D
:10B7E000DA6D0000DA6D0000DA6D000078650000A7
:10B7F000124C0000786D0000795D00005955000082
:10B8000079550000BA650000FA6D0000995D0000EE
:10B810007955000079550000795500005955000010
:10B8200059550000BA650000FA6D0000995D0000EE
:10B83000B9750000FA7D000079550000F74400005A
:10B84000384D00003B8600009C9600009955000092
:10B85000DFEF0000DFEF0000384D0000174500006B
:10B86000F74400001B7E0000BD960000995D0000BB
:10B870003B860000FA7D000079550000D73C0000AF
:10B88000174500005B8E00009C9600009955000053
:10B89000DFEF0000DFEF0000384D0000F73C000054
:10B8A000F73C00003B860000BC9E0000995D000054
:10B8B0003B860000FA7D000079550000963C0000B0
:10B8C000B644000078650000786500005955000016
:10B8D000DFEF0000DFEF0000184D0000B63C000075
:10B8E000953C0000375D000058650000995D000040
:10B8F0003B860000FA7D00005955000034340000FA
:10B9000054340000743C0000953C0000584D000089
:10B91000DFEF0000DFEF00001745000054340000A7
:10B92000343400003434000054340000995D0000C9
:10B930003B860000FA7D0000795500005434000079
:10B940005434000054340000753C0000384D0000B1
:10B95000DFEF0000DFEF000017450000753C00003E
:10B96000543400005434000054340000995D000049
:10B970003B860000FA7D000079550000D6440000A7
:10B98000D6440000D6440000F7440000584D0000A3
:10B99000DFEF0000DFEF0000384D0000F74400004B
:10B9A000D6440000D6440000D6440000995D000053
:10B9B0003B860000FA7D000079550000DFEF0000B3
:10B9C000DFEF0000DFEF0000DFEF0000DFEF00003F
:10B9D000DFEF0000DFEF0000DFEF0000DFEF00002F
:10B9E000DFEF0000DFEF0000DFEF0000995D0000F7
:10B9F0003B860000FA7D000079550000DFEF000073
:10BA0000DFEF0000DFEF0000DFEF0000DFEF0000FE
:10BA1000DFEF0000DFEF0000DFEF0000DFEF0000EE
:10BA2000DFEF0000DFEF0000DFEF0000995D0000B6
:10BA30003B860000FA7D000079550000DFEF000032
:10BA4000DFEF0000DFEF0000DFEF0000DFEF0000BE
:10BA5000DFEF0000DFEF0000DFEF0000DFEF0000AE
:10BA6000DFEF0000DFEF0000DFEF0000995D000076
:10BA70003B860000FA7D000079550000DFEF0000F2
:10BA8000DFEF0000DFEF0000DFEF0000DFEF00007E
:10BA9000DFEF0000DFEF0000DFEF0000DFEF00006E
:10BAA000DFEF0000DFEF0000DFEF0000995D000036
:10BAB0003B860000FA7D000079550000DFEF0000B2
:10BAC000DFEF00007955000079550000DFEF00003E
:10BAD000DFEF0000DFEF0000DFEF0000DFEF00002E
:10BAE000DFEF00007955000079550000995D0000F6
:10BAF0003B860000FA7D000079550000384D0000BB
:10BB0000584D0000BA650000DA6D0000795500005C
:10BB1000DFEF0000DFEF0000584D0000384D00005F
:10BB2000384D0000995D0000FA6D0000995D00003D
:10BB30003B860000FA7D000079550000D73C0000EC
:10BB4000174500005B8E0000DD9E0000995D00003F
:10BB5000DFEF0000DFEF0000384D0000F73C000091
:10BB6000F73C00003B860000FDA60000995D000048
:10BB70003B860000FA7D000079550000D63C0000AD
:10BB8000F74400001A8600005B8E00007955000023
:10BB9000DFEF0000DFEF0000384D0000D73C000071
:10BBA000D73C0000FA7D00007C960000995D000003
:10BBB0003B860000FA7D00007955000075340000D6
:10BBC000953C0000F754000017550000584D000048
:10BBD000DFEF0000DFEF0000184D0000953C000093
:10BBE00075340000F6540000175D0000995D0000F8
:10BBF0003B860000FA7D00007955000013340000F8
:10BC0000133400001334000054340000384D000099
:10BC1000DFEF0000DFEF00001745000054340000A4
:10BC2000133400001334000013340000995D000049
:10BC30003B860000FB7500005955000013340000DE
:10BC4000133400001334000054340000384D000059
:10BC5000DFEF0000DFEF0000174500005434000064
:10BC6000133400001334000013340000995D000009
:10BC70003C7E00009C960000995D0000174D00007E
:10BC8000174D0000174D0000184D0000584D0000E2
:10BC9000584D0000584D0000384D0000184D000070
:10BCA000174D0000174D0000174D0000995D000072
:10BCB000DDA600001334000070330000CD22000028
:10BCC000CD220000CD220000CD220000CD220000B8
:10BCD000CD220000CD220000CD220000CD220000A8
:10BCE000CD220000CD220000CD2200004F33000005
:10BCF000F2330000EE2200008D1A00006C1A0000E2
:10BD00006C1A00006C1A00006C1A00006C1A00001B
:10BD10006C1A00006C1A00006C1A00006C1A00000B
:10BD20006C1A00006C1A00006C1A00008D1A0000DA
:10BD3000EE2200000E2B0000703B0000903B000044
:10BD4000903B0000903B0000903B0000903B0000C7
:10BD5000903B0000903B0000903B0000903B0000B7
:10BD6000903B0000903B0000903B0000703B0000C7
:10BD70000E2300008C220000376D0000B975000012
:10BD8000B9750000B9750000B9750000B9750000FB
:10BD9000B9750000B9750000B9750000D97D0000C3
:10BDA000B9750000B9750000B9750000166500008E
:10BDB000AC2A0000B55C0000795D00009A5D0000CF
:10BDC0009A5D0000BA650000BA650000BA5D000027
:10BDD000BA5D00009A5D00009A5D00009A5D000067
:10BDE000BA5D0000BA5D0000BA6500007965000028
:10BDF000F6640000DA75000079550000384500004F
:10BE0000584D0000FA6D00001B7E000079550000BF
:10BE10007955000079550000DFEF0000384D000033
:10BE2000384D0000DA6D00003B7E0000995D000097
:10BE30001A7E0000FA7D000079550000F73C0000F2
:10BE4000184D00005B860000BD9E0000995D00005B
:10BE5000DFEF0000DFEF0000384D0000F73C00008E
:10BE6000F73C00003B7E0000DD9E0000995D000075
:10BE70003B860000FA7D000079550000D73C0000A9
:10BE8000174500003B8600005B8E000079550000DE
:10BE9000DFEF0000DFEF0000384D0000F73C00004E
:10BEA000D73C00001A7E00007B960000995D0000E0
:10BEB0003B860000FA7D000079550000953C0000AB
:10BEC000B63C0000375D0000375D000059550000AA
:10BED000DFEF0000DFEF000018450000953C000098
:10BEE000753C0000F654000017550000995D0000F5
:10BEF0003B860000FA7D00007955000034340000D4
:10BF000034340000543C0000753C0000384D000003
:10BF1000DFEF0000DFEF00001745000054340000A1
:10BF2000333400003434000034340000995D0000E4
:10BF30003B860000FA7D0000795500003434000093
:10BF40003434000034340000743C0000384D0000EC
:10BF5000DFEF0000DFEF000017450000743C000039
:10BF6000343400003434000034340000795D0000C3
:10BF70003B860000FA7D000079550000D6440000A1
:10BF8000D6440000D6440000F7440000584D00009D
:10BF9000DFEF0000DFEF0000384D0000F744000045
:10BFA000D6440000D6440000D6440000995D00004D
:10BFB0003B860000FA7D000079550000584D0000D6
:10BFC000584D0000584D0000584D0000DFEF0000B4
:10BFD000DFEF0000DFEF0000DFEF0000584D000052
:10BFE000584D0000584D0000584D0000995D00006C
:10BFF0003B860000FA7D000079550000DFEF00006D
:10C00000DFEF0000DFEF0000DFEF0000DFEF0000F8
:10C01000DFEF0000DFEF0000DFEF0000DFEF0000E8
:10C02000DFEF0000DFEF0000DFEF0000995D0000B0
:10C030003B860000FA7D000099550000DFEF00000C
:10C04000DFEF0000DFEF0000DFEF0000DFEF0000B8
:10C05000DFEF0000DFEF0000DFEF0000DFEF0000A8
:10C06000DFEF0000DFEF0000DFEF0000995D000070
:10C070003B8600001A860000995D0000DFEF00009B
:10C08000DFEF0000DFEF0000DFEF0000DFEF000078
:10C09000DFEF0000DFEF0000DFEF0000DFEF000068
:10C0A000DFEF0000DFEF0000DFEF0000995D000030
:10C0B0003B8600001A860000995D0000DFEF00005B
:10C0C000DFEF0000DFEF0000DFEF0000DFEF000038
:10C0D000DFEF0000DFEF0000DFEF0000DFEF000028
:10C0E000DFEF0000DFEF0000DFEF0000995D0000F0
:10C0F0003B8600001A860000795D0000384D000084
:10C10000584D0000995D0000BA65000079550000A7
:10C11000DFEF0000DFEF0000584D0000384D000059
:10C12000384D0000995D0000BA650000995D00007F
:10C130003B8600001A860000795D0000F74400008D
:10C14000384D00003B7E00009C8E00009955000099
:10C15000DFEF0000DFEF0000384D00001745000062
:10C1600017450000FA7500009C960000995D0000DC
:10C170003B8600001A86000079550000D73C00007D
:10C18000174500005B8E0000BD9E0000995D000019
:10C19000DFEF0000DFEF0000384D0000F73C00004B
:10C1A000D73C00003B860000DDA60000995D000042
:10C1B0003B8600001A86000079550000B63C00005E
:10C1C000D6440000D9750000D975000079550000EB
:10C1D000DFEF0000DFEF0000384D0000D63C00002C
:10C1E000B63C0000B96D0000DA7D0000995D0000EA
:10C1F0003B8600001A8600007955000033340000A9
:10C2000034340000543C0000753C0000384D000000
:10C21000DFEF0000DFEF000017450000543400009E
:10C2200033340000543C0000543C0000995D000091
:10C230003B8600001A860000795500001334000088
:10C24000133400001334000054340000384D000053
:10C25000DFEF0000DFEF000017450000543400005E
:10C26000133400001334000033340000995D0000E3
:10C270005B8E00005B960000795D0000743C00005E
:10C28000743C0000743C0000953C0000584D0000D8
:10C29000DFEF0000DFEF0000184D0000953C0000CC
:10C2A000743C0000743C0000743C0000BA6500005F
:10C2B000BC9E00009C9E0000BA650000585500001E
:10C2C0005855000058550000585500007955000099
:10C2D0007955000079550000795500005855000047
:10C2E000585500005855000058550000DA6D000000
:10C2F0009C9E0000376500007C9600001B7E0000BD
:10C300001A7E00001A7E00001A7E00001B7E0000CC
:10C310001B7E00001B7E00001B7E00001A7E0000BA
:10C320001A7E00001A7E00001B7E00001A8E00009C
:10C330008F4B0000DFEF0000DFEF0000DFEF0000B9
:10C34000DFEF0000DFEF0000DFEF0000DFEF0000B5
:10C35000DFEF0000DFEF0000CDAC0000257B000028
:10C36000257B0000257B0000257B0000257B00004D
:10C37000257B0000257B0000257B0000257B00003D
:10C38000257B0000257B0000257B0000257B00002D
:10C39000257B0000257B0000257B0000257B00001D
:10C3A000257B0000257B0000257B0000257B00000D
:10C3B000257B0000257B0000257B0000257B0000FD
:10C3C000257B0000257B0000257B0000257B0000ED
:10C3D000257B0000257B0000257B0000257B0000DD
:10C3E000257B0000257B0000257B0000257B0000CD
:10C3F000257B0000257B0000257B0000257B0000BD
:10C40000257B0000257B0000257B0000257B0000AC
:10C41000257B0000257B0000257B0000257B00009C
:10C42000257B0000257B0000257B0000257B00008C
:10C43000257B0000257B0000257B0000257B00007C
:10C44000257B0000257B0000257B0000257B00006C
:10C45000257B0000257B0000257B0000257B00005C
:10C46000257B0000257B0000257B0000257B00004C
:10C47000257B0000257B0000257B0000257B00003C
:10C48000257B0000257B0000257B0000257B00002C
:10C49000257B0000257B0000257B0000257B00001C
:10C4A000257B0000257B0000257B0000257B00000C
:10C4B000257B0000257B0000257B0000257B0000FC
:10C4C000257B0000257B0000257B0000257B0000EC
:10C4D000257B0000257B0000257B0000257B0000DC
:10C4E000257B0000257B0000257B0000257B0000CC
:10C4F000257B0000257B0000257B0000257B0000BC
:10C50000257B0000257B0000257B0000257B0000AB
:10C51000257B0000257B0000257B0000257B00009B
:10C52000257B0000257B0000257B0000257B00008B
:10C53000257B0000257B0000257B0000257B00007B
:10C54000257B0000257B0000257B0000257B00006B
:10C55000257B0000257B0000257B000091C50000A5
:10C56000DFEF0000DFEF0000DFEF0000DFEF000093
:10C57000DFEF0000DFEF0000DFEF0000DFEF000083
:10C58000DFEF0000DFEF0000DFEF0000DFEF000073
:10C59000DFEF0000DFEF0000DFEF0000DFEF000063
:10C5A000DFEF0000DFEF0000DFEF0000DFEF000053
:10C5B0008CA40000836A0000836A0000836A000084
:10C5C000836A0000836A0000836A0000836A0000B7
:10C5D000836A0000836A0000836A0000836A0000A7
:10C5E000836A0000836A0000836A0000836A000097
:10C5F000836A0000836A0000836A0000836A000087
:10C60000836A0000836A0000836A0000836A000076
:10C61000836A0000836A0000836A0000836A000066
:10C62000836A0000836A0000836A0000836A000056
:10C63000836A0000836A0000836A0000836A000046
:10C64000836A0000836A0000836A0000836A000036
:10C65000836A0000836A0000836A0000836A000026
:10C66000836A0000836A0000836A0000836A000016
:10C67000836A0000836A0000836A0000836A000006
:10C68000836A0000836A0000836A0000836A0000F6
:10C69000836A0000836A0000836A0000836A0000E6
:10C6A000836A0000836A0000836A0000836A0000D6
:10C6B000836A0000836A0000836A0000836A0000C6
:10C6C000836A0000836A0000836A0000836A0000B6
:10C6D000836A0000836A0000836A0000836A0000A6
:10C6E000836A0000836A0000836A0000836A000096
:10C6F000836A0000836A0000836A0000836A000086
:10C70000836A0000836A0000836A0000836A000075
:10C71000836A0000836A0000836A0000836A000065
:10C72000836A0000836A0000836A0000836A000055
:10C73000836A0000836A0000836A0000836A000045
:10C74000836A0000836A0000836A0000836A000035
:10C75000836A0000836A0000836A0000836A000025
:10C76000836A0000836A0000836A0000836A000015
:10C77000836A0000836A0000836A0000836A000005
:10C78000836A0000836A0000836A0000836A0000F5
:10C79000836A0000836A0000836A0000836A0000E5
:10C7A000836A0000836A0000836A0000836A0000D5
:10C7B000836A000070BD0000DFEF0000DFEF0000C3
:10C7C000DFEF0000DFEF0000DFEF0000DFEF000031
:10C7D000DFEF0000DFEF0000DFEF0000DFEF000021
:10C7E000DFEF0000DFEF0000DFEF0000DFEF000011
:10C7F000DFEF0000DFEF0000DFEF0000DFEF000001
:10C80000DFEF0000DFEF00002A9C0000C0510000B5
:10C81000C0510000C0510000C0510000C0510000D4
:10C82000C0510000C0510000C0510000C0510000C4
:10C83000C0510000C0510000C0510000C0510000B4
:10C84000C0510000C0510000C0510000C0510000A4
:10C85000C0510000C0510000C0510000C051000094
:10C86000C0510000C0510000C0510000C051000084
:10C87000C0510000C0510000C0510000C051000074
:10C88000C0510000C0510000C0510000C051000064
:10C89000C0510000C0510000C0510000C051000054
:10C8A000C0510000C0510000C0510000C051000044
:10C8B000C0510000C0510000C0510000C051000034
:10C8C000C0510000C0510000C0510000C051000024
:10C8D000C0510000C0510000C0510000C051000014
:10C8E000C0510000C0510000C0510000C051000004
:10C8F000C0510000C0510000C0510000C0510000F4
:10C90000C0510000C0510000C0510000C0510000E3
:10C91000C0510000C0510000C0510000C0510000D3
:10C92000C0510000C0510000C0510000C0510000C3
:10C93000C0510000C0510000C0510000C0510000B3
:10C94000C0510000C0510000C0510000C0510000A3
:10C95000C0510000C0510000C0510000C051000093
:10C96000C0510000C0510000C0510000C051000083
:10C97000C0510000C0510000C0510000C051000073
:10C98000C0510000C0510000C0510000C051000063
:10C99000C0510000C0510000C0510000C051000053
:10C9A000C0510000C0510000C0510000C051000043
:10C9B000C0510000C0510000C0510000C051000033
:10C9C000C0510000C0510000C0510000C051000023
:10C9D000C0510000C0510000C0510000C051000013
:10C9E000C0510000C0510000C0510000C051000003
:10C9F000C0510000C0510000C0510000C0510000F3
:10CA0000C0510000C0510000C05100002EB5000010
:10CA1000DFEF0000DFEF0000DFEF0000DFEF0000DE
:10CA2000DFEF0000DFEF0000DFEF0000DFEF0000CE
:10CA3000DFEF0000DFEF0000DFEF0000DFEF0000BE
:10CA4000DFEF0000DFEF0000DFEF0000DFEF0000AE
:10CA5000DFEF0000DFEF0000DFEF0000DFEF00009E
:10CA60002A9C0000C0510000C0510000C0510000CD
:10CA7000C0510000C0510000C0510000C051000072
:10CA8000C0510000C0510000C0510000C051000062
:10CA9000C0510000C0510000C0510000C051000052
:10CAA000C0510000C0510000C0510000C051000042
:10CAB000C0510000C0510000C0510000C051000032
:10CAC000C0510000C0510000C0510000C051000022
:10CAD000C0510000C0510000C0510000C051000012
:10CAE000C0510000C0510000C0510000C051000002
:10CAF000C0510000C0510000C0510000C0510000F2
:10CB0000C0510000C0510000C0510000C0510000E1
:10CB1000C0510000C0510000C0510000C0510000D1
:10CB2000C0510000C0510000C0510000C0510000C1
:10CB3000C0510000C0510000C0510000C0510000B1
:10CB4000C0510000C0510000C0510000C0510000A1
:10CB5000C0510000C0510000C0510000C051000091
:10CB6000C0510000C0510000C0510000C051000081
:10CB7000C0510000C0510000C0510000C051000071
:10CB8000C0510000C0510000C0510000C051000061
:10CB9000C0510000C0510000C0510000C051000051
:10CBA000C0510000C0510000C0510000C051000041
:10CBB000C0510000C0510000C0510000C051000031
:10CBC000C0510000C0510000C0510000C051000021
:10CBD000C0510000C0510000C0510000C051000011
:10CBE000C0510000C0510000C0510000C051000001
:10CBF000C0510000C0510000C0510000C0510000F1
:10CC0000C0510000C0510000C0510000C0510000E0
:10CC1000C0510000C0510000C0510000C0510000D0
:10CC2000C0510000C0510000C0510000C0510000C0
:10CC3000C0510000C0510000C0510000C0510000B0
:10CC4000C0510000C0510000C0510000C0510000A0
:10CC5000C0510000C0510000C0510000C051000090
:10CC6000C05100002EB50000DFEF0000DFEF000034
:10CC7000DFEF0000DFEF0000DFEF0000DFEF00007C
:10CC8000DFEF0000DFEF0000DFEF0000DFEF00006C
:10CC9000DFEF0000DFEF0000DFEF0000DFEF00005C
:10CCA000DFEF0000DFEF0000DFEF0000DFEF00004C
:10CCB000F6EE0000D6EE00002A9C0000E1590000CC
:10CCC000E1590000E1590000E1590000E15900007C
:10CCD000E1590000E1590000E1590000E15900006C
:10CCE000E1590000E1590000E1590000E15900005C
:10CCF000E1590000E1590000E1590000E15900004C
:10CD0000E1590000E1590000E1590000E15900003B
:10CD1000E1590000E1590000E1590000E15900002B
:10CD2000E1590000E1590000E1590000E15900001B
:10CD3000E1590000E1590000E1590000E15900000B
:10CD4000E1590000E1590000E1590000E1590000FB
:10CD5000E1590000E1590000E1590000E1590000EB
:10CD6000E1590000E1590000E1590000E1590000DB
:10CD7000E1590000E1590000E1590000E1590000CB
:10CD8000E1590000E1590000E1590000E1590000BB
:10CD9000E1590000E1590000E1590000E1590000AB
:10CDA000E1590000E1590000E1590000E15900009B
:10CDB000E1590000E1590000E1590000E15900008B
:10CDC000E1590000E1590000E1590000E15900007B
:10CDD000E1590000E1590000E1590000E15900006B
:10CDE000E1590000E1590000E1590000E15900005B
:10CDF000E1590000E1590000E1590000E15900004B
:10CE0000E1590000E1590000E1590000E15900003A
:10CE1000E1590000E1590000E1590000E15900002A
:10CE2000E1590000E1590000E1590000E15900001A
:10CE3000E1590000E1590000E1590000E15900000A
:10CE4000E1590000E1590000E1590000E1590000FA
:10CE5000E1590000E1590000E1590000E1590000EA
:10CE6000E1590000E1590000E1590000E1590000DA
:10CE7000E1590000E1590000E1590000E1590000CA
:10CE8000E1590000E1590000E1590000E1590000BA
:10CE9000E1590000E1590000E1590000E1590000AA
:10CEA000E1590000E1590000E1590000E15900009A
:10CEB000E1590000E1590000E15900002EB50000E1
:10CEC000D6EE0000F6EE0000DFEF0000DFEF00001E
:10CED000DFEF0000DFEF0000DFEF0000DFEF00001A
:10CEE000DFEF0000DFEF0000DFEF0000DFEF00000A
:10CEF000DFEF0000DFEF0000DFEF0000DFEF0000FA
:10CF0000DFEF0000DFEF000095E6000054DE0000D8
:10CF10004B9C0000836A0000836A0000836A000063
:10CF2000836A0000836A0000836A0000836A00004D
:10CF3000836A0000836A0000836A0000836A00003D
:10CF4000836A0000836A0000836A0000836A00002D
:10CF5000836A0000836A0000836A0000836A00001D
:10CF6000836A0000836A0000836A0000836A00000D
:10CF7000836A0000836A0000836A0000836A0000FD
:10CF8000836A0000836A0000836A0000836A0000ED
:10CF9000836A0000836A0000836A0000836A0000DD
:10CFA000836A0000836A0000836A0000836A0000CD
:10CFB000836A0000836A0000836A0000836A0000BD
:10CFC000836A0000836A0000836A0000836A0000AD
:10CFD000836A0000836A0000836A0000836A00009D
:10CFE000836A0000836A0000836A0000836A00008D
:10CFF000836A0000836A0000836A0000836A00007D
:10D00000836A0000836A0000836A0000836A00006C
:10D01000836A0000836A0000836A0000836A00005C
:10D02000836A0000836A0000836A0000836A00004C
:10D03000836A0000836A0000836A0000836A00003C
:10D04000836A0000836A0000836A0000836A00002C
:10D05000836A0000836A0000836A0000836A00001C
:10D06000836A0000836A0000836A0000836A00000C
:10D07000836A0000836A0000836A0000836A0000FC
:10D08000836A0000836A0000836A0000836A0000EC
:10D09000836A0000836A0000836A0000836A0000DC
:10D0A000836A0000836A0000836A0000836A0000CC
:10D0B000836A0000836A0000836A0000836A0000BC
:10D0C000836A0000836A0000836A0000836A0000AC
:10D0D000836A0000836A0000836A0000836A00009C
:10D0E000836A0000836A0000836A0000836A00008C
:10D0F000836A0000836A0000836A0000836A00007C
:10D10000836A0000836A0000836A0000836A00006B
:10D11000836A00000EB5000054DE000095E60000B2
:10D12000DFEF0000DFEF0000DFEF0000DFEF0000C7
:10D13000DFEF0000DFEF0000DFEF0000DFEF0000B7
:10D14000DFEF0000DFEF0000DFEF0000DFEF0000A7
:10D15000DFEF0000DFEF0000DFEF0000DFEF000097
:10D16000CDAC000046830000CEAC000015CE000020
:10D1700015CE000015CE000015CE000015CE000023
:10D1800015CE000015CE000015CE000015CE000013
:10D1900015CE000015CE000015CE000015CE000003
:10D1A00015CE000015CE000015CE000015CE0000F3
:10D1B00015CE000015CE000015CE000015CE0000E3
:10D1C00015CE000015CE000015CE000015CE0000D3
:10D1D00015CE000015CE000015CE000015CE0000C3
:10D1E00015CE000015CE000015CE000015CE0000B3
:10D1F00015CE000015CE000015CE000015CE0000A3
:10D2000015CE000015CE000015CE000015CE000092
:10D2100015CE000015CE000015CE000015CE000082
:10D2200015CE000015CE000015CE000015CE000072
:10D2300015CE000015CE000015CE000015CE000062
:10D2400015CE000015CE000015CE000015CE000052
:10D2500015CE000015CE000015CE000015CE000042
:10D2600015CE000015CE000015CE000015CE000032
:10D2700015CE000015CE000015CE000015CE000022
:10D2800015CE000015CE000015CE000015CE000012
:10D2900015CE000015CE000015CE000015CE000002
:10D2A00015CE000015CE000015CE000015CE0000F2
:10D2B00015CE000015CE000015CE000015CE0000E2
:10D2C00015CE000015CE000015CE000015CE0000D2
:10D2D00015CE000015CE000015CE000015CE0000C2
:10D2E00015CE000015CE000015CE000015CE0000B2
:10D2F00015CE000015CE000015CE000015CE0000A2
:10D3000015CE000015CE000015CE000015CE000091
:10D3100015CE000015CE000015CE000015CE000081
:10D3200015CE000015CE000015CE000015CE000071
:10D3300015CE000015CE000015CE000015CE000061
:10D3400015CE000015CE000015CE000015CE000051
:10D3500015CE000015CE000015CE000015CE000041
:10D3600015CE000015CE000015CE00004B9C00002D
:10D37000468300006BA40000DFEF0000DFEF000039
:10D38000DFEF0000DFEF0000DFEF0000DFEF000065
:10D39000DFEF0000DFEF0000DFEF0000DFEF000055
:10D3A000DFEF0000DFEF0000DFEF0000DFEF000045
:10D3B000DFEF0000DFEF0000E9930000C051000044
:10D3C00010B50000DEFF0000DEFF0000DEFF000001
:10D3D000DEFF0000DEFF0000DEFF0000DEFF0000D9
:10D3E000DEFF0000DEFF0000DEFF0000DEFF0000C9
:10D3F000DEFF0000DEFF0000DEFF0000DEFF0000B9
:10D40000DEFF0000DEFF0000DEFF0000DEFF0000A8
:10D41000DEFF0000DEFF0000DEFF0000DEFF000098
:10D42000DEFF0000DEFF0000DEFF0000DEFF000088
:10D43000DEFF0000DEFF0000DEFF0000DEFF000078
:10D44000DEFF0000DEFF0000DEFF0000DEFF000068
:10D45000DEFF0000DEFF0000DEFF0000DEFF000058
:10D46000DEFF0000DEFF0000DEFF0000DEFF000048
:10D47000DEFF0000DEFF0000DEFF0000DEFF000038
:10D48000DEFF0000DEFF0000DEFF0000DEFF000028
:10D49000DEFF0000DEFF0000DEFF0000DEFF000018
:10D4A000DEFF0000DEFF0000DEFF0000DEFF000008
:10D4B000DEFF0000DEFF0000DEFF0000DEFF0000F8
:10D4C000DEFF0000DEFF0000DEFF0000DEFF0000E8
:10D4D000DEFF0000DEFF0000DEFF0000DEFF0000D8
:10D4E000DEFF0000DEFF0000DEFF0000DEFF0000C8
:10D4F000DEFF0000DEFF0000DEFF0000DEFF0000B8
:10D50000DEFF0000DEFF0000DEFF0000DEFF0000A7
:10D51000DEFF0000DEFF0000DEFF0000DEFF000097
:10D52000DEFF0000DEFF0000DEFF0000DEFF000087
:10D53000DEFF0000DEFF0000DEFF0000DEFF000077
:10D54000DEFF0000DEFF0000DEFF0000DEFF000067
:10D55000DEFF0000DEFF0000DEFF0000DEFF000057
:10D56000DEFF0000DEFF0000DEFF0000DEFF000047
:10D57000DEFF0000DEFF0000DEFF0000DEFF000037
:10D58000DEFF0000DEFF0000DEFF0000DEFF000027
:10D59000DEFF0000DEFF0000DEFF0000DEFF000017
:10D5A000DEFF0000DEFF0000DEFF0000DEFF000007
:10D5B000DEFF0000DEFF0000DEFF0000DEFF0000F7
:10D5C000DEFF0000EA930000C05100006783000006
:10D5D000DFEF0000DFEF0000DFEF0000DFEF000013
:10D5E000DFEF0000DFEF0000DFEF0000DFEF000003
:10D5F000DFEF0000DFEF0000DFEF0000DFEF0000F3
:10D60000DFEF0000DFEF0000DFEF0000DFEF0000E2
:10D61000E9930000C051000010B50000DEFF0000DB
:10D62000DEFF0000DEFF0000DEFF0000DEFF000086
:10D63000DEFF0000DEFF0000DEFF0000DEFF000076
:10D64000DEFF0000DEFF0000DEFF0000DEFF000066
:10D65000DEFF0000DEFF0000DEFF0000DEFF000056
:10D66000DEFF0000DEFF0000DEFF0000DEFF000046
:10D67000DEFF0000DEFF0000DEFF0000DEFF000036
:10D68000DEFF0000DEFF0000DEFF0000DEFF000026
:10D69000DEFF0000DEFF0000DEFF0000DEFF000016
:10D6A000DEFF0000DEFF0000DEFF0000DEFF000006
:10D6B000DEFF0000DEFF0000DEFF0000DEFF0000F6
:10D6C000DEFF0000DEFF0000DEFF0000DEFF0000E6
:10D6D000DEFF0000DEFF0000DEFF0000DEFF0000D6
:10D6E000DEFF0000DEFF0000DEFF0000DEFF0000C6
:10D6F000DEFF0000DEFF0000DEFF0000DEFF0000B6
:10D70000DEFF0000DEFF0000DEFF0000DEFF0000A5
:10D71000DEFF0000DEFF0000DEFF0000DEFF000095
:10D72000DEFF0000DEFF0000DEFF0000DEFF000085
:10D73000DEFF0000DEFF0000DEFF0000DEFF000075
:10D74000DEFF0000DEFF0000DEFF0000DEFF000065
:10D75000DEFF0000DEFF0000DEFF0000DEFF000055
:10D76000DEFF0000DEFF0000DEFF0000DEFF000045
:10D77000DEFF0000DEFF0000DEFF0000DEFF000035
:10D78000DEFF0000DEFF0000DEFF0000DEFF000025
:10D79000DEFF0000DEFF0000DEFF0000DEFF000015
:10D7A000DEFF0000DEFF0000DEFF0000DEFF000005
:10D7B000DEFF0000DEFF0000DEFF0000DEFF0000F5
:10D7C000DEFF0000DEFF0000DEFF0000DEFF0000E5
:10D7D000DEFF0000DEFF0000DEFF0000DEFF0000D5
:10D7E000DEFF0000DEFF0000DEFF0000DEFF0000C5
:10D7F000DEFF0000DEFF0000DEFF0000DEFF0000B5
:10D80000DEFF0000DEFF0000DEFF0000DEFF0000A4
:10D81000DEFF0000DEFF0000DEFF0000EA930000F4
:10D82000C051000067830000DFEF0000DFEF000061
:10D83000DFEF0000DFEF0000DFEF0000DFEF0000B0
:10D84000DFEF0000DFEF0000DFEF0000DFEF0000A0
:10D85000DFEF0000DFEF0000DFEF0000DFEF000090
:10D86000DFEF0000DFEF0000E9930000C05100008F
:10D8700010B50000DEFF0000DEFF0000DEFF00004C
:10D88000DEFF0000DEFF0000DEFF0000DEFF000024
:10D89000DEFF0000DEFF0000DEFF0000DEFF000014
:10D8A000DEFF0000DEFF0000DEFF0000DEFF000004
:10D8B000DEFF0000DEFF0000DEFF0000DEFF0000F4
:10D8C000DEFF0000DEFF0000DEFF0000DEFF0000E4
:10D8D000DEFF0000DEFF0000DEFF0000DEFF0000D4
:10D8E000DEFF0000DEFF0000DEFF0000DEFF0000C4
:10D8F000DEFF0000DEFF0000DEFF0000DEFF0000B4
:10D90000DEFF0000DEFF0000DEFF0000DEFF0000A3
:10D91000DEFF0000DEFF0000DEFF0000DEFF000093
:10D92000DEFF0000DEFF0000DEFF0000DEFF000083
:10D93000DEFF0000DEFF0000DEFF0000DEFF000073
:10D94000DEFF0000DEFF0000DEFF0000DEFF000063
:10D95000DEFF0000DEFF0000DEFF0000DEFF000053
:10D96000DEFF0000DEFF0000DEFF0000DEFF000043
:10D97000DEFF0000DEFF0000DEFF0000DEFF000033
:10D98000DEFF0000DEFF0000DEFF0000DEFF000023
:10D99000DEFF0000DEFF0000DEFF0000DEFF000013
:10D9A000DEFF0000DEFF0000DEFF0000DEFF000003
:10D9B000DEFF0000DEFF0000DEFF0000DEFF0000F3
:10D9C000DEFF0000DEFF0000DEFF0000DEFF0000E3
:10D9D000DEFF0000DEFF0000DEFF0000DEFF0000D3
:10D9E000DEFF0000DEFF0000DEFF0000DEFF0000C3
:10D9F000DEFF0000DEFF0000DEFF0000DEFF0000B3
:10DA0000DEFF0000DEFF0000DEFF0000DEFF0000A2
:10DA1000DEFF0000DEFF0000DEFF0000DEFF000092
:10DA2000DEFF0000DEFF0000DEFF0000DEFF000082
:10DA3000DEFF0000DEFF0000DEFF0000DEFF000072
:10DA4000DEFF0000DEFF0000DEFF0000DEFF000062
:10DA5000DEFF0000DEFF0000DEFF0000DEFF000052
:10DA6000DEFF0000DEFF0000DEFF0000DEFF000042
:10DA7000DEFF0000EA930000C05100006783000051
:10DA8000DFEF0000DFEF0000DFEF0000DFEF00005E
:10DA9000DFEF0000DFEF0000DFEF0000DFEF00004E
:10DAA000DFEF0000DFEF0000DFEF0000DFEF00003E
:10DAB000DFEF0000DFEF0000D6EE000053DE0000D5
:10DAC000E9930000616A000051BD0000DEFF000024
:10DAD000DEFF0000DEFF0000DEFF0000DEFF0000D2
:10DAE000DEFF0000DEFF0000DEFF0000DEFF0000C2
:10DAF000DEFF0000DEFF0000DEFF0000DEFF0000B2
:10DB0000DEFF0000DEFF0000DEFF0000DEFF0000A1
:10DB1000DEFF0000DEFF0000DEFF0000DEFF000091
:10DB2000DEFF0000DEFF0000DEFF0000DEFF000081
:10DB3000DEFF0000DEFF0000DEFF0000DEFF000071
:10DB4000DEFF0000DEFF0000DEFF0000DEFF000061
:10DB5000DEFF0000DEFF0000DEFF0000DEFF000051
:10DB6000DEFF0000DEFF0000DEFF0000DEFF000041
:10DB7000DEFF0000DEFF0000DEFF0000DEFF000031
:10DB8000DEFF0000DEFF0000DEFF0000DEFF000021
:10DB9000DEFF0000DEFF0000DEFF0000DEFF000011
:10DBA000DEFF0000DEFF0000DEFF0000DEFF000001
:10DBB000DEFF0000DEFF0000DEFF0000DEFF0000F1
:10DBC000DEFF0000DEFF0000DEFF0000DEFF0000E1
:10DBD000DEFF0000DEFF0000DEFF0000DEFF0000D1
:10DBE000DEFF0000DEFF0000DEFF0000DEFF0000C1
:10DBF000DEFF0000DEFF0000DEFF0000DEFF0000B1
:10DC0000DEFF0000DEFF0000DEFF0000DEFF0000A0
:10DC1000DEFF0000DEFF0000DEFF0000DEFF000090
:10DC2000DEFF0000DEFF0000DEFF0000DEFF000080
:10DC3000DEFF0000DEFF0000DEFF0000DEFF000070
:10DC4000DEFF0000DEFF0000DEFF0000DEFF000060
:10DC5000DEFF0000DEFF0000DEFF0000DEFF000050
:10DC6000DEFF0000DEFF0000DEFF0000DEFF000040
:10DC7000DEFF0000DEFF0000DEFF0000DEFF000030
:10DC8000DEFF0000DEFF0000DEFF0000DEFF000020
:10DC9000DEFF0000DEFF0000DEFF0000DEFF000010
:10DCA000DEFF0000DEFF0000DEFF0000DEFF000000
:10DCB000DEFF0000DEFF0000DEFF0000DEFF0000F0
:10DCC000DEFF0000DEFF0000DEFF00004B9C0000D6
:10DCD000616A0000A78B000053DE0000D6EE000052
:10DCE000DFEF0000DFEF0000DFEF0000DFEF0000FC
:10DCF000DFEF0000DFEF0000DFEF0000DFEF0000EC
:10DD0000DFEF0000DFEF0000DFEF0000DFEF0000DB
:10DD100094E60000ADAC000028A40000C59B000004
:10DD2000F2D50000DEFF0000DEFF0000DEFF000095
:10DD3000DEFF0000DEFF0000DEFF0000DEFF00006F
:10DD4000DEFF0000DEFF0000DEFF0000DEFF00005F
:10DD5000DEFF0000DEFF0000DEFF0000DEFF00004F
:10DD6000DEFF0000DEFF0000DEFF0000DEFF00003F
:10DD7000DEFF0000DEFF0000DEFF0000DEFF00002F
:10DD8000DEFF0000DEFF0000DEFF0000DEFF00001F
:10DD9000DEFF0000DEFF0000DEFF0000DEFF00000F
:10DDA000DEFF0000DEFF0000DEFF0000DEFF0000FF
:10DDB000DEFF0000DEFF0000DEFF0000DEFF0000EF
:10DDC000DEFF0000DEFF0000DEFF0000DEFF0000DF
:10DDD000DEFF0000DEFF0000DEFF0000DEFF0000CF
:10DDE000DEFF0000DEFF0000DEFF0000DEFF0000BF
:10DDF000DEFF0000DEFF0000DEFF0000DEFF0000AF
:10DE0000DEFF0000DEFF0000DEFF0000DEFF00009E
:10DE1000DEFF0000DEFF0000DEFF0000DEFF00008E
:10DE2000DEFF0000DEFF0000DEFF0000DEFF00007E
:10DE3000DEFF0000DEFF0000DEFF0000DEFF00006E
:10DE4000DEFF0000DEFF0000DEFF0000DEFF00005E
:10DE5000DEFF0000DEFF0000DEFF0000DEFF00004E
:10DE6000DEFF0000DEFF0000DEFF0000DEFF00003E
:10DE7000DEFF0000DEFF0000DEFF0000DEFF00002E
:10DE8000DEFF0000DEFF0000DEFF0000DEFF00001E
:10DE9000DEFF0000DEFF0000DEFF0000DEFF00000E
:10DEA000DEFF0000DEFF0000DEFF0000DEFF0000FE
:10DEB000DEFF0000DEFF0000DEFF0000DEFF0000EE
:10DEC000DEFF0000DEFF0000DEFF0000DEFF0000DE
:10DED000DEFF0000DEFF0000DEFF0000DEFF0000CE
:10DEE000DEFF0000DEFF0000DEFF0000DEFF0000BE
:10DEF000DEFF0000DEFF0000DEFF0000DEFF0000AE
:10DF0000DEFF0000DEFF0000DEFF0000DEFF00009D
:10DF1000DEFF0000DEFF0000DEFF0000DEFF00008D
:10DF2000DEFF00002DC50000C59B000007A4000017
:10DF3000ADAC000074DE0000DFEF0000DFEF00009A
:10DF4000DFEF0000DFEF0000DFEF0000DFEF000099
:10DF5000DFEF0000DFEF0000DFEF0000DFEF000089
:10DF6000DFEF0000DFEF000033D60000E5720000B5
:10DF700047AC000048D50000B4EE0000DEFF000012
:10DF8000DEFF0000DEFF0000DEFF0000DEFF00001D
:10DF9000DEFF0000DEFF0000DEFF0000DEFF00000D
:10DFA000DEFF0000DEFF0000DEFF0000DEFF0000FD
:10DFB000DEFF0000DEFF0000DEFF0000DEFF0000ED
:10DFC000DEFF0000DEFF0000DEFF0000DEFF0000DD
:10DFD000DEFF0000DEFF0000DEFF0000DEFF0000CD
:10DFE000DEFF0000DEFF0000DEFF0000DEFF0000BD
:10DFF000DEFF0000DEFF0000DEFF0000DEFF0000AD
:10E00000DEFF0000DEFF0000DEFF0000DEFF00009C
:10E01000DEFF0000DEFF0000DEFF0000DEFF00008C
:10E02000DEFF0000DEFF0000DEFF0000DEFF00007C
:10E03000DEFF0000DEFF0000DEFF0000DEFF00006C
:10E04000DEFF0000DEFF0000DEFF0000DEFF00005C
:10E05000DEFF0000DEFF0000DEFF0000DEFF00004C
:10E06000DEFF0000DEFF0000DEFF0000DEFF00003C
:10E07000DEFF0000DEFF0000DEFF0000DEFF00002C
:10E08000DEFF0000DEFF0000DEFF0000DEFF00001C
:10E09000DEFF0000DEFF0000DEFF0000DEFF00000C
:10E0A000DEFF0000DEFF0000DEFF0000DEFF0000FC
:10E0B000DEFF0000DEFF0000DEFF0000DEFF0000EC
:10E0C000DEFF0000DEFF0000DEFF0000DEFF0000DC
:10E0D000DEFF0000DEFF0000DEFF0000DEFF0000CC
:10E0E000DEFF0000DEFF0000DEFF0000DEFF0000BC
:10E0F000DEFF0000DEFF0000DEFF0000DEFF0000AC
:10E10000DEFF0000DEFF0000DEFF0000DEFF00009B
:10E11000DEFF0000DEFF0000DEFF0000DEFF00008B
:10E12000DEFF0000DEFF0000DEFF0000DEFF00007B
:10E13000DEFF0000DEFF0000DEFF0000DEFF00006B
:10E14000DEFF0000DEFF0000DEFF0000DEFF00005B
:10E15000DEFF0000DEFF0000DEFF0000DEFF00004B
:10E16000DEFF0000DEFF0000DEFF0000DEFF00003B
:10E17000DEFF0000DEFF0000DEFF000030E60000F2
:10E1800048D5000087BC0000E572000012D60000F0
:10E19000DFEF0000DFEF0000DFEF0000DFEF000047
:10E1A000DFEF0000DFEF0000DFEF0000DFEF000037
:10E1B000DFEF0000DFEF0000DFEF0000DFEF000027
:10E1C000F2CD0000C051000066B400004BFE00001C
:10E1D00015FF0000DEFF0000DEFF0000DEFF000094
:10E1E000DEFF0000DEFF0000DEFF0000DEFF0000BB
:10E1F000DEFF0000DEFF0000DEFF0000DEFF0000AB
:10E20000DEFF0000DEFF0000DEFF0000DEFF00009A
:10E21000DEFF0000DEFF0000DEFF0000DEFF00008A
:10E22000DEFF0000DEFF0000DEFF0000DEFF00007A
:10E23000DEFF0000DEFF0000DEFF0000DEFF00006A
:10E24000DEFF0000DEFF0000DEFF0000DEFF00005A
:10E25000DEFF0000DEFF0000DEFF0000DEFF00004A
:10E26000DEFF0000DEFF0000DEFF0000DEFF00003A
:10E27000DEFF0000DEFF0000DEFF0000DEFF00002A
:10E28000DEFF0000DEFF0000DEFF0000DEFF00001A
:10E29000DEFF0000DEFF0000DEFF0000DEFF00000A
:10E2A000DEFF0000DEFF0000DEFF0000DEFF0000FA
:10E2B000DEFF0000DEFF0000DEFF0000DEFF0000EA
:10E2C000DEFF0000DEFF0000DEFF0000DEFF0000DA
:10E2D000DEFF0000DEFF0000DEFF0000DEFF0000CA
:10E2E000DEFF0000DEFF0000DEFF0000DEFF0000BA
:10E2F000DEFF0000DEFF0000DEFF0000DEFF0000AA
:10E30000DEFF0000DEFF0000DEFF0000DEFF000099
:10E31000DEFF0000DEFF0000DEFF0000DEFF000089
:10E32000DEFF0000DEFF0000DEFF0000DEFF000079
:10E33000DEFF0000DEFF0000DEFF0000DEFF000069
:10E34000DEFF0000DEFF0000DEFF0000DEFF000059
:10E35000DEFF0000DEFF0000DEFF0000DEFF000049
:10E36000DEFF0000DEFF0000DEFF0000DEFF000039
:10E37000DEFF0000DEFF0000DEFF0000DEFF000029
:10E38000DEFF0000DEFF0000DEFF0000DEFF000019
:10E39000DEFF0000DEFF0000DEFF0000DEFF000009
:10E3A000DEFF0000DEFF0000DEFF0000DEFF0000F9
:10E3B000DEFF0000DEFF0000DEFF0000DEFF0000E9
:10E3C000DEFF0000DEFF0000DEFF0000DEFF0000D9
:10E3D000DEFF0000D1FE00004BFE0000C7C40000BD
:10E3E000C0510000D1CD0000DFEF0000DFEF0000E2
:10E3F000DFEF0000DFEF0000DFEF0000DFEF0000E5
:10E40000DFEF0000DFEF0000DFEF0000DFEF0000D4
:10E41000DFEF0000DFEF0000F2CD0000C051000090
:10E4200066B400004BFE000015FF0000DEFF000098
:10E43000DEFF0000DEFF0000DEFF0000DEFF000068
:10E44000DEFF0000DEFF0000DEFF0000DEFF000058
:10E45000DEFF0000DEFF0000DEFF0000DEFF000048
:10E46000DEFF0000DEFF0000DEFF0000DEFF000038
:10E47000DEFF0000DEFF0000DEFF0000DEFF000028
:10E48000DEFF0000DEFF0000DEFF0000DEFF000018
:10E49000DEFF0000DEFF0000DEFF0000DEFF000008
:10E4A000DEFF0000DEFF0000DEFF0000DEFF0000F8
:10E4B000DEFF0000DEFF0000DEFF0000DEFF0000E8
:10E4C000DEFF0000DEFF0000DEFF0000DEFF0000D8
:10E4D000DEFF0000DEFF0000DEFF0000DEFF0000C8
:10E4E000DEFF0000DEFF0000DEFF0000DEFF0000B8
:10E4F000DEFF0000DEFF0000DEFF0000DEFF0000A8
:10E50000DEFF0000DEFF0000DEFF0000DEFF000097
:10E51000DEFF0000DEFF0000DEFF0000DEFF000087
:10E52000DEFF0000DEFF0000DEFF0000DEFF000077
:10E53000DEFF0000DEFF0000DEFF0000DEFF000067
:10E54000DEFF0000DEFF0000DEFF0000DEFF000057
:10E55000DEFF0000DEFF0000DEFF0000DEFF000047
:10E56000DEFF0000DEFF0000DEFF0000DEFF000037
:10E57000DEFF0000DEFF0000DEFF0000DEFF000027
:10E58000DEFF0000DEFF0000DEFF0000DEFF000017
:10E59000DEFF0000DEFF0000DEFF0000DEFF000007
:10E5A000DEFF0000DEFF0000DEFF0000DEFF0000F7
:10E5B000DEFF0000DEFF0000DEFF0000DEFF0000E7
:10E5C000DEFF0000DEFF0000DEFF0000DEFF0000D7
:10E5D000DEFF0000DEFF0000DEFF0000DEFF0000C7
:10E5E000DEFF0000DEFF0000DEFF0000DEFF0000B7
:10E5F000DEFF0000DEFF0000DEFF0000DEFF0000A7
:10E60000DEFF0000DEFF0000DEFF0000DEFF000096
:10E61000DEFF0000DEFF0000DEFF0000DEFF000086
:10E62000DEFF0000DEFF0000DEFF0000D1FE000084
:10E630004BFE0000C7C40000C0510000D1CD000057
:10E64000DFEF0000DFEF0000DFEF0000DFEF000092
:10E65000DFEF0000DFEF0000DFEF0000DFEF000082
:10E66000DFEF0000DFEF0000DFEF0000CDAC0000C7
:10E670008BAC0000A59B000028D500004BFE0000DD
:10E68000B1FE000015FF000031B5000031B50000FB
:10E6900031B5000031B5000031B5000031B50000E2
:10E6A00031B5000031B5000031B5000031B50000D2
:10E6B00031B5000031B5000031B5000031B50000C2
:10E6C00031B5000031B5000031B5000031B50000B2
:10E6D00031B5000031B5000031B5000031B50000A2
:10E6E00031B5000031B5000031B5000031B5000092
:10E6F00031B5000031B5000031B5000031B5000082
:10E7000031B5000031B5000031B5000031B5000071
:10E7100031B5000031B5000031B5000031B5000061
:10E7200031B5000031B5000031B5000031B5000051
:10E7300031B5000031B5000031B5000031B5000041
:10E7400031B5000031B5000031B5000031B5000031
:10E7500031B5000031B5000031B5000031B5000021
:10E7600031B5000031B5000031B5000031B5000011
:10E7700031B5000031B5000031B5000031B5000001
:10E7800031B5000031B5000031B5000031B50000F1
:10E7900031B5000031B5000031B5000031B50000E1
:10E7A00031B5000031B5000031B5000031B50000D1
:10E7B00031B5000031B5000031B5000031B50000C1
:10E7C00031B5000031B5000031B5000031B50000B1
:10E7D00031B5000031B5000031B5000031B50000A1
:10E7E00031B5000031B5000031B5000031B5000091
:10E7F00031B5000031B5000031B5000031B5000081
:10E8000031B5000031B5000031B5000031B5000070
:10E8100031B5000031B5000031B5000031B5000060
:10E8200031B5000031B5000031B5000031B5000050
:10E8300031B5000031B5000031B5000031B5000040
:10E8400031B5000031B5000031B5000031B5000030
:10E8500031B5000031B5000031B5000031B5000020
:10E8600031B5000031B5000031B5000031B5000010
:10E8700031B5000031B5000031B50000B2C500006F
:10E8800035FF00008FFE00004BFE000069DD000038
:10E89000A59B00008BAC00004FBD0000DFEF000027
:10E8A000DFEF0000DFEF0000DFEF0000DFEF000030
:10E8B000DFEF0000DFEF0000DFEF0000DFEF000020
:10E8C000DFEF0000057B0000668B000028D500000C
:10E8D000CAED00004BFE00006DFE00008FFE000040
:10E8E000277B0000277B0000277B0000277B0000A0
:10E8F000277B0000277B0000277B0000277B000090
:10E90000277B0000277B0000277B0000277B00007F
:10E91000277B0000277B0000277B0000277B00006F
:10E92000277B0000277B0000277B0000277B00005F
:10E93000277B0000277B0000277B0000277B00004F
:10E94000277B0000277B0000277B0000277B00003F
:10E95000277B0000277B0000277B0000277B00002F
:10E96000277B0000277B0000277B0000277B00001F
:10E97000277B0000277B0000277B0000277B00000F
:10E98000277B0000277B0000277B0000277B0000FF
:10E99000277B0000277B0000277B0000277B0000EF
:10E9A000277B0000277B0000277B0000277B0000DF
:10E9B000277B0000277B0000277B0000277B0000CF
:10E9C000277B0000277B0000277B0000277B0000BF
:10E9D000277B0000277B0000277B0000277B0000AF
:10E9E000277B0000277B0000277B0000277B00009F
:10E9F000277B0000277B0000277B0000277B00008F
:10EA0000277B0000277B0000277B0000277B00007E
:10EA1000277B0000277B0000277B0000277B00006E
:10EA2000277B0000277B0000277B0000277B00005E
:10EA3000277B0000277B0000277B0000277B00004E
:10EA4000277B0000277B0000277B0000277B00003E
:10EA5000277B0000277B0000277B0000277B00002E
:10EA6000277B0000277B0000277B0000277B00001E
:10EA7000277B0000277B0000277B0000277B00000E
:10EA8000277B0000277B0000277B0000277B0000FE
:10EA9000277B0000277B0000277B0000277B0000EE
:10EAA000277B0000277B0000277B0000277B0000DE
:10EAB000277B0000277B0000277B0000277B0000CE
:10EAC000277B0000277B0000277B0000277B0000BE
:10EAD000277B0000E99B00008FFE00004CFE000039
:10EAE0004BFE0000EAED000028D50000868B0000F8
:10EAF000E9930000DFEF0000DFEF0000DFEF000030
:10EB0000DFEF0000DFEF0000DFEF0000DFEF0000CD
:10EB1000DFEF0000DFEF0000DFEF0000015A000030
:10EB2000C37A00000AF600002BFE00004BFE000036
:10EB30004BFE00002BF60000015A0000015A0000B5
:10EB4000015A0000015A0000015A0000015A000059
:10EB5000015A0000015A0000015A0000015A000049
:10EB6000015A0000015A0000015A0000015A000039
:10EB7000015A0000015A0000015A0000015A000029
:10EB8000015A0000015A0000015A0000015A000019
:10EB9000015A0000015A0000015A0000015A000009
:10EBA000015A0000015A0000015A0000015A0000F9
:10EBB000015A0000015A0000015A0000015A0000E9
:10EBC000015A0000015A0000015A0000015A0000D9
:10EBD000015A0000015A0000015A0000015A0000C9
:10EBE000015A0000015A0000015A0000015A0000B9
:10EBF000015A0000015A0000015A0000015A0000A9
:10EC0000015A0000015A0000015A0000015A000098
:10EC1000015A0000015A0000015A0000015A000088
:10EC2000015A0000015A0000015A0000015A000078
:10EC3000015A0000015A0000015A0000015A000068
:10EC4000015A0000015A0000015A0000015A000058
:10EC5000015A0000015A0000015A0000015A000048
:10EC6000015A0000015A0000015A0000015A000038
:10EC7000015A0000015A0000015A0000015A000028
:10EC8000015A0000015A0000015A0000015A000018
:10EC9000015A0000015A0000015A0000015A000008
:10ECA000015A0000015A0000015A0000015A0000F8
:10ECB000015A0000015A0000015A0000015A0000E8
:10ECC000015A0000015A0000015A0000015A0000D8
:10ECD000015A0000015A0000015A0000015A0000C8
:10ECE000015A0000015A0000015A0000015A0000B8
:10ECF000015A0000015A0000015A0000015A0000A8
:10ED0000015A0000015A0000015A0000015A000097
:10ED1000015A0000015A0000015A0000015A000087
:10ED2000015A0000015A0000015A0000E37A000075
:10ED30004CFE00004BFE00004BFE00002BFE0000CE
:10ED40000AF60000E37A0000057B0000DFEF000018
:10ED5000DFEF0000DFEF0000DFEF0000DFEF00007B
:10ED6000DFEF0000DFEF0000DFEF0000DFEF00006B
:10ED7000DFEF0000C0510000A27200004BFE000057
:10ED80004BFE00004BFE00004BFE00002BF6000087
:10ED9000C0510000C0510000C0510000C05100002F
:10EDA000C0510000C0510000C0510000C05100001F
:10EDB000C0510000C0510000C0510000C05100000F
:10EDC000C0510000C0510000C0510000C0510000FF
:10EDD000C0510000C0510000C0510000C0510000EF
:10EDE000C0510000C0510000C0510000C0510000DF
:10EDF000C0510000C0510000C0510000C0510000CF
:10EE0000C0510000C0510000C0510000C0510000BE
:10EE1000C0510000C0510000C0510000C0510000AE
:10EE2000C0510000C0510000C0510000C05100009E
:10EE3000C0510000C0510000C0510000C05100008E
:10EE4000C0510000C0510000C0510000C05100007E
:10EE5000C0510000C0510000C0510000C05100006E
:10EE6000C0510000C0510000C0510000C05100005E
:10EE7000C0510000C0510000C0510000C05100004E
:10EE8000C0510000C0510000C0510000C05100003E
:10EE9000C0510000C0510000C0510000C05100002E
:10EEA000C0510000C0510000C0510000C05100001E
:10EEB000C0510000C0510000C0510000C05100000E
:10EEC000C0510000C0510000C0510000C0510000FE
:10EED000C0510000C0510000C0510000C0510000EE
:10EEE000C0510000C0510000C0510000C0510000DE
:10EEF000C0510000C0510000C0510000C0510000CE
:10EF0000C0510000C0510000C0510000C0510000BD
:10EF1000C0510000C0510000C0510000C0510000AD
:10EF2000C0510000C0510000C0510000C05100009D
:10EF3000C0510000C0510000C0510000C05100008D
:10EF4000C0510000C0510000C0510000C05100007D
:10EF5000C0510000C0510000C0510000C05100006D
:10EF6000C0510000C0510000C0510000C05100005D
:10EF7000C0510000C0510000C0510000C05100004D
:10EF8000C0510000C27A00004BFE00004BFE0000A2
:10EF90004BFE00004BFE00004BFE0000C27A00005A
:10EFA000E5720000DFEF0000DFEF0000DFEF0000A0
:10EFB000DFEF0000DFEF0000DFEF0000DFEF000019
:10EFC000DFEF0000DFEF0000DFEF0000C0510000C6
:10EFD000A27200004BFE00004BFE00004BFE000042
:10EFE0004BFE00002BF60000C0510000C051000095
:10EFF000C0510000C0510000C0510000C0510000CD
:10F00000C0510000C0510000C0510000C0510000BC
:10F01000C0510000C0510000C0510000C0510000AC
:10F02000C0510000C0510000C0510000C05100009C
:10F03000C0510000C0510000C0510000C05100008C
:10F04000C0510000C0510000C0510000C05100007C
:10F05000C0510000C0510000C0510000C05100006C
:10F06000C0510000C0510000C0510000C05100005C
:10F07000C0510000C0510000C0510000C05100004C
:10F08000C0510000C0510000C0510000C05100003C
:10F09000C0510000C0510000C0510000C05100002C
:10F0A000C0510000C0510000C0510000C05100001C
:10F0B000C0510000C0510000C0510000C05100000C
:10F0C000C0510000C0510000C0510000C0510000FC
:10F0D000C0510000C0510000C0510000C0510000EC
:10F0E000C0510000C0510000C0510000C0510000DC
:10F0F000C0510000C0510000C0510000C0510000CC
:10F10000C0510000C0510000C0510000C0510000BB
:10F11000C0510000C0510000C0510000C0510000AB
:10F12000C0510000C0510000C0510000C05100009B
:10F13000C0510000C0510000C0510000C05100008B
:10F14000C0510000C0510000C0510000C05100007B
:10F15000C0510000C0510000C0510000C05100006B
:10F16000C0510000C0510000C0510000C05100005B
:10F17000C0510000C0510000C0510000C05100004B
:10F18000C0510000C0510000C0510000C05100003B
:10F19000C0510000C0510000C0510000C05100002B
:10F1A000C0510000C0510000C0510000C05100001B
:10F1B000C0510000C0510000C0510000C05100000B
:10F1C000C0510000C0510000C0510000C0510000FB
:10F1D000C0510000C0510000C0510000C27A0000C0
:10F1E0004BFE00004BFE00004BFE00004BFE0000FB
:10F1F0004BFE0000C27A0000E5720000DFEF000065
:10F20000DFEF0000DFEF0000DFEF0000DFEF0000C6
:10F21000DFEF0000DFEF0000DFEF0000DFEF0000B6
:10F22000DFEF0000C0510000A27200004BFE0000A2
:10F230004BFE00004BFE00004BFE00002BF60000D2
:10F24000C0510000C0510000C0510000C05100007A
:10F25000C0510000C0510000C0510000C05100006A
:10F26000C0510000C0510000C0510000C05100005A
:10F27000C0510000C0510000C0510000C05100004A
:10F28000C0510000C0510000C0510000C05100003A
:10F29000C0510000C0510000C0510000C05100002A
:10F2A000C0510000C0510000C0510000C05100001A
:10F2B000C0510000C0510000C0510000C05100000A
:10F2C000C0510000C0510000C0510000C0510000FA
:10F2D000C0510000C0510000C0510000C0510000EA
:10F2E000C0510000C0510000C0510000C0510000DA
:10F2F000C0510000C0510000C0510000C0510000CA
:10F30000C0510000C0510000C0510000C0510000B9
:10F31000C0510000C0510000C0510000C0510000A9
:10F32000C0510000C0510000C0510000C051000099
:10F33000C0510000C0510000C0510000C051000089
:10F34000C0510000C0510000C0510000C051000079
:10F35000C0510000C0510000C0510000C051000069
:10F36000C0510000C0510000C0510000C051000059
:10F37000C0510000C0510000C0510000C051000049
:10F38000C0510000C0510000C0510000C051000039
:10F39000C0510000C0510000C0510000C051000029
:10F3A000C0510000C0510000C0510000C051000019
:10F3B000C0510000C0510000C0510000C051000009
:10F3C000C0510000C0510000C0510000C0510000F9
:10F3D000C0510000C0510000C0510000C0510000E9
:10F3E000C0510000C0510000C0510000C0510000D9
:10F3F000C0510000C0510000C0510000C0510000C9
:10F40000C0510000C0510000C0510000C0510000B8
:10F41000C0510000C0510000C0510000C0510000A8
:10F42000C0510000C0510000C0510000C051000098
:10F43000C0510000C27A00004BFE00004BFE0000ED
:10F440004BFE00004BFE00004BFE0000C27A0000A5
:10F45000E5720000DFEF0000DFEF0000DFEF0000EB
:10F46000DFEF0000DFEF0000DFEF0000DFEF000064
:10F47000DFEF0000ACAC00006BA4000005AC0000A6
:10F4800066BC00004BFE00004BFE00004BFE00007F
:10F4900008CD000005A40000CFAC0000CFAC0000F8
:10F4A000CFAC0000CFAC0000CFAC0000CFAC000070
:10F4B000CFAC0000CFAC0000CFAC0000CFAC000060
:10F4C000CFAC0000CFAC0000CFAC0000CFAC000050
:10F4D000CFAC0000CFAC0000CFAC0000CFAC000040
:10F4E000CFAC0000CFAC0000CFAC0000CFAC000030
:10F4F000CFAC0000CFAC0000CFAC0000CFAC000020
:10F50000CFAC0000CFAC0000CFAC0000CFAC00000F
:10F51000CFAC0000CFAC0000CFAC0000CFAC0000FF
:10F52000CFAC0000CFAC0000CFAC0000CFAC0000EF
:10F53000CFAC0000CFAC0000CFAC0000CFAC0000DF
:10F54000CFAC0000CFAC0000CFAC0000CFAC0000CF
:10F55000CFAC0000CFAC0000CFAC0000CFAC0000BF
:10F56000CFAC0000CFAC0000CFAC0000CFAC0000AF
:10F57000CFAC0000CFAC0000CFAC0000CFAC00009F
:10F58000CFAC0000CFAC0000CFAC0000CFAC00008F
:10F59000CFAC0000CFAC0000CFAC0000CFAC00007F
:10F5A000CFAC0000CFAC0000CFAC0000CFAC00006F
:10F5B000CFAC0000CFAC0000CFAC0000CFAC00005F
:10F5C000CFAC0000CFAC0000CFAC0000CFAC00004F
:10F5D000CFAC0000CFAC0000CFAC0000CFAC00003F
:10F5E000CFAC0000CFAC0000CFAC0000CFAC00002F
:10F5F000CFAC0000CFAC0000CFAC0000CFAC00001F
:10F60000CFAC0000CFAC0000CFAC0000CFAC00000E
:10F61000CFAC0000CFAC0000CFAC0000CFAC0000FE
:10F62000CFAC0000CFAC0000CFAC0000CFAC0000EE
:10F63000CFAC0000CFAC0000CFAC0000CFAC0000DE
:10F64000CFAC0000CFAC0000CFAC0000CFAC0000CE
:10F65000CFAC0000CFAC0000CFAC0000CFAC0000BE
:10F66000CFAC0000CFAC0000CFAC0000CFAC0000AE
:10F67000CFAC0000CFAC0000CFAC0000CFAC00009E
:10F68000CFAC0000CFAC0000CFAC0000ADAC0000B0
:10F6900005AC000069DD00004BFE00004BFE0000E1
:10F6A0004BFE000087BC000007A400006BA4000014
:10F6B0006BA40000D6EE0000DFEF0000DFEF0000DB
:10F6C000DFEF0000DFEF0000DFEF0000426200002C
:10F6D000C05100004BFE00004BFE00004BFE00003E
:10F6E0004BFE00004BFE0000C59B0000E0590000EF
:10F6F000DEFF0000DEFF0000DEFF0000DEFF000096
:10F70000DEFF0000DEFF0000DEFF0000DEFF000085
:10F71000DEFF0000DEFF0000DEFF0000DEFF000075
:10F72000DEFF0000DEFF0000DEFF0000DEFF000065
:10F73000DEFF0000DEFF0000DEFF0000DEFF000055
:10F74000DEFF0000DEFF0000DEFF0000DEFF000045
:10F75000DEFF0000DEFF0000DEFF0000DEFF000035
:10F76000DEFF0000DEFF0000DEFF0000DEFF000025
:10F77000DEFF0000DEFF0000DEFF0000DEFF000015
:10F78000DEFF0000DEFF0000DEFF0000DEFF000005
:10F79000DEFF0000DEFF0000DEFF0000DEFF0000F5
:10F7A000DEFF0000DEFF0000DEFF0000DEFF0000E5
:10F7B000DEFF0000DEFF0000DEFF0000DEFF0000D5
:10F7C000DEFF0000DEFF0000DEFF0000DEFF0000C5
:10F7D000DEFF0000DEFF0000DEFF0000DEFF0000B5
:10F7E000DEFF0000DEFF0000DEFF0000DEFF0000A5
:10F7F000DEFF0000DEFF0000DEFF0000DEFF000095
:10F80000DEFF0000DEFF0000DEFF0000DEFF000084
:10F81000DEFF0000DEFF0000DEFF0000DEFF000074
:10F82000DEFF0000DEFF0000DEFF0000DEFF000064
:10F83000DEFF0000DEFF0000DEFF0000DEFF000054
:10F84000DEFF0000DEFF0000DEFF0000DEFF000044
:10F85000DEFF0000DEFF0000DEFF0000DEFF000034
:10F86000DEFF0000DEFF0000DEFF0000DEFF000024
:10F87000DEFF0000DEFF0000DEFF0000DEFF000014
:10F88000DEFF0000DEFF0000DEFF0000DEFF000004
:10F89000DEFF0000DEFF0000DEFF0000DEFF0000F4
:10F8A000DEFF0000DEFF0000DEFF0000DEFF0000E4
:10F8B000DEFF0000DEFF0000DEFF0000DEFF0000D4
:10F8C000DEFF0000DEFF0000DEFF0000DEFF0000C4
:10F8D000DEFF0000DEFF0000DEFF0000DEFF0000B4
:10F8E000DEFF000097D60000C0510000A7BC00005A
:10F8F0004BFE00004BFE00004BFE00004BFE0000E4
:10F9000048D50000C0510000C0510000B5E600001D
:10F91000DFEF0000DFEF0000DFEF0000DFEF0000AF
:10F92000DFEF000042620000C05100004BFE00000B
:10F930004BFE00004BFE00004BFE00004BFE0000A3
:10F94000C59B0000E0590000DEFF0000DEFF000064
:10F95000DEFF0000DEFF0000DEFF0000DEFF000033
:10F96000DEFF0000DEFF0000DEFF0000DEFF000023
:10F97000DEFF0000DEFF0000DEFF0000DEFF000013
:10F98000DEFF0000DEFF0000DEFF0000DEFF000003
:10F99000DEFF0000DEFF0000DEFF0000DEFF0000F3
:10F9A000DEFF0000DEFF0000DEFF0000DEFF0000E3
:10F9B000DEFF0000DEFF0000DEFF0000DEFF0000D3
:10F9C000DEFF0000DEFF0000DEFF0000DEFF0000C3
:10F9D000DEFF0000DEFF0000DEFF0000DEFF0000B3
:10F9E000DEFF0000DEFF0000DEFF0000DEFF0000A3
:10F9F000DEFF0000DEFF0000DEFF0000DEFF000093
:10FA0000DEFF0000DEFF0000DEFF0000DEFF000082
:10FA1000DEFF0000DEFF0000DEFF0000DEFF000072
:10FA2000DEFF0000DEFF0000DEFF0000DEFF000062
:10FA3000DEFF0000DEFF0000DEFF0000DEFF000052
:10FA4000DEFF0000DEFF0000DEFF0000DEFF000042
:10FA5000DEFF0000DEFF0000DEFF0000DEFF000032
:10FA6000DEFF0000DEFF0000DEFF0000DEFF000022
:10FA7000DEFF0000DEFF0000DEFF0000DEFF000012
:10FA8000DEFF0000DEFF0000DEFF0000DEFF000002
:10FA9000DEFF0000DEFF0000DEFF0000DEFF0000F2
:10FAA000DEFF0000DEFF0000DEFF0000DEFF0000E2
:10FAB000DEFF0000DEFF0000DEFF0000DEFF0000D2
:10FAC000DEFF0000DEFF0000DEFF0000DEFF0000C2
:10FAD000DEFF0000DEFF0000DEFF0000DEFF0000B2
:10FAE000DEFF0000DEFF0000DEFF0000DEFF0000A2
:10FAF000DEFF0000DEFF0000DEFF0000DEFF000092
:10FB0000DEFF0000DEFF0000DEFF0000DEFF000081
:10FB1000DEFF0000DEFF0000DEFF0000DEFF000071
:10FB2000DEFF0000DEFF0000DEFF0000DEFF000061
:10FB3000DEFF0000DEFF0000DEFF000097D60000C1
:10FB4000C0510000A7BC00004BFE00004BFE0000AF
:10FB50004BFE00004BFE000048D50000C0510000E5
:10FB6000C0510000B5E60000DFEF0000DFEF00004D
:10FB7000DFEF0000DFEF0000DFEF00004262000077
:10FB8000C05100004BFE00004BFE00004BFE000089
:10FB90004BFE00004BFE0000C59B0000E05900003A
:10FBA000DEFF0000DEFF0000DEFF0000DEFF0000E1
:10FBB000DEFF0000DEFF0000DEFF0000DEFF0000D1
:10FBC000DEFF0000DEFF0000DEFF0000DEFF0000C1
:10FBD000DEFF0000DEFF0000DEFF0000DEFF0000B1
:10FBE000DEFF0000DEFF0000DEFF0000DEFF0000A1
:10FBF000DEFF0000DEFF0000DEFF0000DEFF000091
:10FC0000DEFF0000DEFF0000DEFF0000DEFF000080
:10FC1000DEFF0000DEFF0000DEFF0000DEFF000070
:10FC2000DEFF0000DEFF0000DEFF0000DEFF000060
:10FC3000DEFF0000DEFF0000DEFF0000DEFF000050
:10FC4000DEFF0000DEFF0000DEFF0000DEFF000040
:10FC5000DEFF0000DEFF0000DEFF0000DEFF000030
:10FC6000DEFF0000DEFF0000DEFF0000DEFF000020
:10FC7000DEFF0000DEFF0000DEFF0000DEFF000010
:10FC8000DEFF0000DEFF0000DEFF0000DEFF000000
:10FC9000DEFF0000DEFF0000DEFF0000DEFF0000F0
:10FCA000DEFF0000DEFF0000DEFF0000DEFF0000E0
:10FCB000DEFF0000DEFF0000DEFF0000DEFF0000D0
:10FCC000DEFF0000DEFF0000DEFF0000DEFF0000C0
:10FCD000DEFF0000DEFF0000DEFF0000DEFF0000B0
:10FCE000DEFF0000DEFF0000DEFF0000DEFF0000A0
:10FCF000DEFF0000DEFF0000DEFF0000DEFF000090
:10FD0000DEFF0000DEFF0000DEFF0000DEFF00007F
:10FD1000DEFF0000DEFF0000DEFF0000DEFF00006F
:10FD2000DEFF0000DEFF0000DEFF0000DEFF00005F
:10FD3000DEFF0000DEFF0000DEFF0000DEFF00004F
:10FD4000DEFF0000DEFF0000DEFF0000DEFF00003F
:10FD5000DEFF0000DEFF0000DEFF0000DEFF00002F
:10FD6000DEFF0000DEFF0000DEFF0000DEFF00001F
:10FD7000DEFF0000DEFF0000DEFF0000DEFF00000F
:10FD8000DEFF0000DEFF0000DEFF0000DEFF0000FF
:10FD9000DEFF000097D60000C0510000A7BC0000A5
:10FDA0004BFE00004BFE00004BFE00004BFE00002F
:10FDB00048D50000C0510000C0510000B5E6000069
:10FDC000DFEF0000DFEF0000DFEF0000D6EE000005
:10FDD000D6EE0000626A0000005A00004BFE0000F0
:10FDE0004BFE00004BFE00002BF600000AF6000060
:10FDF000C5A30000215A0000DEFF0000DEFF000066
:10FE0000DEFF0000DEFF0000DEFF0000DEFF00007E
:10FE1000DEFF0000DEFF0000DEFF0000DEFF00006E
:10FE2000DEFF0000DEFF0000DEFF0000DEFF00005E
:10FE3000DEFF0000DEFF0000DEFF0000DEFF00004E
:10FE4000DEFF0000DEFF0000DEFF0000DEFF00003E
:10FE5000DEFF0000DEFF0000DEFF0000DEFF00002E
:10FE6000DEFF0000DEFF0000DEFF0000DEFF00001E
:10FE7000DEFF0000DEFF0000DEFF0000DEFF00000E
:10FE8000DEFF0000DEFF0000DEFF0000DEFF0000FE
:10FE9000DEFF0000DEFF0000DEFF0000DEFF0000EE
:10FEA000DEFF0000DEFF0000DEFF0000DEFF0000DE
:10FEB000DEFF0000DEFF0000DEFF0000DEFF0000CE
:10FEC000DEFF0000DEFF0000DEFF0000DEFF0000BE
:10FED000DEFF0000DEFF0000DEFF0000DEFF0000AE
:10FEE000DEFF0000DEFF0000DEFF0000DEFF00009E
:10FEF000DEFF0000DEFF0000DEFF0000DEFF00008E
:10FF0000DEFF0000DEFF0000DEFF0000DEFF00007D
:10FF1000DEFF0000DEFF0000DEFF0000DEFF00006D
:10FF2000DEFF0000DEFF0000DEFF0000DEFF00005D
:10FF3000DEFF0000DEFF0000DEFF0000DEFF00004D
:10FF4000DEFF0000DEFF0000DEFF0000DEFF00003D
:10FF5000DEFF0000DEFF0000DEFF0000DEFF00002D
:10FF6000DEFF0000DEFF0000DEFF0000DEFF00001D
:10FF7000DEFF0000DEFF0000DEFF0000DEFF00000D
:10FF8000DEFF0000DEFF0000DEFF0000DEFF0000FD
:10FF9000DEFF0000DEFF0000DEFF0000DEFF0000ED
:10FFA000DEFF0000DEFF0000DEFF0000DEFF0000DD
:10FFB000DEFF0000DEFF0000DEFF0000DEFF0000CD
:10FFC000DEFF0000DEFF0000DEFF0000DEFF0000BD
:10FFD000DEFF0000DEFF0000DEFF0000DEFF0000AD
:10FFE000DEFF0000DEFF0000DEFF000097DE000005
:10FFF000015A000087BC00000AF600002BF6000042
:020000040801F1
:100000004BFE00004BFE000049DD0000005A0000DE
:10001000005A000074DE0000D6EE0000DFEF0000A2
:10002000DFEF000033D60000B1C5000024830000DC
:10003000E27A00004BFE00004BFE00004BFE000089
:1000400089E5000008D5000007A40000477B0000F8
:10005000DEFF0000DEFF0000DEFF0000DEFF00002C
:10006000DEFF0000DEFF0000DEFF0000DEFF00001C
:10007000DEFF0000DEFF0000DEFF0000DEFF00000C
:10008000DEFF0000DEFF0000DEFF0000DEFF0000FC
:10009000DEFF0000DEFF0000DEFF0000DEFF0000EC
:1000A000DEFF0000DEFF0000DEFF0000DEFF0000DC
:1000B000DEFF0000DEFF0000DEFF0000DEFF0000CC
:1000C000DEFF0000DEFF0000DEFF0000DEFF0000BC
:1000D000DEFF0000DEFF0000DEFF0000DEFF0000AC
:1000E000DEFF0000DEFF0000DEFF0000DEFF00009C
:1000F000DEFF0000DEFF0000DEFF0000DEFF00008C
:10010000DEFF0000DEFF0000DEFF0000DEFF00007B
:10011000DEFF0000DEFF0000DEFF0000DEFF00006B
:10012000DEFF0000DEFF0000DEFF0000DEFF00005B
:10013000DEFF0000DEFF0000DEFF0000DEFF00004B
:10014000DEFF0000DEFF0000DEFF0000DEFF00003B
:10015000DEFF0000DEFF0000DEFF0000DEFF00002B
:10016000DEFF0000DEFF0000DEFF0000DEFF00001B
:10017000DEFF0000DEFF0000DEFF0000DEFF00000B
:10018000DEFF0000DEFF0000DEFF0000DEFF0000FB
:10019000DEFF0000DEFF0000DEFF0000DEFF0000EB
:1001A000DEFF0000DEFF0000DEFF0000DEFF0000DB
:1001B000DEFF0000DEFF0000DEFF0000DEFF0000CB
:1001C000DEFF0000DEFF0000DEFF0000DEFF0000BB
:1001D000DEFF0000DEFF0000DEFF0000DEFF0000AB
:1001E000DEFF0000DEFF0000DEFF0000DEFF00009B
:1001F000DEFF0000DEFF0000DEFF0000DEFF00008B
:10020000DEFF0000DEFF0000DEFF0000DEFF00007A
:10021000DEFF0000DEFF0000DEFF0000DEFF00006A
:10022000DEFF0000DEFF0000DEFF0000DEFF00005A
:10023000DEFF0000DEFF0000DEFF0000DEFF00004A
:10024000DEFF0000D9DE0000267B000067B400005E
:1002500008D5000069DD00004BFE00004BFE0000E9
:1002600089DD0000E27A0000E27A000090C500001B
:10027000F2D50000DFEF0000DFEF00000EB5000058
:10028000C993000067B4000087BC00004BFE00006B
:100290004BFE00004BFE000087BC00008493000072
:1002A0006AA4000050B50000DEFF0000DEFF000081
:1002B000DEFF0000DEFF0000DEFF0000DEFF0000CA
:1002C000DEFF0000DEFF0000DEFF0000DEFF0000BA
:1002D000DEFF0000DEFF0000DEFF0000DEFF0000AA
:1002E000DEFF0000DEFF0000DEFF0000DEFF00009A
:1002F000DEFF0000DEFF0000DEFF0000DEFF00008A
:10030000DEFF0000DEFF0000DEFF0000DEFF000079
:10031000DEFF0000DEFF0000DEFF0000DEFF000069
:10032000DEFF0000DEFF0000DEFF0000DEFF000059
:10033000DEFF0000DEFF0000DEFF0000DEFF000049
:10034000DEFF0000DEFF0000DEFF0000DEFF000039
:10035000DEFF0000DEFF0000DEFF0000DEFF000029
:10036000DEFF0000DEFF0000DEFF0000DEFF000019
:10037000DEFF0000DEFF0000DEFF0000DEFF000009
:10038000DEFF0000DEFF0000DEFF0000DEFF0000F9
:10039000DEFF0000DEFF0000DEFF0000DEFF0000E9
:1003A000DEFF0000DEFF0000DEFF0000DEFF0000D9
:1003B000DEFF0000DEFF0000DEFF0000DEFF0000C9
:1003C000DEFF0000DEFF0000DEFF0000DEFF0000B9
:1003D000DEFF0000DEFF0000DEFF0000DEFF0000A9
:1003E000DEFF0000DEFF0000DEFF0000DEFF000099
:1003F000DEFF0000DEFF0000DEFF0000DEFF000089
:10040000DEFF0000DEFF0000DEFF0000DEFF000078
:10041000DEFF0000DEFF0000DEFF0000DEFF000068
:10042000DEFF0000DEFF0000DEFF0000DEFF000058
:10043000DEFF0000DEFF0000DEFF0000DEFF000048
:10044000DEFF0000DEFF0000DEFF0000DEFF000038
:10045000DEFF0000DEFF0000DEFF0000DEFF000028
:10046000DEFF0000DEFF0000DEFF0000DEFF000018
:10047000DEFF0000DEFF0000DEFF0000DEFF000008
:10048000DEFF0000DEFF0000DEFF0000DEFF0000F8
:10049000DEFF0000DEFF0000DEFF00003BEF00009B
:1004A00030B5000028A400008493000066B400006A
:1004B0004BFE00004BFE0000CAED000087BC0000B0
:1004C00087BC0000C89300008CA40000DFEF000090
:1004D000DFEF0000C9930000C0510000CAED00002A
:1004E0004BFE00004BFE00004BFE00004BFE0000E8
:1004F000849B0000C0510000CEAC00005AF7000001
:10050000DEFF0000DEFF0000DEFF0000DEFF000077
:10051000DEFF0000DEFF0000DEFF0000DEFF000067
:10052000DEFF0000DEFF0000DEFF0000DEFF000057
:10053000DEFF0000DEFF0000DEFF0000DEFF000047
:10054000DEFF0000DEFF0000DEFF0000DEFF000037
:10055000DEFF0000DEFF0000DEFF0000DEFF000027
:10056000DEFF0000DEFF0000DEFF0000DEFF000017
:10057000DEFF0000DEFF0000DEFF0000DEFF000007
:10058000DEFF0000DEFF0000DEFF0000DEFF0000F7
:10059000DEFF0000DEFF0000DEFF0000DEFF0000E7
:1005A000DEFF0000DEFF0000DEFF0000DEFF0000D7
:1005B000DEFF0000DEFF0000DEFF0000DEFF0000C7
:1005C000DEFF0000DEFF0000DEFF0000DEFF0000B7
:1005D000DEFF0000DEFF0000DEFF0000DEFF0000A7
:1005E000DEFF0000DEFF0000DEFF0000DEFF000097
:1005F000DEFF0000DEFF0000DEFF0000DEFF000087
:10060000DEFF0000DEFF0000DEFF0000DEFF000076
:10061000DEFF0000DEFF0000DEFF0000DEFF000066
:10062000DEFF0000DEFF0000DEFF0000DEFF000056
:10063000DEFF0000DEFF0000DEFF0000DEFF000046
:10064000DEFF0000DEFF0000DEFF0000DEFF000036
:10065000DEFF0000DEFF0000DEFF0000DEFF000026
:10066000DEFF0000DEFF0000DEFF0000DEFF000016
:10067000DEFF0000DEFF0000DEFF0000DEFF000006
:10068000DEFF0000DEFF0000DEFF0000DEFF0000F6
:10069000DEFF0000DEFF0000DEFF0000DEFF0000E6
:1006A000DEFF0000DEFF0000DEFF0000DEFF0000D6
:1006B000DEFF0000DEFF0000DEFF0000DEFF0000C6
:1006C000DEFF0000DEFF0000DEFF0000DEFF0000B6
:1006D000DEFF0000DEFF0000DEFF0000DEFF0000A6
:1006E000DEFF0000DEFF0000DEFF0000DEFF000096
:1006F000DEFF0000BDFF00005AF70000C98B0000BC
:10070000C0510000238B00004BFE00004BFE000098
:100710004BFE00004BFE00004BFE0000005A0000A4
:10072000057B0000DFEF0000DFEF0000C993000051
:10073000C0510000CAED00004BFE00004BFE00005F
:100740004BFE00004BFE0000849B0000C0510000E7
:10075000CEAC00005AF70000DEFF0000DEFF000014
:10076000DEFF0000DEFF0000DEFF0000DEFF000015
:10077000DEFF0000DEFF0000DEFF0000DEFF000005
:10078000DEFF0000DEFF0000DEFF0000DEFF0000F5
:10079000DEFF0000DEFF0000DEFF0000DEFF0000E5
:1007A000DEFF0000DEFF0000DEFF0000DEFF0000D5
:1007B000DEFF0000DEFF0000DEFF0000DEFF0000C5
:1007C000DEFF0000DEFF0000DEFF0000DEFF0000B5
:1007D000DEFF0000DEFF0000DEFF0000DEFF0000A5
:1007E000DEFF0000DEFF0000DEFF0000DEFF000095
:1007F000DEFF0000DEFF0000DEFF0000DEFF000085
:10080000DEFF0000DEFF0000DEFF0000DEFF000074
:10081000DEFF0000DEFF0000DEFF0000DEFF000064
:10082000DEFF0000DEFF0000DEFF0000DEFF000054
:10083000DEFF0000DEFF0000DEFF0000DEFF000044
:10084000DEFF0000DEFF0000DEFF0000DEFF000034
:10085000DEFF0000DEFF0000DEFF0000DEFF000024
:10086000DEFF0000DEFF0000DEFF0000DEFF000014
:10087000DEFF0000DEFF0000DEFF0000DEFF000004
:10088000DEFF0000DEFF0000DEFF0000DEFF0000F4
:10089000DEFF0000DEFF0000DEFF0000DEFF0000E4
:1008A000DEFF0000DEFF0000DEFF0000DEFF0000D4
:1008B000DEFF0000DEFF0000DEFF0000DEFF0000C4
:1008C000DEFF0000DEFF0000DEFF0000DEFF0000B4
:1008D000DEFF0000DEFF0000DEFF0000DEFF0000A4
:1008E000DEFF0000DEFF0000DEFF0000DEFF000094
:1008F000DEFF0000DEFF0000DEFF0000DEFF000084
:10090000DEFF0000DEFF0000DEFF0000DEFF000073
:10091000DEFF0000DEFF0000DEFF0000DEFF000063
:10092000DEFF0000DEFF0000DEFF0000DEFF000053
:10093000DEFF0000DEFF0000DEFF0000DEFF000043
:10094000DEFF0000DEFF0000DEFF0000BDFF000054
:100950005AF70000C98B0000C0510000238B000033
:100960004BFE00004BFE00004BFE00004BFE000063
:100970004BFE0000005A0000057B0000DFEF000086
:10098000DFEF0000C9930000C0510000CAED000075
:100990004BFE00004BFE00004BFE00004BFE000033
:1009A000849B0000C0510000CEAC00005AF700004C
:1009B000DEFF0000DEFF0000DEFF0000DEFF0000C3
:1009C000DEFF0000DEFF0000DEFF0000DEFF0000B3
:1009D000DEFF0000DEFF0000DEFF0000DEFF0000A3
:1009E000DEFF0000DEFF0000DEFF0000DEFF000093
:1009F000DEFF0000DEFF0000DEFF0000DEFF000083
:100A0000DEFF0000DEFF0000DEFF0000DEFF000072
:100A1000DEFF0000DEFF0000DEFF0000DEFF000062
:100A2000DEFF0000DEFF0000DEFF0000DEFF000052
:100A3000DEFF0000DEFF0000DEFF0000DEFF000042
:100A4000DEFF0000DEFF0000DEFF0000DEFF000032
:100A5000DEFF0000DEFF0000DEFF0000DEFF000022
:100A6000DEFF0000DEFF0000DEFF0000DEFF000012
:100A7000DEFF0000DEFF0000DEFF0000DEFF000002
:100A8000DEFF0000DEFF0000DEFF0000DEFF0000F2
:100A9000DEFF0000DEFF0000DEFF0000DEFF0000E2
:100AA000DEFF0000DEFF0000DEFF0000DEFF0000D2
:100AB000DEFF0000DEFF0000DEFF0000DEFF0000C2
:100AC000DEFF0000DEFF0000DEFF0000DEFF0000B2
:100AD000DEFF0000DEFF0000DEFF0000DEFF0000A2
:100AE000DEFF0000DEFF0000DEFF0000DEFF000092
:100AF000DEFF0000DEFF0000DEFF0000DEFF000082
:100B0000DEFF0000DEFF0000DEFF0000DEFF000071
:100B1000DEFF0000DEFF0000DEFF0000DEFF000061
:100B2000DEFF0000DEFF0000DEFF0000DEFF000051
:100B3000DEFF0000DEFF0000DEFF0000DEFF000041
:100B4000DEFF0000DEFF0000DEFF0000DEFF000031
:100B5000DEFF0000DEFF0000DEFF0000DEFF000021
:100B6000DEFF0000DEFF0000DEFF0000DEFF000011
:100B7000DEFF0000DEFF0000DEFF0000DEFF000001
:100B8000DEFF0000DEFF0000DEFF0000DEFF0000F1
:100B9000DEFF0000DEFF0000DEFF0000DEFF0000E1
:100BA000DEFF0000BDFF00005AF70000C98B000007
:100BB000C0510000238B00004BFE00004BFE0000E4
:100BC0004BFE00004BFE00004BFE0000005A0000F0
:100BD000057B0000DFEF0000DFEF0000C89300009E
:100BE000005A0000CAED00002BFE00004BFE000082
:100BF0002BFE00000AF60000A59B0000015A000031
:100C0000EEAC00005AF70000DEFF0000DEFF00003F
:100C1000DEFF0000DEFF0000DEFF0000DEFF000060
:100C2000DEFF0000DEFF0000DEFF0000DEFF000050
:100C3000DEFF0000DEFF0000DEFF0000DEFF000040
:100C4000DEFF0000DEFF0000DEFF0000DEFF000030
:100C5000DEFF0000DEFF0000DEFF0000DEFF000020
:100C6000DEFF0000DEFF0000DEFF0000DEFF000010
:100C7000DEFF0000DEFF0000DEFF0000DEFF000000
:100C8000DEFF0000DEFF0000DEFF0000DEFF0000F0
:100C9000DEFF0000DEFF0000DEFF0000DEFF0000E0
:100CA000DEFF0000DEFF0000DEFF0000DEFF0000D0
:100CB000DEFF0000DEFF0000DEFF0000DEFF0000C0
:100CC000DEFF0000DEFF0000DEFF0000DEFF0000B0
:100CD000DEFF0000DEFF0000DEFF0000DEFF0000A0
:100CE000DEFF0000DEFF0000DEFF0000DEFF000090
:100CF000DEFF0000DEFF0000DEFF0000DEFF000080
:100D0000DEFF0000DEFF0000DEFF0000DEFF00006F
:100D1000DEFF0000DEFF0000DEFF0000DEFF00005F
:100D2000DEFF0000DEFF0000DEFF0000DEFF00004F
:100D3000DEFF0000DEFF0000DEFF0000DEFF00003F
:100D4000DEFF0000DEFF0000DEFF0000DEFF00002F
:100D5000DEFF0000DEFF0000DEFF0000DEFF00001F
:100D6000DEFF0000DEFF0000DEFF0000DEFF00000F
:100D7000DEFF0000DEFF0000DEFF0000DEFF0000FF
:100D8000DEFF0000DEFF0000DEFF0000DEFF0000EF
:100D9000DEFF0000DEFF0000DEFF0000DEFF0000DF
:100DA000DEFF0000DEFF0000DEFF0000DEFF0000CF
:100DB000DEFF0000DEFF0000DEFF0000DEFF0000BF
:100DC000DEFF0000DEFF0000DEFF0000DEFF0000AF
:100DD000DEFF0000DEFF0000DEFF0000DEFF00009F
:100DE000DEFF0000DEFF0000DEFF0000DEFF00008F
:100DF000DEFF0000DEFF0000DEFF0000BDFF0000A0
:100E00005AF70000EA930000015A0000448B0000EA
:100E10000AF600002BFE00002BFE00002BFE000057
:100E20002BFE000041620000257B0000D6E600009A
:100E3000D6EE000006A40000A2A30000C8F5000042
:100E400008FE00004BFE0000CAED000026AC0000CA
:100E500049A400006C9C000013CE00005AF700006B
:100E6000BDFF0000BDFF0000BDFF0000BDFF000092
:100E7000BDFF0000BDFF0000BDFF0000BDFF000082
:100E8000BDFF0000BDFF0000BDFF0000BDFF000072
:100E9000BDFF0000BDFF0000BDFF0000BDFF000062
:100EA000BDFF0000BDFF0000BDFF0000BDFF000052
:100EB000BDFF0000BDFF0000BDFF0000BDFF000042
:100EC000BDFF0000BDFF0000BDFF0000BDFF000032
:100ED000BDFF0000BDFF0000BDFF0000BDFF000022
:100EE000BDFF0000BDFF0000BDFF0000BDFF000012
:100EF000BDFF0000BDFF0000BDFF0000BDFF000002
:100F0000BDFF0000BDFF0000BDFF0000BDFF0000F1
:100F1000BDFF0000BDFF0000BDFF0000BDFF0000E1
:100F2000BDFF0000BDFF0000BDFF0000BDFF0000D1
:100F3000BDFF0000BDFF0000BDFF0000BDFF0000C1
:100F4000BDFF0000BDFF0000BDFF0000BDFF0000B1
:100F5000BDFF0000BDFF0000BDFF0000BDFF0000A1
:100F6000BDFF0000BDFF0000BDFF0000BDFF000091
:100F7000BDFF0000BDFF0000BDFF0000BDFF000081
:100F8000BDFF0000BDFF0000BDFF0000BDFF000071
:100F9000BDFF0000BDFF0000BDFF0000BDFF000061
:100FA000BDFF0000BDFF0000BDFF0000BDFF000051
:100FB000BDFF0000BDFF0000BDFF0000BDFF000041
:100FC000BDFF0000BDFF0000BDFF0000BDFF000031
:100FD000BDFF0000BDFF0000BDFF0000BDFF000021
:100FE000BDFF0000BDFF0000BDFF0000BDFF000011
:100FF000BDFF0000BDFF0000BDFF0000BDFF000001
:10100000BDFF0000BDFF0000BDFF0000BDFF0000F0
:10101000BDFF0000BDFF0000BDFF0000BDFF0000E0
:10102000BDFF0000BDFF0000BDFF0000BDFF0000D0
:10103000BDFF0000BDFF0000BDFF0000BDFF0000C0
:10104000BDFF0000BDFF0000BDFF0000BDFF0000B0
:10105000BDFF00009CFF00005AF7000071BD0000BA
:101060006C9C00004AA4000026AC0000CAED000001
:101070002AFE000008FE000008FE0000C3A30000D6
:10108000E5A300008CA400002EB5000024B40000ED
:1010900004DD0000C6F50000E7FD00004BFE000087
:1010A00089DD0000A2720000CDAC000055D6000022
:1010B000D7E600005AF700009CFF00009CFF0000EC
:1010C0009CFF00009CFF00009CFF00009CFF0000B4
:1010D0009CFF00009CFF00009CFF00009CFF0000A4
:1010E0009CFF00009CFF00009CFF00009CFF000094
:1010F0009CFF00009CFF00009CFF00009CFF000084
:101100009CFF00009CFF00009CFF00009CFF000073
:101110009CFF00009CFF00009CFF00009CFF000063
:101120009CFF00009CFF00009CFF00009CFF000053
:101130009CFF00009CFF00009CFF00009CFF000043
:101140009CFF00009CFF00009CFF00009CFF000033
:101150009CFF00009CFF00009CFF00009CFF000023
:101160009CFF00009CFF00009CFF00009CFF000013
:101170009CFF00009CFF00009CFF00009CFF000003
:101180009CFF00009CFF00009CFF00009CFF0000F3
:101190009CFF00009CFF00009CFF00009CFF0000E3
:1011A0009CFF00009CFF00009CFF00009CFF0000D3
:1011B0009CFF00009CFF00009CFF00009CFF0000C3
:1011C0009CFF00009CFF00009CFF00009CFF0000B3
:1011D0009CFF00009CFF00009CFF00009CFF0000A3
:1011E0009CFF00009CFF00009CFF00009CFF000093
:1011F0009CFF00009CFF00009CFF00009CFF000083
:101200009CFF00009CFF00009CFF00009CFF000072
:101210009CFF00009CFF00009CFF00009CFF000062
:101220009CFF00009CFF00009CFF00009CFF000052
:101230009CFF00009CFF00009CFF00009CFF000042
:101240009CFF00009CFF00009CFF00009CFF000032
:101250009CFF00009CFF00009CFF00009CFF000022
:101260009CFF00009CFF00009CFF00009CFF000012
:101270009CFF00009CFF00009CFF00009CFF000002
:101280009CFF00009CFF00009CFF00009CFF0000F2
:101290009CFF00009CFF00009CFF00009CFF0000E2
:1012A0009CFF00009CFF00009CFF00009CF70000DA
:1012B0005AF70000B6DE000055D600002FB500003A
:1012C000A272000069DD00002AFE0000E7FD0000B8
:1012D000E7FD000004DD000084C40000C4720000CB
:1012E000C88B000043BC0000C6FD0000C6FD000026
:1012F000C6FD00004BFE000049DD0000C0510000AB
:101300000FB500005AF700005AF700005AF7000026
:101310009CFF00009CFF00009CFF00009CFF000061
:101320009CFF00009CFF00009CFF00009CFF000051
:101330009CFF00009CFF00009CFF00009CFF000041
:101340009CFF00009CFF00009CFF00009CFF000031
:101350009CFF00009CFF00009CFF00009CFF000021
:101360009CFF00009CFF00009CFF00009CFF000011
:101370009CFF00009CFF00009CFF00009CFF000001
:101380009CFF00009CFF00009CFF00009CFF0000F1
:101390009CFF00009CFF00009CFF00009CFF0000E1
:1013A0009CFF00009CFF00009CFF00009CFF0000D1
:1013B0009CFF00009CFF00009CFF00009CFF0000C1
:1013C0009CFF00009CFF00009CFF00009CFF0000B1
:1013D0009CFF00009CFF00009CFF00009CFF0000A1
:1013E0009CFF00009CFF00009CFF00009CFF000091
:1013F0009CFF00009CFF00009CFF00009CFF000081
:101400009CFF00009CFF00009CFF00009CFF000070
:101410009CFF00009CFF00009CFF00009CFF000060
:101420009CFF00009CFF00009CFF00009CFF000050
:101430009CFF00009CFF00009CFF00009CFF000040
:101440009CFF00009CFF00009CFF00009CFF000030
:101450009CFF00009CFF00009CFF00009CFF000020
:101460009CFF00009CFF00009CFF00009CFF000010
:101470009CFF00009CFF00009CFF00009CFF000000
:101480009CFF00009CFF00009CFF00009CFF0000F0
:101490009CFF00009CFF00009CFF00009CFF0000E0
:1014A0009CFF00009CFF00009CFF00009CFF0000D0
:1014B0009CFF00009CFF00009CFF00009CFF0000C0
:1014C0009CFF00009CFF00009CFF00009CFF0000B0
:1014D0009CFF00009CFF00009CFF00009CFF0000A0
:1014E0009CFF00009CFF00009CFF00009CFF000090
:1014F0009CFF00009CFF00009CFF00009CFF000080
:101500009CFF00009BF700005AF700005AF700000C
:101510005AF70000B2C50000C051000028D50000F5
:101520002AFE0000C6FD0000C6FD0000C6FD00004A
:10153000C4D40000C0510000057B000043BC000083
:10154000C6FD0000C6FD0000C6FD00004BFE000009
:1015500049DD0000C05100000FB500005AF700003F
:101560005AF700005AF700009CFF00009CFF0000A3
:101570009CFF00009CFF00009CFF00009CFF0000FF
:101580009CFF00009CFF00009CFF00009CFF0000EF
:101590009CFF00009CFF00009CFF00009CFF0000DF
:1015A0009CFF00009CFF00009CFF00009CFF0000CF
:1015B0009CFF00009CFF00009CFF00009CFF0000BF
:1015C0009CFF00009CFF00009CFF00009CFF0000AF
:1015D0009CFF00009CFF00009CFF00009CFF00009F
:1015E0009CFF00009CFF00009CFF00009CFF00008F
:1015F0009CFF00009CFF00009CFF00009CFF00007F
:101600009CFF00009CFF00009CFF00009CFF00006E
:101610009CFF00009CFF00009CFF00009CFF00005E
:101620009CFF00009CFF00009CFF00009CFF00004E
:101630009CFF00009CFF00009CFF00009CFF00003E
:101640009CFF00009CFF00009CFF00009CFF00002E
:101650009CFF00009CFF00009CFF00009CFF00001E
:101660009CFF00009CFF00009CFF00009CFF00000E
:101670009CFF00009CFF00009CFF00009CFF0000FE
:101680009CFF00009CFF00009CFF00009CFF0000EE
:101690009CFF00009CFF00009CFF00009CFF0000DE
:1016A0009CFF00009CFF00009CFF00009CFF0000CE
:1016B0009CFF00009CFF00009CFF00009CFF0000BE
:1016C0009CFF00009CFF00009CFF00009CFF0000AE
:1016D0009CFF00009CFF00009CFF00009CFF00009E
:1016E0009CFF00009CFF00009CFF00009CFF00008E
:1016F0009CFF00009CFF00009CFF00009CFF00007E
:101700009CFF00009CFF00009CFF00009CFF00006D
:101710009CFF00009CFF00009CFF00009CFF00005D
:101720009CFF00009CFF00009CFF00009CFF00004D
:101730009CFF00009CFF00009CFF00009CFF00003D
:101740009CFF00009CFF00009CFF00009CFF00002D
:101750009CFF00009CFF00009CFF00009BF7000026
:101760005AF700005AF700005AF70000B2C500000F
:10177000C051000028D500002AFE0000C6FD000070
:10178000C6FD0000C6FD0000C4D40000C05100002A
:10179000057B000043BC0000C6FD0000C6FD000044
:1017A000C6FD00004BFE000049DD0000C0510000F6
:1017B0000FB500005AF700005AF700005AF7000072
:1017C0009CFF00009CFF00009CFF00009CFF0000AD
:1017D0009CFF00009CFF00009CFF00009CFF00009D
:1017E0009CFF00009CFF00009CFF00009CFF00008D
:1017F0009CFF00009CFF00009CFF00009CFF00007D
:101800009CFF00009CFF00009CFF00009CFF00006C
:101810009CFF00009CFF00009CFF00009CFF00005C
:101820009CFF00009CFF00009CFF00009CFF00004C
:101830009CFF00009CFF00009CFF00009CFF00003C
:101840009CFF00009CFF00009CFF00009CFF00002C
:101850009CFF00009CFF00009CFF00009CFF00001C
:101860009CFF00009CFF00009CFF00009CFF00000C
:101870009CFF00009CFF00009CFF00009CFF0000FC
:101880009CFF00009CFF00009CFF00009CFF0000EC
:101890009CFF00009CFF00009CFF00009CFF0000DC
:1018A0009CFF00009CFF00009CFF00009CFF0000CC
:1018B0009CFF00009CFF00009CFF00009CFF0000BC
:1018C0009CFF00009CFF00009CFF00009CFF0000AC
:1018D0009CFF00009CFF00009CFF00009CFF00009C
:1018E0009CFF00009CFF00009CFF00009CFF00008C
:1018F0009CFF00009CFF00009CFF00009CFF00007C
:101900009CFF00009CFF00009CFF00009CFF00006B
:101910009CFF00009CFF00009CFF00009CFF00005B
:101920009CFF00009CFF00009CFF00009CFF00004B
:101930009CFF00009CFF00009CFF00009CFF00003B
:101940009CFF00009CFF00009CFF00009CFF00002B
:101950009CFF00009CFF00009CFF00009CFF00001B
:101960009CFF00009CFF00009CFF00009CFF00000B
:101970009CFF00009CFF00009CFF00009CFF0000FB
:101980009CFF00009CFF00009CFF00009CFF0000EB
:101990009CFF00009CFF00009CFF00009CFF0000DB
:1019A0009CFF00009CFF00009CFF00009CFF0000CB
:1019B0009CFF00009BF700005AF700005AF7000058
:1019C0005AF70000B2C50000C051000028D5000041
:1019D0002AFE0000C6FD0000C6FD0000C6FD000096
:1019E000C4D40000C0510000057B000043BC0000CF
:1019F000C6FD0000C6FD0000C6FD00004BFE000055
:101A000049DD0000C05100000FB500005AF700008A
:101A10005AF700005AF700009CFF00009CFF0000EE
:101A20009CFF00009CFF00009CFF00009CFF00004A
:101A30009CFF00009CFF00009CFF00009CFF00003A
:101A40009CFF00009CFF00009CFF00009CFF00002A
:101A50009CFF00009CFF00009CFF00009CFF00001A
:101A60009CFF00009CFF00009CFF00009CFF00000A
:101A70009CFF00009CFF00009CFF00009CFF0000FA
:101A80009CFF00009CFF00009CFF00009CFF0000EA
:101A90009CFF00009CFF00009CFF00009CFF0000DA
:101AA0009CFF00009CFF00009CFF00009CFF0000CA
:101AB0009CFF00009CFF00009CFF00009CFF0000BA
:101AC0009CFF00009CFF00009CFF00009CFF0000AA
:101AD0009CFF00009CFF00009CFF00009CFF00009A
:101AE0009CFF00009CFF00009CFF00009CFF00008A
:101AF0009CFF00009CFF00009CFF00009CFF00007A
:101B00009CFF00009CFF00009CFF00009CFF000069
:101B10009CFF00009CFF00009CFF00009CFF000059
:101B20009CFF00009CFF00009CFF00009CFF000049
:101B30009CFF00009CFF00009CFF00009CFF000039
:101B40009CFF00009CFF00009CFF00009CFF000029
:101B50009CFF00009CFF00009CFF00009CFF000019
:101B60009CFF00009CFF00009CFF00009CFF000009
:101B70009CFF00009CFF00009CFF00009CFF0000F9
:101B80009CFF00009CFF00009CFF00009CFF0000E9
:101B90009CFF00009CFF00009CFF00009CFF0000D9
:101BA0009CFF00009CFF00009CFF00009CFF0000C9
:101BB0009CFF00009CFF00009CFF00009CFF0000B9
:101BC0009CFF00009CFF00009CFF00009CFF0000A9
:101BD0009CFF00009CFF00009CFF00009CFF000099
:101BE0009CFF00009CFF00009CFF00009CFF000089
:101BF0009CFF00009CFF00009CFF00009CFF000079
:101C00009CFF00009CFF00009CFF00009BF7000071
:101C10005AF700005AF700005AF70000B2C500005A
:101C2000C051000028D500002AFE0000C6FD0000BB
:101C3000C6FD0000C6FD0000C4D40000C051000075
:101C4000057B000043BC0000C6FD0000C6FD00008F
:101C5000C6FD000064930000C69B00000EB50000A6
:101C600054D6000038F700005AF700007BF7000058
:101C70009CFF00009CFF00009CFF00009CFF0000F8
:101C80009CFF00009CFF00009CFF00009CFF0000E8
:101C90009CFF00009CFF00009CFF00009CFF0000D8
:101CA0009CFF00009CFF00009CFF00009CFF0000C8
:101CB0009CFF00009CFF00009CFF00009CFF0000B8
:101CC0009CFF00009CFF00009CFF00009CFF0000A8
:101CD0009CFF00009CFF00009CFF00009CFF000098
:101CE0009CFF00009CFF00009CFF00009CFF000088
:101CF0009CFF00009CFF00009CFF00009CFF000078
:101D00009CFF00009CFF00009CFF00009CFF000067
:101D10009CFF00009CFF00009CFF00009CFF000057
:101D20009CFF00009CFF00009CFF00009CFF000047
:101D30009CFF00009CFF00009CFF00009CFF000037
:101D40009CFF00009CFF00009CFF00009CFF000027
:101D50009CFF00009CFF00009CFF00009CFF000017
:101D60009CFF00009CFF00009CFF00009CFF000007
:101D70009CFF00009CFF00009CFF00009CFF0000F7
:101D80009CFF00009CFF00009CFF00009CFF0000E7
:101D90009CFF00009CFF00009CFF00009CFF0000D7
:101DA0009CFF00009CFF00009CFF00009CFF0000C7
:101DB0009CFF00009CFF00009CFF00009CFF0000B7
:101DC0009CFF00009CFF00009CFF00009CFF0000A7
:101DD0009CFF00009CFF00009CFF00009CFF000097
:101DE0009CFF00009CFF00009CFF00009CFF000087
:101DF0009CFF00009CFF00009CFF00009CFF000077
:101E00009CFF00009CFF00009CFF00009CFF000066
:101E10009CFF00009CFF00009CFF00009CFF000056
:101E20009CFF00009CFF00009CFF00009CFF000046
:101E30009CFF00009CFF00009CFF00009CFF000036
:101E40009CFF00009CFF00009CFF00009CFF000026
:101E50009CFF00009CFF00009CFF00009CFF000016
:101E60009CFF00009CF700007BF7000039F70000A2
:101E700038F7000075DE00000EB50000C69B0000BC
:101E8000E4AB0000C6FD0000C6FD0000C6FD00007A
:101E9000C4D40000C0510000057B000043BC00001A
:101EA000C6FD0000C6FD0000C6FD0000C0510000D8
:101EB000E472000017EF000017EF000017EF0000BA
:101EC00059F700009CFF00009CFF00009CFF0000F1
:101ED0009CFF00009CFF00009CFF00009CFF000096
:101EE0009CFF00009CFF00009CFF00009CFF000086
:101EF0009CFF00009CFF00009CFF00009CFF000076
:101F00009CFF00009CFF00009CFF00009CFF000065
:101F10009CFF00009CFF00009CFF00009CFF000055
:101F20009CFF00009CFF00009CFF00009CFF000045
:101F30009CFF00009CFF00009CFF00009CFF000035
:101F40009CFF00009CFF00009CFF00009CFF000025
:101F50009CFF00009CFF00009CFF00009CFF000015
:101F60009CFF00009CFF00009CFF00009CFF000005
:101F70009CFF00009CFF00009CFF00009CFF0000F5
:101F80009CFF00009CFF00009CFF00009CFF0000E5
:101F90009CFF00009CFF00009CFF00009CFF0000D5
:101FA0009CFF00009CFF00009CFF00009CFF0000C5
:101FB0009CFF00009CFF00009CFF00009CFF0000B5
:101FC0009CFF00009CFF00009CFF00009CFF0000A5
:101FD0009CFF00009CFF00009CFF00009CFF000095
:101FE0009CFF00009CFF00009CFF00009CFF000085
:101FF0009CFF00009CFF00009CFF00009CFF000075
:102000009CFF00009CFF00009CFF00009CFF000064
:102010009CFF00009CFF00009CFF00009CFF000054
:102020009CFF00009CFF00009CFF00009CFF000044
:102030009CFF00009CFF00009CFF00009CFF000034
:102040009CFF00009CFF00009CFF00009CFF000024
:102050009CFF00009CFF00009CFF00009CFF000014
:102060009CFF00009CFF00009CFF00009CFF000004
:102070009CFF00009CFF00009CFF00009CFF0000F4
:102080009CFF00009CFF00009CFF00009CFF0000E4
:102090009CFF00009CFF00009CFF00009CFF0000D4
:1020A0009CFF00009CFF00009CFF00009CFF0000C4
:1020B0009CFF00009CFF00009CFF00009CFF0000B4
:1020C0009CFF000038F7000017EF000017EF00003A
:1020D00017EF0000057B0000A17A0000C6FD00009C
:1020E000C6FD0000C6FD0000C4D40000C0510000C1
:1020F000057B000043BC0000C6FD0000C6FD0000DB
:10210000C6FD0000C0510000E472000017EF00009F
:1021100017EF000017EF000059F700009CFF0000C8
:102120009CFF00009CFF00009CFF00009CFF000043
:102130009CFF00009CFF00009CFF00009CFF000033
:102140009CFF00009CFF00009CFF00009CFF000023
:102150009CFF00009CFF00009CFF00009CFF000013
:102160009CFF00009CFF00009CFF00009CFF000003
:102170009CFF00009CFF00009CFF00009CFF0000F3
:102180009CFF00009CFF00009CFF00009CFF0000E3
:102190009CFF00009CFF00009CFF00009CFF0000D3
:1021A0009CFF00009CFF00009CFF00009CFF0000C3
:1021B0009CFF00009CFF00009CFF00009CFF0000B3
:1021C0009CFF00009CFF00009CFF00009CFF0000A3
:1021D0009CFF00009CFF00009CFF00009CFF000093
:1021E0009CFF00009CFF00009CFF00009CFF000083
:1021F0009CFF00009CFF00009CFF00009CFF000073
:102200009CFF00009CFF00009CFF00009CFF000062
:102210009CFF00009CFF00009CFF00009CFF000052
:102220009CFF00009CFF00009CFF00009CFF000042
:102230009CFF00009CFF00009CFF00009CFF000032
:102240009CFF00009CFF00009CFF00009CFF000022
:102250009CFF00009CFF00009CFF00009CFF000012
:102260009CFF00009CFF00009CFF00009CFF000002
:102270009CFF00009CFF00009CFF00009CFF0000F2
:102280009CFF00009CFF00009CFF00009CFF0000E2
:102290009CFF00009CFF00009CFF00009CFF0000D2
:1022A0009CFF00009CFF00009CFF00009CFF0000C2
:1022B0009CFF00009CFF00009CFF00009CFF0000B2
:1022C0009CFF00009CFF00009CFF00009CFF0000A2
:1022D0009CFF00009CFF00009CFF00009CFF000092
:1022E0009CFF00009CFF00009CFF00009CFF000082
:1022F0009CFF00009CFF00009CFF00009CFF000072
:102300009CFF00009CFF00009CFF00009CFF000061
:102310009CFF00009CFF00009CFF000038F70000BD
:1023200017EF000017EF000017EF0000057B00001B
:10233000A17A0000C6FD0000C6FD0000C6FD000039
:10234000C4D40000C0510000057B000043BC000065
:10235000C6FD0000C6FD0000C6FD0000C051000023
:10236000E472000017EF000017EF000017EF000005
:1023700059F700009CFF00009CFF00009CFF00003C
:102380009CFF00009CFF00009CFF00009CFF0000E1
:102390009CFF00009CFF00009CFF00009CFF0000D1
:1023A0009CFF00009CFF00009CFF00009CFF0000C1
:1023B0009CFF00009CFF00009CFF00009CFF0000B1
:1023C0009CFF00009CFF00009CFF00009CFF0000A1
:1023D0009CFF00009CFF00009CFF00009CFF000091
:1023E0009CFF00009CFF00009CFF00009CFF000081
:1023F0009CFF00009CFF00009CFF00009CFF000071
:102400009CFF00009CFF00009CFF00009CFF000060
:102410009CFF00009CFF00009CFF00009CFF000050
:102420009CFF00009CFF00009CFF00009CFF000040
:102430009CFF00009CFF00009CFF00009CFF000030
:102440009CFF00009CFF00009CFF00009CFF000020
:102450009CFF00009CFF00009CFF00009CFF000010
:102460009CFF00009CFF00009CFF00009CFF000000
:102470009CFF00009CFF00009CFF00009CFF0000F0
:102480009CFF00009CFF00009CFF00009CFF0000E0
:102490009CFF00009CFF00009CFF00009CFF0000D0
:1024A0009CFF00009CFF00009CFF00009CFF0000C0
:1024B0009CFF00009CFF00009CFF00009CFF0000B0
:1024C0009CFF00009CFF00009CFF00009CFF0000A0
:1024D0009CFF00009CFF00009CFF00009CFF000090
:1024E0009CFF00009CFF00009CFF00009CFF000080
:1024F0009CFF00009CFF00009CFF00009CFF000070
:102500009CFF00009CFF00009CFF00009CFF00005F
:102510009CFF00009CFF00009CFF00009CFF00004F
:102520009CFF00009CFF00009CFF00009CFF00003F
:102530009CFF00009CFF00009CFF00009CFF00002F
:102540009CFF00009CFF00009CFF00009CFF00001F
:102550009CFF00009CFF00009CFF00009CFF00000F
:102560009CFF00009CFF00009CFF00009CFF0000FF
:102570009CFF000038F7000017EF000017EF000085
:1025800017EF0000057B0000A17A0000C6FD0000E7
:10259000C6FD0000C6FD0000C4D40000C05100000C
:1025A000057B000043BC0000C6FD0000C6FD000026
:1025B000C6FD0000C0510000E472000017EF0000EB
:1025C00017EF000017EF000059F700009CFF000014
:1025D0009CFF00009CFF00009CFF00009CFF00008F
:1025E0009CFF00009CFF00009CFF00009CFF00007F
:1025F0009CFF00009CFF00009CFF00009CFF00006F
:102600009CFF00009CFF00009CFF00009CFF00005E
:102610009CFF00009CFF00009CFF00009CFF00004E
:102620009CFF00009CFF00009CFF00009CFF00003E
:102630009CFF00009CFF00009CFF00009CFF00002E
:102640009CFF00009CFF00009CFF00009CFF00001E
:102650009CFF00009CFF00009CFF00009CFF00000E
:102660009CFF00009CFF00009CFF00009CFF0000FE
:102670009CFF00009CFF00009CFF00009CFF0000EE
:102680009CFF00009CFF00009CFF00009CFF0000DE
:102690009CFF00009CFF00009CFF00009CFF0000CE
:1026A0009CFF00009CFF00009CFF00009CFF0000BE
:1026B0009CFF00009CFF00009CFF00009CFF0000AE
:1026C0009CFF00009CFF00009CFF00009CFF00009E
:1026D0009CFF00009CFF00009CFF00009CFF00008E
:1026E0009CFF00009CFF00009CFF00009CFF00007E
:1026F0009CFF00009CFF00009CFF00009CFF00006E
:102700009CFF00009CFF00009CFF00009CFF00005D
:102710009CFF00009CFF00009CFF00009CFF00004D
:102720009CFF00009CFF00009CFF00009CFF00003D
:102730009CFF00009CFF00009CFF00009CFF00002D
:102740009CFF00009CFF00009CFF00009CFF00001D
:102750009CFF00009CFF00009CFF00009CFF00000D
:102760009CFF00009CFF00009CFF00009CFF0000FD
:102770009CFF00009CFF00009CFF00009CFF0000ED
:102780009CFF00009CFF00009CFF00009CFF0000DD
:102790009CFF00009CFF00009CFF00009CFF0000CD
:1027A0009CFF00009CFF00009CFF00009CFF0000BD
:1027B0009CFF00009CFF00009CFF00009CFF0000AD
:1027C0009CFF00009CFF00009CFF000038F7000009
:1027D00017EF000017EF000017EF0000057B000067
:1027E000A17A0000C6FD0000C6FD0000C6FD000085
:1027F000C4D40000C0510000057B000043BC0000B1
:10280000C6FD0000C6FD0000C6FD0000C05100006E
:10281000E472000017EF000017EF000017EF000050
:1028200059F700009CFF00009CFF00009CFF000087
:102830009CFF00009CFF00009CFF00009CFF00002C
:102840009CFF00009CFF00009CFF00009CFF00001C
:102850009CFF00009CFF00009CFF00009CFF00000C
:102860009CFF00009CFF00009CFF00009CFF0000FC
:102870009CFF00009CFF00009CFF00009CFF0000EC
:102880009CFF00009CFF00009CFF00009CFF0000DC
:102890009CFF00009CFF00009CFF00009CFF0000CC
:1028A0009CFF00009CFF00009CFF00009CFF0000BC
:1028B0009CFF00009CFF00009CFF00009CFF0000AC
:1028C0009CFF00009CFF00009CFF00009CFF00009C
:1028D0009CFF00009CFF00009CFF00009CFF00008C
:1028E0009CFF00009CFF00009CFF00009CFF00007C
:1028F0009CFF00009CFF00009CFF00009CFF00006C
:102900009CFF00009CFF00009CFF00009CFF00005B
:102910009CFF00009CFF00009CFF00009CFF00004B
:102920009CFF00009CFF00009CFF00009CFF00003B
:102930009CFF00009CFF00009CFF00009CFF00002B
:102940009CFF00009CFF00009CFF00009CFF00001B
:102950009CFF00009CFF00009CFF00009CFF00000B
:102960009CFF00009CFF00009CFF00009CFF0000FB
:102970009CFF00009CFF00009CFF00009CFF0000EB
:102980009CFF00009CFF00009CFF00009CFF0000DB
:102990009CFF00009CFF00009CFF00009CFF0000CB
:1029A0009CFF00009CFF00009CFF00009CFF0000BB
:1029B0009CFF00009CFF00009CFF00009CFF0000AB
:1029C0009CFF00009CFF00009CFF00009CFF00009B
:1029D0009CFF00009CFF00009CFF00009CFF00008B
:1029E0009CFF00009CFF00009CFF00009CFF00007B
:1029F0009CFF00009CFF00009CFF00009CFF00006B
:102A00009CFF00009CFF00009CFF00009CFF00005A
:102A10009CFF00009CFF00009CFF00009CFF00004A
:102A20009CFF000038F7000017EF000017EF0000D0
:102A300017EF0000057B0000A17A0000C6FD000032
:102A4000C6FD0000C6FD0000C4D40000C051000057
:102A5000057B000043BC0000C6FD0000C6FD000071
:102A6000C6FD0000C0510000E472000017EF000036
:102A700017EF000017EF000059F700009CFF00005F
:102A80009CFF00009CFF00009CFF00009CFF0000DA
:102A90009CFF00009CFF00009CFF00009CFF0000CA
:102AA0009CFF00009CFF00009CFF00009CFF0000BA
:102AB0009CFF00009CFF00009CFF00009CFF0000AA
:102AC0009CFF00009CFF00009CFF00009CFF00009A
:102AD0009CFF00009CFF00009CFF00009CFF00008A
:102AE0009CFF00009CFF00009CFF00009CFF00007A
:102AF0009CFF00009CFF00009CFF00009CFF00006A
:102B00009CFF00009CFF00009CFF00009CFF000059
:102B10009CFF00009CFF00009CFF00009CFF000049
:102B20009CFF00009CFF00009CFF00009CFF000039
:102B30009CFF00009CFF00009CFF00009CFF000029
:102B40009CFF00009CFF00009CFF00009CFF000019
:102B50009CFF00009CFF00009CFF00009CFF000009
:102B60009CFF00009CFF00009CFF00009CFF0000F9
:102B70009CFF00009CFF00009CFF00009CFF0000E9
:102B80009CFF00009CFF00009CFF00009CFF0000D9
:102B90009CFF00009CFF00009CFF00009CFF0000C9
:102BA0009CFF00009CFF00009CFF00009CFF0000B9
:102BB0009CFF00009CFF00009CFF00009CFF0000A9
:102BC0009CFF00009CFF00009CFF00009CFF000099
:102BD0009CFF00009CFF00009CFF00009CFF000089
:102BE0009CFF00009CFF00009CFF00009CFF000079
:102BF0009CFF00009CFF00009CFF00009CFF000069
:102C00009CFF00009CFF00009CFF00009CFF000058
:102C10009CFF00009CFF00009CFF00009CFF000048
:102C20009CFF00009CFF00009CFF00009CFF000038
:102C30009CFF00009CFF00009CFF00009CFF000028
:102C40009CFF00009CFF00009CFF00009CFF000018
:102C50009CFF00009CFF00009CFF00009CFF000008
:102C60009CFF00009CFF00009CFF00009CFF0000F8
:102C70009CFF00009CFF00009CFF000038F7000054
:102C800017EF000017EF000017EF0000057B0000B2
:102C9000A17A0000C6FD0000C6FD0000C6FD0000D0
:102CA000C4D40000C0510000057B000043BC0000FC
:102CB000C6FD0000C6FD0000C6FD0000C0510000BA
:102CC000E472000017EF000017EF000017EF00009C
:102CD00059F700009CFF00009CFF00009CFF0000D3
:102CE0009CFF00009CFF00009CFF00009CFF000078
:102CF0009CFF00009CFF00009CFF00009CFF000068
:102D00009CFF00009CFF00009CFF00009CFF000057
:102D10009CFF00009CFF00009CFF00009CFF000047
:102D20009CFF00009CFF00009CFF00009CFF000037
:102D30009CFF00009CFF00009CFF00009CFF000027
:102D40009CFF00009CFF00009CFF00009CFF000017
:102D50009CFF00009CFF00009CFF00009CFF000007
:102D60009CFF00009CFF00009CFF00009CFF0000F7
:102D70009CFF00009CFF00009CFF00009CFF0000E7
:102D80009CFF00009CFF00009CFF00009CFF0000D7
:102D90009CFF00009CFF00009CFF00009CFF0000C7
:102DA0009CFF00009CFF00009CFF00009CFF0000B7
:102DB0009CFF00009CFF00009CFF00009CFF0000A7
:102DC0009CFF00009CFF00009CFF00009CFF000097
:102DD0009CFF00009CFF00009CFF00009CFF000087
:102DE0009CFF00009CFF00009CFF00009CFF000077
:102DF0009CFF00009CFF00009CFF00009CFF000067
:102E00009CFF00009CFF00009CFF00009CFF000056
:102E10009CFF00009CFF00009CFF00009CFF000046
:102E20009CFF00009CFF00009CFF00009CFF000036
:102E30009CFF00009CFF00009CFF00009CFF000026
:102E40009CFF00009CFF00009CFF00009CFF000016
:102E50009CFF00009CFF00009CFF00009CFF000006
:102E60009CFF00009CFF00009CFF00009CFF0000F6
:102E70009CFF00009CFF00009CFF00009CFF0000E6
:102E80009CFF00009CFF00009CFF00009CFF0000D6
:102E90009CFF00009CFF00009CFF00009CFF0000C6
:102EA0009CFF00009CFF00009CFF00009CFF0000B6
:102EB0009CFF00009CFF00009CFF00009CFF0000A6
:102EC0009CFF00009CFF00009CFF00009CFF000096
:102ED0009CFF000038F7000017EF000017EF00001C
:102EE00017EF0000057B0000A17A0000C6FD00007E
:102EF000C6FD0000C6FD0000C4D40000C0510000A3
:102F0000057B000043BC0000C6FD0000C6FD0000BC
:102F1000C6FD0000C0510000E472000017EF000081
:102F200017EF000017EF000059F700009CFF0000AA
:102F30009CFF00009CFF00009CFF00009CFF000025
:102F40009CFF00009CFF00009CFF00009CFF000015
:102F50009CFF00009CFF00009CFF00009CFF000005
:102F60009CFF00009CFF00009CFF00009CFF0000F5
:102F70009CFF00009CFF00009CFF00009CFF0000E5
:102F80009CFF00009CFF00009CFF00009CFF0000D5
:102F90009CFF00009CFF00009CFF00009CFF0000C5
:102FA0009CFF00009CFF00009CFF00009CFF0000B5
:102FB0009CFF00009CFF00009CFF00009CFF0000A5
:102FC0009CFF00009CFF00009CFF00009CFF000095
:102FD0009CFF00009CFF00009CFF00009CFF000085
:102FE0009CFF00009CFF00009CFF00009CFF000075
:102FF0009CFF00009CFF00009CFF00009CFF000065
:103000009CFF00009CFF00009CFF00009CFF000054
:103010009CFF00009CFF00009CFF00009CFF000044
:103020009CFF00009CFF00009CFF00009CFF000034
:103030009CFF00009CFF00009CFF00009CFF000024
:103040009CFF00009CFF00009CFF00009CFF000014
:103050009CFF00009CFF00009CFF00009CFF000004
:103060009CFF00009CFF00009CFF00009CFF0000F4
:103070009CFF00009CFF00009CFF00009CFF0000E4
:103080009CFF00009CFF00009CFF00009CFF0000D4
:103090009CFF00009CFF00009CFF00009CFF0000C4
:1030A0009CFF00009CFF00009CFF00009CFF0000B4
:1030B0009CFF00009CFF00009CFF00009CFF0000A4
:1030C0009CFF00009CFF00009CFF00009CFF000094
:1030D0009CFF00009CFF00009CFF00009CFF000084
:1030E0009CFF00009CFF00009CFF00009CFF000074
:1030F0009CFF00009CFF00009CFF00009CFF000064
:103100009CFF00009CFF00009CFF00009CFF000053
:103110009CFF00009CFF00009CFF00009CFF000043
:103120009CFF00009CFF00009CFF000038F700009F
:1031300017EF000017EF000017EF0000057B0000FD
:10314000A17A0000C6FD0000C6FD0000C6FD00001B
:10315000C4D40000C0510000057B000043BC000047
:10316000C6FD0000C6FD0000C6FD0000C051000005
:10317000E472000017EF000017EF000017EF0000E7
:1031800059F700009CFF00009CFF00009CFF00001E
:103190009CFF00009CFF00009CFF00009CFF0000C3
:1031A0009CFF00009CFF00009CFF00009CFF0000B3
:1031B0009CFF00009CFF00009CFF00009CFF0000A3
:1031C0009CFF00009CFF00009CFF00009CFF000093
:1031D0009CFF00009CFF00009CFF00009CFF000083
:1031E0009CFF00009CFF00009CFF00009CFF000073
:1031F0009CFF00009CFF00009CFF00009CFF000063
:103200009CFF00009CFF00009CFF00009CFF000052
:103210009CFF00009CFF00009CFF00009CFF000042
:103220009CFF00009CFF00009CFF00009CFF000032
:103230009CFF00009CFF00009CFF00009CFF000022
:103240009CFF00009CFF00009CFF00009CFF000012
:103250009CFF00009CFF00009CFF00009CFF000002
:103260009CFF00009CFF00009CFF00009CFF0000F2
:103270009CFF00009CFF00009CFF00009CFF0000E2
:103280009CFF00009CFF00009CFF00009CFF0000D2
:103290009CFF00009CFF00009CFF00009CFF0000C2
:1032A0009CFF00009CFF00009CFF00009CFF0000B2
:1032B0009CFF00009CFF00009CFF00009CFF0000A2
:1032C0009CFF00009CFF00009CFF00009CFF000092
:1032D0009CFF00009CFF00009CFF00009CFF000082
:1032E0009CFF00009CFF00009CFF00009CFF000072
:1032F0009CFF00009CFF00009CFF00009CFF000062
:103300009CFF00009CFF00009CFF00009CFF000051
:103310009CFF00009CFF00009CFF00009CFF000041
:103320009CFF00009CFF00009CFF00009CFF000031
:103330009CFF00009CFF00009CFF00009CFF000021
:103340009CFF00009CFF00009CFF00009CFF000011
:103350009CFF00009CFF00009CFF00009CFF000001
:103360009CFF00009CFF00009CFF00009CFF0000F1
:103370009CFF00009CFF00009CFF00009CFF0000E1
:103380009CFF000038F7000017EF000017EF000067
:1033900017EF0000057B0000A17A0000C6FD0000C9
:1033A000C6FD0000C6FD0000C4D40000C0510000EE
:1033B000057B000043BC0000C6FD0000C6FD000008
:1033C000C6FD0000C0510000E472000017EF0000CD
:1033D00017EF000017EF000059F700009CFF0000F6
:1033E0009CFF00009CFF00009CFF00009CFF000071
:1033F0009CFF00009CFF00009CFF00009CFF000061
:103400009CFF00009CFF00009CFF00009CFF000050
:103410009CFF00009CFF00009CFF00009CFF000040
:103420009CFF00009CFF00009CFF00009CFF000030
:103430009CFF00009CFF00009CFF00009CFF000020
:103440009CFF00009CFF00009CFF00009CFF000010
:103450003AEF000019EF000019EF000019EF00002B
:1034600019EF000019EF000019EF000019EF00003C
:1034700019EF000019EF000019EF00009CFF000099
:103480009CFF00009CFF00009CFF00009CFF0000D0
:103490009CFF00009CFF00009CFF00009CFF0000C0
:1034A0003AEF000019EF000019EF000019EF0000DB
:1034B0009CFF00009CFF00009CFF00009CFF0000A0
:1034C0009CFF00009CFF00009CFF00009CFF000090
:1034D0009CFF00009CFF00009CFF00009CFF000080
:1034E0009CFF00009CFF00009CFF00009CFF000070
:1034F0009CFF00009CFF000019EF000019EF000086
:1035000019EF000019EF000019EF00005AEF00005A
:103510009CFF00009CFF00009CFF00009CFF00003F
:103520009CFF00009CFF00009CFF00009CFF00002F
:103530009CFF00009CFF00009CF7000019EF0000BA
:1035400019EF000019EF000019EF00009CFF0000C8
:103550009CFF00009CFF00005BF7000019EF0000DB
:1035600019EF000019EF00009CFF00009CFF000015
:103570009CFF00009CFF00009CFF00009CFF0000DF
:103580009CFF00009CFF00009CFF00009CFF0000CF
:103590009CFF00009CFF00009CFF00009CFF0000BF
:1035A0009CFF00009CFF00009CFF00009CFF0000AF
:1035B0009CFF00009CFF00009CFF00009CFF00009F
:1035C0009CFF00009CFF00009CFF00009CFF00008F
:1035D0009CFF00009CFF00009CFF000038F70000EB
:1035E00017EF000017EF000017EF0000057B000049
:1035F000A17A0000C6FD0000C6FD0000C6FD000067
:10360000C4D40000C0510000057B000043BC000092
:10361000C6FD0000C6FD0000C6FD0000C051000050
:10362000E472000017EF000017EF000017EF000032
:1036300059F700009CFF00009CFF00009CFF000069
:103640009CFF00009CFF00009CFF00009CFF00000E
:103650009CFF00009CFF00009CFF00009CFF0000FE
:103660009CFF00009CFF00009CFF00009CFF0000EE
:103670009CFF00009CFF00009CFF00009CFF0000DE
:103680009CFF00009CFF00009CFF00009CFF0000CE
:103690009CFF00009CFF00009CFF00009CFF0000BE
:1036A0009CFF00009CFF000010B500004C9C000037
:1036B0004C9C00004C9C00004C9C00004C9C00006A
:1036C0004C9C00004C9C00004C9C00004C9C00005A
:1036D0004C9C00009CFF00009CFF00009CFF000031
:1036E0009CFF00009CFF00009CFF00009CFF00006E
:1036F0009CFF00009CFF0000EFAC00004C9C000011
:103700004C9C00004C9C00009CFF00009CFF0000B3
:103710009CFF00009CFF00009CFF00009CFF00003D
:103720009CFF00009CFF00009CFF00009CFF00002D
:103730009CFF00009CFF00009CFF00009CFF00001D
:103740009CFF00009CFF00009CFF00009CFF00000D
:103750008DA400004C9C00004C9C00004C9C000080
:103760004C9C000092BD00009CFF00009CFF0000EC
:103770009CFF00009CFF00009CFF00009CFF0000DD
:103780009CFF00009CFF00009CFF00009CFF0000CD
:103790005AF700006D9C00004C9C00004C9C0000FF
:1037A0004C9C00009CFF00009CFF00009CFF000060
:1037B000F4CD00004C9C00004C9C00008DA4000047
:1037C0009CFF00009CFF00009CFF00009CFF00008D
:1037D0009CFF00009CFF00009CFF00009CFF00007D
:1037E0009CFF00009CFF00009CFF00009CFF00006D
:1037F0009CFF00009CFF00009CFF00009CFF00005D
:103800009CFF00009CFF00009CFF00009CFF00004C
:103810009CFF00009CFF00009CFF00009CFF00003C
:103820009CFF00009CFF00009CFF00009CFF00002C
:103830009CFF000038F7000017EF000017EF0000B2
:1038400017EF0000057B0000A17A0000C6FD000014
:10385000C6FD0000C6FD0000C4D40000C051000039
:10386000057B000043BC0000C6FD0000C6FD000053
:10387000C6FD0000C0510000E472000017EF000018
:1038800017EF000017EF000059F700009CFF000041
:103890009CFF00009CFF00009CFF00009CFF0000BC
:1038A0009CFF00009CFF00009CFF00009CFF0000AC
:1038B0009CFF00009CFF00009CFF00009CFF00009C
:1038C0009CFF00009CFF00009CFF00009CFF00008C
:1038D0009CFF00009CFF00009CFF00009CFF00007C
:1038E0009CFF00009CFF00009CFF00009CFF00006C
:1038F0009CFF00009CFF00009CFF00009CFF00005C
:10390000EA930000C5720000C5720000C572000095
:10391000C5720000C5720000C5720000C5720000CB
:10392000C5720000C5720000C57200009CFF000057
:103930009CFF00009CFF00009CFF00009CFF00001B
:103940009CFF00009CFF00009CFF00009CFF00000B
:10395000A98B0000C5720000C5720000C57200008E
:103960009CFF00009CFF00009CFF00009CFF0000EB
:103970009CFF00009CFF00009CFF00009CFF0000DB
:103980009CFF00009CFF00009CFF00009CFF0000CB
:103990009CFF00009CFF00009CFF00009CFF0000BB
:1039A0009CFF00009CFF0000267B0000C572000009
:1039B000C5720000C5720000C57200008DA4000031
:1039C0009CFF00009CFF00009CFF00009CFF00008B
:1039D0009CFF00009CFF00009CFF00009CFF00007B
:1039E0009CFF00009CFF00003AEF00000573000000
:1039F000C5720000C5720000C57200009CFF000087
:103A00009CFF00009CFF000030B50000C572000064
:103A1000C5720000067B00009CFF00009CFF0000B8
:103A20009CFF00009CFF00009CFF00009CFF00002A
:103A30009CFF00009CFF00009CFF00009CFF00001A
:103A40009CFF00009CFF00009CFF00009CFF00000A
:103A50009CFF00009CFF00009CFF00009CFF0000FA
:103A60009CFF00009CFF00009CFF00009CFF0000EA
:103A70009CFF00009CFF00009CFF00009CFF0000DA
:103A80009CFF00009CFF00009CFF000038F7000036
:103A900017EF000017EF000017EF0000057B000094
:103AA000A17A0000C6FD0000C6FD0000C6FD0000B2
:103AB000C4D40000C0510000057B000043BC0000DE
:103AC000C6FD0000C6FD0000C6FD0000C05100009C
:103AD000E472000017EF000017EF000017EF00007E
:103AE00059F700009CFF00009CFF00009CFF0000B5
:103AF0009CFF00009CFF00009CFF00009CFF00005A
:103B00009CFF00009CFF00009CFF00009CFF000049
:103B10009CFF00009CFF00009CFF00009CFF000039
:103B20009CFF00009CFF00009CFF00009CFF000029
:103B30009CFF00009CFF00009CFF00009CFF000019
:103B40009CFF00009CFF00009CFF00009CFF000009
:103B50009CFF00009CFF0000267B0000C05100007D
:103B6000C0510000C0510000C0510000C051000011
:103B7000C0510000C0510000C0510000C051000001
:103B8000C05100009CFF00009CFF00009CFF000053
:103B90009CFF00009CFF00009CFF00009CFF0000B9
:103BA0009CFF00009CFF0000E5720000C051000077
:103BB000C0510000C05100009CFF00009CFF0000AD
:103BC0009CFF00009CFF00009CFF00009CFF000089
:103BD0009CFF00009CFF00009CFF00009CFF000079
:103BE0009CFF00009CFF00009CFF00009CFF000069
:103BF0009CFF00009CFF00009CFF00009CFF000059
:103C0000225A0000C0510000C0510000C051000005
:103C1000C0510000EA9300009CFF00009CFF0000E0
:103C20009CFF00009CFF00009CFF00009CFF000028
:103C30009CFF00009CFF00009CFF00009CFF000018
:103C400019EF0000015A0000C0510000C0510000EF
:103C5000C05100009CFF00009CFF00009CFF000082
:103C6000AEA40000C0510000C0510000215A000065
:103C70009CFF00009CFF00009CFF00009CFF0000D8
:103C80009CFF00009CFF00009CFF00009CFF0000C8
:103C90009CFF00009CFF00009CFF00009CFF0000B8
:103CA0009CFF00009CFF00009CFF00009CFF0000A8
:103CB0009CFF00009CFF00009CFF00009CFF000098
:103CC0009CFF00009CFF00009CFF00009CFF000088
:103CD0009CFF00009CFF00009CFF00009CFF000078
:103CE0009CFF000038F7000017EF000017EF0000FE
:103CF00017EF0000057B0000A17A0000C6FD000060
:103D0000C6FD0000C6FD0000C4D40000C051000084
:103D1000057B000043BC0000C6FD0000C6FD00009E
:103D2000C6FD0000C0510000E472000017EF000063
:103D300017EF000017EF000059F700009CFF00008C
:103D40009CFF00009CFF00009CFF00009CFF000007
:103D50009CFF00009CFF00009CFF00009CFF0000F7
:103D60009CFF00009CFF00009CFF00009CFF0000E7
:103D70009CFF00009CFF00009CFF00009CFF0000D7
:103D80009CFF00009CFF00009CFF00009CFF0000C7
:103D90009CFF00009CFF00009CFF00009CFF0000B7
:103DA0009CFF00009CFF00009CFF00009CFF0000A7
:103DB000267B0000C0510000C0510000C05100002F
:103DC000C0510000C0510000C0510000C0510000AF
:103DD000C0510000C0510000C05100009CFF000015
:103DE0009CFF00009CFF00009CFF00009CFF000067
:103DF0009CFF00009CFF00009CFF00009CFF000057
:103E0000E5720000C0510000C0510000C051000028
:103E10009CFF00009CFF00009CFF00009CFF000036
:103E20009CFF00009CFF00009CFF00009CFF000026
:103E30009CFF00009CFF00009CFF00009CFF000016
:103E40009CFF00009CFF00009CFF00009CFF000006
:103E50009CFF00009CFF0000225A0000C05100009F
:103E6000C0510000C0510000C0510000EA930000A2
:103E70009CFF00009CFF00009CFF00009CFF0000D6
:103E80009CFF00009CFF00009CFF00009CFF0000C6
:103E90009CFF00009CFF000019EF0000015A000089
:103EA000C0510000C0510000C05100009CFF000044
:103EB0009CFF00009CFF0000AEA40000C051000069
:103EC000C0510000215A00009CFF00009CFF000030
:103ED0009CFF00009CFF00009CFF00009CFF000076
:103EE0009CFF00009CFF00009CFF00009CFF000066
:103EF0009CFF00009CFF00009CFF00009CFF000056
:103F00009CFF00009CFF00009CFF00009CFF000045
:103F10009CFF00009CFF00009CFF00009CFF000035
:103F20009CFF00009CFF00009CFF00009CFF000025
:103F30009CFF00009CFF00009CFF000038F7000081
:103F400017EF000017EF000017EF0000057B0000DF
:103F5000A17A0000C6FD0000C6FD0000C6FD0000FD
:103F6000C4D40000C0510000057B000043BC000029
:103F7000C6FD0000C6FD0000C6FD0000C0510000E7
:103F8000E472000017EF000017EF000017EF0000C9
:103F900059F700009CFF00009CFF00009CFF000000
:103FA0009CFF00009CFF00009CFF00009CFF0000A5
:103FB0009CFF00009CFF00009CFF00009CFF000095
:103FC0009CFF00009CFF00009CFF00009CFF000085
:103FD0009CFF00009CFF00009CFF00009CFF000075
:103FE0009CFF00009CFF00009CFF00009CFF000065
:103FF0009CFF00009CFF00009CFF00009CFF000055
:104000009CFF00009CFF0000267B0000C0510000C8
:10401000C0510000C0510000C0510000C05100005C
:10402000C0510000C0510000C0510000C05100004C
:10403000C05100009CFF00009CFF00009CFF00009E
:104040009CFF00009CFF00009CFF00009CFF000004
:104050009CFF00009CFF0000E5720000C0510000C2
:10406000C0510000C05100009CFF00009CFF0000F8
:104070009CFF00009CFF00009CFF00009CFF0000D4
:104080009CFF00009CFF00009CFF00009CFF0000C4
:104090009CFF00009CFF00009CFF00009CFF0000B4
:1040A0009CFF00009CFF00009CFF00009CFF0000A4
:1040B000225A0000C0510000C0510000C051000051
:1040C000C0510000EA9300009CFF00009CFF00002C
:1040D0009CFF00009CFF00009CFF00009CFF000074
:1040E0009CFF00009CFF00009CFF00009CFF000064
:1040F00019EF0000015A0000C0510000C05100003B
:10410000C05100009CFF00009CFF00009CFF0000CD
:10411000AEA40000C0510000C0510000215A0000B0
:104120009CFF00009CFF00009CFF00009CFF000023
:104130009CFF00009CFF00009CFF00009CFF000013
:104140009CFF00009CFF00009CFF00009CFF000003
:104150009CFF00009CFF00009CFF00009CFF0000F3
:104160009CFF00009CFF00009CFF00009CFF0000E3
:104170009CFF00009CFF00009CFF00009CFF0000D3
:104180009CFF00009CFF00009CFF00009CFF0000C3
:104190009CFF000038F7000017EF000017EF000049
:1041A00017EF0000057B0000A17A0000C6FD0000AB
:1041B000C6FD0000C6FD0000C4D40000C0510000D0
:1041C000057B000043BC0000C6FD0000C6FD0000EA
:1041D000C6FD0000C0510000E472000017EF0000AF
:1041E00017EF000017EF000059F700009CFF0000D8
:1041F0009CFF00009CFF00009CFF00009CFF000053
:104200009CFF00009CFF00009CFF00009CFF000042
:104210009CFF00009CFF00009CFF00009CFF000032
:104220009CFF00009CFF00009CFF00009CFF000022
:104230009CFF00009CFF00009CFF00009CFF000012
:104240009CFF00009CFF00009CFF00009CFF000002
:104250009CFF00009CF700003AEF00003AEF0000DE
:10426000477B0000215A0000215A0000215A00001B
:10427000215A0000215A0000215A0000215A000052
:10428000215A0000215A0000215A00003AEF000094
:104290005BF700009CFF00009CFF00009CFF0000FB
:1042A0009CFF00009CFF00007BF700003AEF00003D
:1042B000067B0000215A0000215A0000215A00000C
:1042C0003AEF00005BF700009CFF00009CFF00003D
:1042D0009CFF00009CFF00009CFF00009CFF000072
:1042E0009CFF00009CFF00009CFF00009CFF000062
:1042F0009CFF00009CFF00009CFF00009CFF000052
:104300007BF700003AEF000063620000215A0000D2
:10431000215A0000215A0000215A00000A9400008E
:104320003AEF00003AEF00009CFF00009CFF000005
:104330009CFF00009CFF00009CFF00009CFF000011
:104340009CF700003AEF0000D8E60000426200004F
:10435000215A0000215A0000215A00003AEF0000C3
:104360003AEF00003AEF0000ADA40000215A00002F
:10437000215A0000636200003AEF00005AEF00008B
:104380009CFF00009CFF00009CFF00009CFF0000C1
:104390009CFF00009CFF00009CFF00009CFF0000B1
:1043A0009CFF00009CFF00009CFF00009CFF0000A1
:1043B0009CFF00009CFF00009CFF00009CFF000091
:1043C0009CFF00009CFF00009CFF00009CFF000081
:1043D0009CFF00009CFF00009CFF00009CFF000071
:1043E0009CFF00009CFF00009CFF000038F70000CD
:1043F00017EF000017EF000017EF0000057B00002B
:10440000A17A0000C6FD0000C6FD0000C6FD000048
:10441000C4D40000C0510000057B000043BC000074
:10442000C6FD0000C6FD0000C6FD0000C051000032
:10443000E472000017EF000017EF000017EF000014
:1044400059F700009CFF00009CFF00009CFF00004B
:104450009CFF00009CFF00009CFF00009CFF0000F0
:104460009CFF00009CFF00009CFF00009CFF0000E0
:104470009CFF00009CFF00009CFF00009CFF0000D0
:104480009CFF00009CFF00009CFF00009CFF0000C0
:104490009CFF00009CFF00009CFF00009CFF0000B0
:1044A0009CFF00009CFF00009CFF00007BF70000C9
:1044B000477B0000477B00002FB50000B1C500001E
:1044C000B1C50000B1C50000B1C50000B1C5000014
:1044D000B1C50000B1C50000B1C50000B1C5000004
:1044E000B1C50000477B00008DA400009CFF0000C8
:1044F0009CFF00009CFF00009CFF00009CFF000050
:1045000015CE0000477B00002FBD0000B1C50000A4
:10451000B1C50000B1C50000477B0000EFAC000052
:104520009CFF00009CFF00009CFF00009CFF00001F
:104530009CFF00009CFF00009CFF00009CFF00000F
:104540009CFF00009CFF00009CFF00009CFF0000FF
:104550009CFF00009CFF0000F4CD0000477B0000A2
:1045600090C50000B1C50000B1C50000B1C5000094
:10457000B1C50000CDAC0000477B0000477B0000C8
:104580009CFF00009CFF00009CFF00009CFF0000BF
:104590009CFF00009CFF00005BF70000477B0000D1
:1045A0006883000091C50000B1C50000B1C50000DE
:1045B000B1C50000477B0000477B0000477B00003F
:1045C0008CA40000B1C50000B1C5000090C500007A
:1045D000477B0000CA8B00009CFF00009CFF00008E
:1045E0009CFF00009CFF00009CFF00009CFF00005F
:1045F0009CFF00009CFF00009CFF00009CFF00004F
:104600009CFF00009CFF00009CFF00009CFF00003E
:104610009CFF00009CFF00009CFF00009CFF00002E
:104620009CFF00009CFF00009CFF00009CFF00001E
:104630009CFF00009CFF00009CFF00009CFF00000E
:104640009CFF000038F7000017EF000017EF000094
:1046500017EF0000057B0000A17A0000C6FD0000F6
:10466000C6FD0000C6FD0000C4D40000C05100001B
:10467000057B000043BC0000C6FD0000C6FD000035
:10468000C6FD0000C0510000E472000017EF0000FA
:1046900017EF000017EF000059F700009CFF000023
:1046A0009CFF00009CFF00009CFF00009CFF00009E
:1046B0009CFF00009CFF00009CFF00009CFF00008E
:1046C0009CFF00009CFF00009CFF00009CFF00007E
:1046D0009CFF00009CFF00009CFF00009CFF00006E
:1046E0009CFF00009CFF00009CFF00009CFF00005E
:1046F0009CFF00009CFF00009CFF00009CFF00004E
:104700009CFF00007BF70000C0510000C05100007A
:10471000D1CD000017EF000017EF000017EF0000E9
:1047200017EF000017EF000017EF000017EF000071
:1047300017EF000017EF000017EF0000C051000056
:10474000A98300009CFF00009CFF00009CFF00006C
:104750009CFF00009CFF000092C50000C0510000BB
:1047600012D6000017EF000017EF000017EF00004F
:10477000C05100000B9400009CFF00009CFF000053
:104780009CFF00009CFF00009CFF00009CFF0000BD
:104790009CFF00009CFF00009CFF00009CFF0000AD
:1047A0009CFF00009CFF00009CFF00009CFF00009D
:1047B00051BD0000C0510000B5E6000017EF000039
:1047C00017EF000017EF000017EF00000EB5000014
:1047D000C0510000C05100009CFF00009CFF000081
:1047E0009CFF00009CFF00009CFF00009CFF00005D
:1047F0005AEF0000C051000042620000D6EE0000F7
:1048000017EF000017EF000017EF0000C051000085
:10481000C0510000C05100006BA4000017EF000061
:1048200017EF0000B5E60000C0510000A46A0000C8
:104830009CFF00009CFF00009CFF00009CFF00000C
:104840009CFF00009CFF00009CFF00009CFF0000FC
:104850009CFF00009CFF00009CFF00009CFF0000EC
:104860009CFF00009CFF00009CFF00009CFF0000DC
:104870009CFF00009CFF00009CFF00009CFF0000CC
:104880009CFF00009CFF00009CFF00009CFF0000BC
:104890009CFF00009CFF00009CFF000038F7000018
:1048A00017EF000017EF000017EF0000057B000076
:1048B000A17A0000C6FD0000C6FD0000C6FD000094
:1048C000C4D40000C0510000057B000043BC0000C0
:1048D000C6FD0000C6FD0000C6FD0000C05100007E
:1048E000E472000017EF000017EF000017EF000060
:1048F00059F700009CFF00009CFF00009CFF000097
:104900009CFF00009CFF00009CFF00009CFF00003B
:104910009CFF00009CFF00009CFF00009CFF00002B
:104920009CFF00009CFF00009CFF00009CFF00001B
:104930009CFF00009CFF00009CFF00009CFF00000B
:104940009CFF00009CFF00009CFF00009CFF0000FB
:104950009CFF00009CFF00009CFF00007BF7000014
:10496000C0510000C0510000D1CD000017EF000081
:1049700017EF000017EF000017EF000017EF00001F
:1049800017EF000017EF000017EF000017EF00000F
:1049900017EF0000C0510000A98300009CFF000039
:1049A0009CFF00009CFF00009CFF00009CFF00009B
:1049B00092C50000C051000012D6000017EF0000A1
:1049C00017EF000017EF0000C05100000B9400002B
:1049D0009CFF00009CFF00009CFF00009CFF00006B
:1049E0009CFF00009CFF00009CFF00009CFF00005B
:1049F0009CFF00009CFF00009CFF00009CFF00004B
:104A00009CFF00009CFF000051BD0000C051000051
:104A1000B5E6000017EF000017EF000017EF0000E9
:104A200017EF00000EB50000C0510000C05100009B
:104A30009CFF00009CFF00009CFF00009CFF00000A
:104A40009CFF00009CFF00005AEF0000C0510000D6
:104A500042620000D6EE000017EF000017EF0000E2
:104A600017EF0000C0510000C0510000C05100000D
:104A70006BA4000017EF000017EF0000B5E6000080
:104A8000C0510000A46A00009CFF00009CFF0000D1
:104A90009CFF00009CFF00009CFF00009CFF0000AA
:104AA0009CFF00009CFF00009CFF00009CFF00009A
:104AB0009CFF00009CFF00009CFF00009CFF00008A
:104AC0009CFF00009CFF00009CFF00009CFF00007A
:104AD0009CFF00009CFF00009CFF00009CFF00006A
:104AE0009CFF00009CFF00009CFF00009CFF00005A
:104AF0009CFF000038F7000017EF000017EF0000E0
:104B000017EF0000057B0000A17A0000C6FD000041
:104B1000C6FD0000C6FD0000C4D40000C051000066
:104B2000057B000043BC0000C6FD0000C6FD000080
:104B3000C6FD0000C0510000E472000017EF000045
:104B400017EF000017EF000059F700009CFF00006E
:104B50009CFF00009CFF00009CFF00009CFF0000E9
:104B60009CFF00009CFF00009CFF00009CFF0000D9
:104B70009CFF00009CFF00009CFF00009CFF0000C9
:104B80009CFF00009CFF00009CFF00009CFF0000B9
:104B90009CFF00009CFF00009CFF00009CFF0000A9
:104BA0009CFF00009CFF00009CFF00009CFF000099
:104BB0009CFF00007BF70000C0510000C0510000C6
:104BC000D1CD000017EF000017EF000017EF000035
:104BD00017EF000017EF000017EF000017EF0000BD
:104BE00017EF000017EF000017EF0000C0510000A2
:104BF000A98300009CFF00009CFF00009CFF0000B8
:104C00009CFF00009CFF000092C50000C051000006
:104C100012D6000017EF000017EF000017EF00009A
:104C2000C05100000B9400009CFF00009CFF00009E
:104C30009CFF00009CFF00009CFF00009CFF000008
:104C40009CFF00009CFF00009CFF00009CFF0000F8
:104C50009CFF00009CFF00009CFF00009CFF0000E8
:104C600051BD0000C0510000B5E6000017EF000084
:104C700017EF000017EF000017EF00000EB500005F
:104C8000C0510000C05100009CFF00009CFF0000CC
:104C90009CFF00009CFF00009CFF00009CFF0000A8
:104CA0005AEF0000C051000042620000D6EE000042
:104CB00017EF000017EF000017EF0000C0510000D1
:104CC000C0510000C05100006BA4000017EF0000AD
:104CD00017EF0000B5E60000C0510000A46A000014
:104CE0009CFF00009CFF00009CFF00009CFF000058
:104CF0009CFF00009CFF00009CFF00009CFF000048
:104D00009CFF00009CFF00009CFF00009CFF000037
:104D10009CFF00009CFF00009CFF00009CFF000027
:104D20009CFF00009CFF00009CFF00009CFF000017
:104D30009CFF00009CFF00009CFF00009CFF000007
:104D40009CFF00009CFF00009CFF000038F7000063
:104D500017EF000017EF000017EF0000057B0000C1
:104D6000A17A0000C6FD0000C6FD0000C6FD0000DF
:104D7000C4D40000C0510000057B000043BC00000B
:104D8000C6FD0000C6FD0000C6FD0000C0510000C9
:104D9000E472000017EF000017EF000017EF0000AB
:104DA00059F700009CFF00009CFF00009CFF0000E2
:104DB0009CFF00009CFF00009CFF00009CFF000087
:104DC0009CFF00009CFF00009CFF00009CFF000077
:104DD0009CFF00009CFF00009CFF00009CFF000067
:104DE0009CFF00009CFF00009CFF00009CFF000057
:104DF0009CFF00009CFF00009CFF00009CFF000047
:104E00009CFF00009CFF00009CFF00007BF700005F
:104E1000C0510000C0510000D1CD000017EF0000CC
:104E200017EF0000B5E6000074DE000074DE00003D
:104E300074DE000074DE000074DE0000F6EE000098
:104E400017EF000042620000C98B0000F9EE00007D
:104E50003AEF00009CFF00009CFF00009CFF000058
:104E600092C50000C051000013D6000017EF0000EB
:104E700017EF000017EF0000C05100000B94000076
:104E80009CFF00009CFF00009CFF00009CFF0000B6
:104E90009CFF00009CFF00009CFF00009CFF0000A6
:104EA0009CFF00009CFF00009CFF00009CFF000096
:104EB0005BF70000F9EE000030B500004262000030
:104EC000B5E6000017EF0000B5E6000094DE000034
:104ED000F6EE00002FBD00004262000042620000BA
:104EE000F9EE00005AEF00009CFF00009CFF00005C
:104EF0009CFF00009CFF00005AEF0000C051000022
:104F000042620000D6EE000017EF000017EF00002D
:104F100017EF0000C0510000C0510000C051000058
:104F20006BA4000017EF000017EF0000B5E60000CB
:104F3000C0510000A46A00009CFF00009CFF00001C
:104F40009CFF00009CFF00009CFF00009CFF0000F5
:104F50009CFF00009CFF00009CFF00009CFF0000E5
:104F60009CFF00009CFF00009CFF00009CFF0000D5
:104F70009CFF00009CFF00009CFF00009CFF0000C5
:104F80009CFF00009CFF00009CFF00009CFF0000B5
:104F90009CFF00009CFF00009CFF00009CFF0000A5
:104FA0009CFF000038F7000017EF000017EF00002B
:104FB00017EF0000057B0000A17A0000C6FD00008D
:104FC000C6FD0000C6FD0000C4D40000C0510000B2
:104FD000057B000043BC0000C6FD0000C6FD0000CC
:104FE000C6FD0000C0510000E472000017EF000091
:104FF00017EF000017EF000059F700009CFF0000BA
:105000009CFF00009CFF00009CFF00009CFF000034
:105010009CFF00009CFF00009CFF00009CFF000024
:105020009CFF00009CFF00009CFF00009CFF000014
:105030009CFF00009CFF00009CFF00009CFF000004
:105040009CFF00009CFF00009CFF00009CFF0000F4
:105050009CFF00009CFF00009CFF00009CFF0000E4
:105060009CFF00007BF70000C0510000C051000011
:10507000D1CD000017EF000017EF0000F2CD0000C7
:105080006FBD00006FBD00006FBD00006FBD000070
:105090006FBD0000B5E6000017EF00006783000059
:1050A0002B9C0000D3C5000056D600009CFF0000DA
:1050B0009CFF00009CFF000092C50000C051000052
:1050C00034D6000038F7000038F7000038F7000049
:1050D000C05100000B9400009CFF00009CFF0000EA
:1050E0009CFF00009CFF00009CFF00009CFF000054
:1050F0009CFF00009CFF00009CFF00009CFF000044
:105100009CFF00009CFF0000D8E60000D3C5000013
:10511000CEAC000067830000D6E6000017EF000069
:1051200013D6000070C50000D6EE0000B1C5000027
:105130006783000067830000D3C50000B7DE00006E
:105140009CFF00009CFF00009CFF00009CFF0000F3
:105150005AEF0000C051000042620000D6EE00008D
:1051600017EF000017EF000017EF0000C05100001C
:10517000C0510000C05100006BA4000017EF0000F8
:1051800017EF0000B5E60000C0510000A46A00005F
:105190009CFF00009CFF00009CFF00009CFF0000A3
:1051A0009CFF00009CFF00009CFF00009CFF000093
:1051B0009CFF00009CFF00009CFF00009CFF000083
:1051C0009CFF00009CFF00009CFF00009CFF000073
:1051D0009CFF00009CFF00009CFF00009CFF000063
:1051E0009CFF00009CFF00009CFF00009CFF000053
:1051F0009CFF00009CFF00009CFF000038F70000AF
:1052000017EF000017EF000017EF0000057B00000C
:10521000A17A0000C6FD0000C6FD0000C6FD00002A
:10522000C4D40000C0510000057B000043BC000056
:10523000C6FD0000C6FD0000C6FD0000C051000014
:10524000E472000017EF000017EF000017EF0000F6
:1052500059F700009CFF00009CFF00009CFF00002D
:105260009CFF00009CFF00009CFF00009CFF0000D2
:105270009CFF00009CFF00009CFF00009CFF0000C2
:105280009CFF00009CFF00009CFF00009CFF0000B2
:105290009CFF00009CFF00009CFF00009CFF0000A2
:1052A0009CFF00009CFF00009CFF00009CFF000092
:1052B0009CFF00009CFF00009CFF00007BF70000AB
:1052C000C0510000C0510000D1CD000017EF000018
:1052D00017EF00008CA40000267B0000267B000056
:1052E000267B0000267B0000267B000054DE0000A9
:1052F00017EF0000B1C50000EEAC0000477B0000D6
:105300008DA400009CFF00009CFF00009CFF00009B
:1053100092C50000C051000055D600007AF7000089
:105320007AF700007AF70000C05100000B940000EB
:105330009CFF00009CFF00009CFF00009CFF000001
:105340009CFF00009CFF00009CFF00009CFF0000F1
:105350009CFF00009CFF00009CFF00009CFF0000E1
:10536000F4CD0000477B00002B9C0000B1C500007D
:10537000F6EE000017EF0000EDB4000067830000B8
:1053800095E6000074DE0000B1C50000B1C5000064
:10539000477B000051BD00009CFF00009CFF000007
:1053A0009CFF00009CFF00005AEF0000C05100006D
:1053B00042620000D6EE000017EF000017EF000079
:1053C00017EF0000C0510000C0510000C0510000A4
:1053D0006BA4000017EF000017EF0000B5E6000017
:1053E000C0510000A46A00009CFF00009CFF000068
:1053F0009CFF00009CFF00009CFF00009CFF000041
:105400009CFF00009CFF00009CFF00009CFF000030
:105410009CFF00009CFF00009CFF00009CFF000020
:105420009CFF00009CFF00009CFF00009CFF000010
:105430009CFF00009CFF00009CFF00009CFF000000
:105440009CFF00009CFF00009CFF00009CFF0000F0
:105450009CFF000038F7000017EF000017EF000076
:1054600017EF0000057B0000A17A0000C6FD0000D8
:10547000C6FD0000C6FD0000C4D40000C0510000FD
:10548000057B000043BC0000C6FD0000C6FD000017
:10549000C6FD0000C0510000E472000017EF0000DC
:1054A00017EF000017EF000059F700009CFF000005
:1054B0009CFF00009CFF00009CFF00009CFF000080
:1054C0009CFF00009CFF00009CFF00009CFF000070
:1054D0009CFF00009CFF00009CFF00009CFF000060
:1054E0009CFF00009CFF00009CFF00009CFF000050
:1054F0009CFF00009CFF00009CFF00009CFF000040
:105500009CFF00009CFF00009CFF00009CFF00002F
:105510009CFF00007BF70000C0510000C05100005C
:10552000D1CD000017EF000017EF0000A88B00009E
:10553000C0510000C0510000C0510000C051000027
:10554000C051000013D6000017EF000017EF000055
:105550006FBD0000C0510000888300009CFF000068
:105560009CFF00009CFF000092C50000C05100009D
:1055700077DE00009CFF00009CFF00009CFF000005
:10558000C05100000B9400009CFF00009CFF000035
:105590009CFF00009CFF00009CFF00009CFF00009F
:1055A0009CFF00009CFF00009CFF00009CFF00008F
:1055B0009CFF00009CFF000051BD0000C051000096
:1055C000C993000017EF000017EF000017EF00006D
:1055D0002A9C0000215A000074DE000017EF000032
:1055E00017EF000017EF0000C05100008DA400006D
:1055F0009CFF00009CFF00009CFF00009CFF00003F
:105600005AEF0000C051000042620000D6EE0000D8
:1056100017EF000017EF000017EF0000C051000067
:10562000C0510000C05100006BA4000017EF000043
:1056300017EF0000B5E60000C0510000A46A0000AA
:105640009CFF00009CFF00009CFF00009CFF0000EE
:105650009CFF00009CFF00009CFF00009CFF0000DE
:105660009CFF00009CFF00009CFF00009CFF0000CE
:105670009CFF00009CFF00009CFF00009CFF0000BE
:105680009CFF00009CFF00009CFF00009CFF0000AE
:105690009CFF00009CFF00009CFF00009CFF00009E
:1056A0009CFF00009CFF00009CFF000038F70000FA
:1056B00017EF000017EF000017EF0000057B000058
:1056C000A17A0000C6FD0000C6FD0000C6FD000076
:1056D000C4D40000C0510000057B000043BC0000A2
:1056E000C6FD0000C6FD0000C6FD0000C051000060
:1056F000E472000017EF000017EF000017EF000042
:1057000059F700009CFF00009CFF00009CFF000078
:105710009CFF00009CFF00009CFF00009CFF00001D
:105720009CFF00009CFF00009CFF00009CFF00000D
:105730009CFF00009CFF00009CFF00009CFF0000FD
:105740009CFF00009CFF00009CFF00009CFF0000ED
:105750009CFF00009CFF00009CFF00009CFF0000DD
:105760009CFF00009CFF00009CFF00007BF70000F6
:10577000C0510000C0510000D1CD000017EF000063
:1057800017EF0000A88B0000C0510000C0510000BE
:10579000C0510000C0510000C051000013D60000ED
:1057A00017EF000017EF00006FBD0000C0510000B0
:1057B000888300009CFF00009CFF00009CFF00000D
:1057C00092C50000C051000077DE00009CFF000081
:1057D0009CFF00009CFF0000C05100000B940000E3
:1057E0009CFF00009CFF00009CFF00009CFF00004D
:1057F0009CFF00009CFF00009CFF00009CFF00003D
:105800009CFF00009CFF00009CFF00009CFF00002C
:1058100051BD0000C0510000C993000017EF000007
:1058200017EF000017EF00002A9C0000215A00002B
:1058300074DE000017EF000017EF000017EF000004
:10584000C05100008DA400009CFF00009CFF0000E0
:105850009CFF00009CFF00005AEF0000C0510000B8
:1058600042620000D6EE000017EF000017EF0000C4
:1058700017EF0000C0510000C0510000C0510000EF
:105880006BA4000017EF000017EF0000B5E6000062
:10589000C0510000A46A00009CFF00009CFF0000B3
:1058A0009CFF00009CFF00009CFF00009CFF00008C
:1058B0009CFF00009CFF00009CFF00009CFF00007C
:1058C0009CFF00009CFF00009CFF00009CFF00006C
:1058D0009CFF00009CFF00009CFF00009CFF00005C
:1058E0009CFF00009CFF00009CFF00009CFF00004C
:1058F0009CFF00009CFF00009CFF00009CFF00003C
:105900009CFF000038F7000017EF000017EF0000C1
:1059100017EF0000057B0000A17A0000C6FD000023
:10592000C6FD0000C6FD0000C4D40000C051000048
:10593000057B000043BC0000C6FD0000C6FD000062
:10594000C6FD0000C0510000E472000017EF000027
:1059500017EF000017EF000059F700009CFF000050
:105960009CFF00009CFF00009CFF00009CFF0000CB
:105970009CFF00009CFF00009CFF00009CFF0000BB
:105980009CFF00009CFF00009CFF00009CFF0000AB
:105990009CFF00009CFF00009CFF00009CFF00009B
:1059A0009CFF00009CFF00009CFF00009CFF00008B
:1059B0009CFF00009CFF00009CFF00009CFF00007B
:1059C0009CFF00007BF70000C0510000C0510000A8
:1059D000F3CD000039F7000039F70000C98B000053
:1059E000C0510000636200000B940000626200007E
:1059F000C051000034D6000039F7000039F700002C
:105A000091C50000C0510000888300009CFF000089
:105A10009CFF00009CFF000092C50000C0510000E8
:105A200077DE00009CFF00009CFF00009CFF000050
:105A3000C05100000B9400009CFF00009CFF000080
:105A40009CFF00009CFF00009CFF00009CFF0000EA
:105A50009CFF00009CFF00009CFF00009CFF0000DA
:105A60009CFF000051BD0000CEAC00000B94000074
:105A700050BD000039F700002EB50000EEB4000064
:105A80006CA400000B940000CDAC0000D2CD00004F
:105A900039F7000039F700000B940000AEA40000B5
:105AA00051BD000055D600009CFF00009CFF000087
:105AB0005AEF0000C05100004262000018EF0000E1
:105AC00039F7000039F7000039F70000C051000035
:105AD000C0510000C05100008CA4000039F7000044
:105AE00039F70000F7EE0000C0510000A46A000082
:105AF0009CFF00009CFF00009CFF00009CFF00003A
:105B00009CFF00009CFF00009CFF00009CFF000029
:105B10009CFF00009CFF00009CFF00009CFF000019
:105B20009CFF00009CFF00009CFF00009CFF000009
:105B30009CFF00009CFF00009CFF00009CFF0000F9
:105B40009CFF00009CFF00009CFF00009CFF0000E9
:105B50009CFF00009CFF00009CFF000038F7000045
:105B600017EF000017EF000017EF0000057B0000A3
:105B7000A17A0000C6FD0000C6FD0000C6FD0000C1
:105B8000C4D40000C0510000057B000043BC0000ED
:105B9000C6FD0000C6FD0000C6FD0000C0510000AB
:105BA000E472000017EF000017EF000017EF00008D
:105BB00059F700009CFF00009CFF00009CFF0000C4
:105BC0009CFF00009CFF00009CFF00009CFF000069
:105BD0009CFF00009CFF00009CFF00009CFF000059
:105BE0009CFF00009CFF00009CFF00009CFF000049
:105BF0009CFF00009CFF00009CFF00009CFF000039
:105C00009CFF00009CFF00009CFF00009CFF000028
:105C10009CFF00009CFF00009CFF00007BF7000041
:105C2000C0510000C051000014CE00007AF70000FF
:105C30007AF70000C98B0000C05100000673000015
:105C4000F4CD0000C5720000C051000075DE0000F8
:105C50007AF700007AF70000B2C50000C0510000DA
:105C6000888300009CFF00009CFF00009CFF000058
:105C700092C50000C051000077DE00009CFF0000CC
:105C80009CFF00009CFF0000C05100000B9400002E
:105C90009CFF00009CFF00009CFF00009CFF000098
:105CA0009CFF00009CFF00009CFF00009CFF000088
:105CB0009CFF00009CFF00009CFF00006883000028
:105CC0006C9C0000F4CD000096DE00007AF7000026
:105CD00087830000467B0000AEA40000D3C500000F
:105CE00088830000CEAC00007AF700007AF700004D
:105CF000F4CD0000AEA400006883000030B50000C1
:105D00009CFF00009CFF00005AEF0000C051000003
:105D10004262000039EF00007AF700007AF70000D5
:105D20007AF70000C0510000C0510000C0510000CF
:105D3000ADA400007AF700007AF7000019EF000028
:105D4000C0510000A46A00009CFF00009CFF0000FE
:105D50009CFF00009CFF00009CFF00009CFF0000D7
:105D60009CFF00009CFF00009CFF00009CFF0000C7
:105D70009CFF00009CFF00009CFF00009CFF0000B7
:105D80009CFF00009CFF00009CFF00009CFF0000A7
:105D90009CFF00009CFF00009CFF00009CFF000097
:105DA0009CFF00009CFF00009CFF00009CFF000087
:105DB0009CFF000038F7000017EF000017EF00000D
:105DC00017EF0000057B0000A17A0000C6FD00006F
:105DD000C6FD0000C6FD0000C4D40000C051000094
:105DE000057B000043BC0000C6FD0000C6FD0000AE
:105DF000C6FD0000C0510000E472000017EF000073
:105E000017EF000017EF000059F700009CFF00009B
:105E10009CFF00009CFF00009CFF00009CFF000016
:105E20009CFF00009CFF00009CFF00009CFF000006
:105E30009CFF00009CFF00009CFF00009CFF0000F6
:105E40009CFF00009CFF00009CFF00009CFF0000E6
:105E50009CFF00009CFF00009CFF00009CFF0000D6
:105E60009CFF00009CFF00009CFF00009CFF0000C6
:105E70009CFF00007BF70000C0510000C0510000F3
:105E800035D600009CF700009CF70000CA8B00008C
:105E9000C0510000688300007BF70000277B0000F2
:105EA000C051000097DE00009CF700009CF7000046
:105EB000B3C50000C0510000888300009CFF0000B3
:105EC0009CFF00009CFF000092C50000C051000034
:105ED00077DE00009CFF00009CFF00009CFF00009C
:105EE000C05100000B9400009CFF00009CFF0000CC
:105EF0009CFF00009CFF00009CFF00009CFF000036
:105F00009CFF00009CFF00009CFF00009CFF000025
:105F10009CFF0000E05900000B9400007BF700009C
:105F20007BF700009CF7000042620000E05900008F
:105F3000EFAC00003AEF0000836A00000B94000011
:105F40009CF700009CF700007BF70000CEAC00003F
:105F5000E05900004C9C00009CFF00009CFF0000EA
:105F60005AEF0000C0510000426200005BF70000E1
:105F70009CF700009CF700009CF70000C051000057
:105F8000C0510000C0510000AEA400009CF700000A
:105F90009CF700003AEF0000C0510000A46A000026
:105FA0009CFF00009CFF00009CFF00009CFF000085
:105FB0009CFF00009CFF00009CFF00009CFF000075
:105FC0009CFF00009CFF00009CFF00009CFF000065
:105FD0009CFF00009CFF00009CFF00009CFF000055
:105FE0009CFF00009CFF00009CFF00009CFF000045
:105FF0009CFF00009CFF00009CFF00009CFF000035
:106000009CFF00009CFF00009CFF000038F7000090
:1060100017EF000017EF000017EF0000057B0000EE
:10602000A17A0000C6FD0000C6FD0000C6FD00000C
:10603000C4D40000C0510000057B000043BC000038
:10604000C6FD0000C6FD0000C6FD0000C0510000F6
:10605000E472000017EF000017EF000017EF0000D8
:1060600059F700009CFF00009CFF00009CFF00000F
:106070009CFF00009CFF00009CFF00009CFF0000B4
:106080009CFF00009CFF00009CFF00009CFF0000A4
:106090009CFF00009CFF00009CFF00009CFF000094
:1060A0009CFF00009CFF00009CFF00009CFF000084
:1060B0009CFF00009CFF00009CFF00009CFF000074
:1060C0009CFF00009CFF00009CFF00007BF700008D
:1060D000C0510000C051000035D600009CFF0000F8
:1060E0009CFF0000CA8B0000C051000068830000C4
:1060F0009CFF0000477B0000C051000097DE0000BD
:106100009CFF00009CFF0000D3C50000C0510000B0
:10611000888300009CFF00009CFF00009CFF0000A3
:1061200092C50000C051000077DE00009CFF000017
:106130009CFF00009CFF0000C05100000B94000079
:106140009CFF00009CFF00009CFF00009CFF0000E3
:106150009CFF00009CFF00009CFF00009CFF0000D3
:106160009CFF00009CFF00009CFF0000C05100004D
:106170000B9400009CFF00009CFF00009CFF0000AF
:10618000225A0000C0510000EFAC00003AEF0000BE
:1061900063620000EA9300009CFF00009CFF000087
:1061A0009CFF0000CEAC0000C05100004C9C0000E1
:1061B0009CFF00009CFF00005AEF0000C05100004F
:1061C000426200005BF700009CFF00009CFF0000A3
:1061D0009CFF0000C0510000C0510000C0510000F1
:1061E000AEA400009CFF00009CFF00003AEF0000FE
:1061F000C0510000A46A00009CFF00009CFF00004A
:106200009CFF00009CFF00009CFF00009CFF000022
:106210009CFF00009CFF00009CFF00009CFF000012
:106220009CFF00009CFF00009CFF00009CFF000002
:106230009CFF00009CFF00009CFF00009CFF0000F2
:106240009CFF00009CFF00009CFF00009CFF0000E2
:106250009CFF00009CFF00009CFF00009CFF0000D2
:106260009CFF000038F7000017EF000017EF000058
:1062700017EF0000057B0000A17A0000C6FD0000BA
:10628000C6FD0000C6FD0000C4D40000C0510000DF
:10629000057B000043BC0000C6FD0000C6FD0000F9
:1062A000C6FD0000C0510000E472000017EF0000BE
:1062B00017EF000017EF000059F700009CFF0000E7
:1062C0009CFF00009CFF00009CFF00009CFF000062
:1062D0009CFF00009CFF00009CFF00009CFF000052
:1062E0009CFF00009CFF00009CFF00009CFF000042
:1062F0009CFF00009CFF00009CFF00009CFF000032
:106300009CFF00009CFF00009CFF00009CFF000021
:106310009CFF00009CFF00009CFF00009CFF000011
:106320009CFF00007BF70000C0510000C05100003E
:1063300035D600009CFF00009CFF0000CA8B0000C7
:10634000C0510000688300009CFF0000477B0000F4
:10635000C051000097DE00009CFF00009CFF000081
:10636000D3C50000C0510000888300009CFF0000DE
:106370009CFF00009CFF000092C50000C05100007F
:1063800077DE00009CFF00009CFF00009CFF0000E7
:10639000C05100000B9400009CFF00009CFF000017
:1063A0009CFF00009CFF00009CFF00009CFF000081
:1063B0009CFF00009CFF00009CFF00009CFF000071
:1063C0009CFF0000C05100000B9400009CFF0000E7
:1063D0009CFF00009CFF0000225A0000C0510000FA
:1063E000EFAC00003AEF000063620000EA930000A7
:1063F0009CFF00009CFF00009CFF0000CEAC000052
:10640000C05100004C9C00009CFF00009CFF00005D
:106410005AEF0000C0510000426200005BF700002C
:106420009CFF00009CFF00009CFF0000C05100008A
:10643000C0510000C0510000AEA400009CFF00004D
:106440009CFF00003AEF0000C0510000A46A000069
:106450009CFF00009CFF00009CFF00009CFF0000D0
:106460009CFF00009CFF00009CFF00009CFF0000C0
:106470009CFF00009CFF00009CFF00009CFF0000B0
:106480009CFF00009CFF00009CFF00009CFF0000A0
:106490009CFF00009CFF00009CFF00009CFF000090
:1064A0009CFF00009CFF00009CFF00009CFF000080
:1064B0009CFF00009CFF00009CFF000038F70000DC
:1064C00017EF000017EF000017EF0000057B00003A
:1064D000A17A0000C6FD0000C6FD0000C6FD000058
:1064E000C4D40000C0510000057B000043BC000084
:1064F000C6FD0000C6FD0000C6FD0000C051000042
:10650000E472000017EF000017EF000017EF000023
:1065100059F700009CFF00009CFF00009CFF00005A
:106520009CFF00009CFF00009CFF00009CFF0000FF
:106530009CFF00009CFF00009CFF00009CFF0000EF
:106540009CFF00009CFF00009CFF00009CFF0000DF
:106550009CFF00009CFF00009CFF00009CFF0000CF
:106560009CFF00009CFF00009CFF00009CFF0000BF
:106570009CFF00009CFF00009CFF00007BF70000D8
:10658000C0510000C051000035D600009CFF000043
:106590009CFF0000CA8B0000C0510000688300000F
:1065A0009CFF0000477B0000C051000097DE000008
:1065B0009CFF00009CFF0000D3C50000C0510000FC
:1065C000888300009CFF00009CFF00009CFF0000EF
:1065D00092C50000C051000077DE00009CFF000063
:1065E0009CFF00009CFF0000C05100000B940000C5
:1065F0009CFF00009CFF00009CFF00009CFF00002F
:106600009CFF00009CFF00009CFF00009CFF00001E
:106610009CFF00009CFF00009CFF0000C051000098
:106620000B9400009CFF00009CFF00009CFF0000FA
:10663000225A0000C0510000EFAC00003AEF000009
:1066400063620000EA9300009CFF00009CFF0000D2
:106650009CFF0000CEAC0000C05100004C9C00002C
:106660009CFF00009CFF00005AEF0000C05100009A
:10667000426200005BF700009CFF00009CFF0000EE
:106680009CFF0000C0510000C0510000C05100003C
:10669000AEA400009CFF00009CFF00003AEF000049
:1066A000C0510000A46A00009CFF00009CFF000095
:1066B0009CFF00009CFF00009CFF00009CFF00006E
:1066C0009CFF00009CFF00009CFF00009CFF00005E
:1066D0009CFF00009CFF00009CFF00009CFF00004E
:1066E0009CFF00009CFF00009CFF00009CFF00003E
:1066F0009CFF00009CFF00009CFF00009CFF00002E
:106700009CFF00009CFF00009CFF00009CFF00001D
:106710009CFF000038F7000017EF000017EF0000A3
:1067200017EF0000057B0000A17A0000C6FD000005
:10673000C6FD0000C6FD0000C4D40000C05100002A
:10674000057B000043BC0000C6FD0000C6FD000044
:10675000C6FD0000C0510000E472000017EF000009
:1067600017EF000017EF000059F700009CFF000032
:106770009CFF00009CFF00009CFF00009CFF0000AD
:106780009CFF00009CFF00009CFF00009CFF00009D
:106790009CFF00009CFF00009CFF00009CFF00008D
:1067A0009CFF00009CFF00009CFF00009CFF00007D
:1067B0009CFF00009CFF00009CFF00009CFF00006D
:1067C0009CFF00009CFF00009CFF00009CFF00005D
:1067D0009CFF00007BF70000C0510000C05100008A
:1067E00035D600009CFF00009CFF0000CA8B000013
:1067F000C0510000A46A0000AEA40000836A00003B
:10680000C051000097DE00009CFF00009CFF0000CC
:10681000D3C50000C0510000888300009CFF000029
:106820009CFF00009CFF000092C50000C0510000CA
:1068300077DE00009CFF00009CFF00009CFF000032
:10684000C05100000B9400009CFF00009CFF000062
:106850009CFF00009CFF00009CFF00009CFF0000CC
:106860009CFF00009CFF00009CFF00009CFF0000BC
:106870009CFF0000C05100000B9400009CFF000032
:106880009CFF00009CFF0000225A0000C051000045
:10689000678300008DA40000215A0000EA930000E5
:1068A0009CFF00009CFF00009CFF0000CEAC00009D
:1068B000C05100004C9C00009CFF00009CFF0000A9
:1068C0007BF70000AEA40000AEA40000AEA4000060
:1068D000F4CD00009CFF00009CFF0000AEA400006F
:1068E000AEA40000AEA4000035CE00009CFF000066
:1068F000EFAC0000AEA40000AEA4000010B5000094
:106900009CFF00009CFF00009CFF00009CFF00001B
:106910009CFF00009CFF00009CFF00009CFF00000B
:106920009CFF00009CFF00009CFF00009CFF0000FB
:106930009CFF00009CFF00009CFF00009CFF0000EB
:106940009CFF00009CFF00009CFF00009CFF0000DB
:106950009CFF00009CFF00009CFF00009CFF0000CB
:106960009CFF00009CFF00009CFF000038F7000027
:1069700017EF000017EF000017EF0000057B000085
:10698000A17A0000C6FD0000C6FD0000C6FD0000A3
:10699000C4D40000C0510000057B000043BC0000CF
:1069A000C6FD0000C6FD0000C6FD0000C05100008D
:1069B000E472000017EF000017EF000017EF00006F
:1069C00059F700009CFF00009CFF00009CFF0000A6
:1069D0009CFF00009CFF00009CFF00009CFF00004B
:1069E0009CFF00009CFF00009CFF00009CFF00003B
:1069F0009CFF00009CFF00009CFF00009CFF00002B
:106A00009CFF00009CFF00009CFF00009CFF00001A
:106A10009CFF00009CFF00009CFF00009CFF00000A
:106A20009CFF00009CFF00009CFF00007BF7000023
:106A3000C0510000C051000035D600009CFF00008E
:106A40009CFF0000CA8B0000C0510000C051000034
:106A5000C0510000C0510000C051000097DE00008E
:106A60009CFF00009CFF0000D3C50000C051000047
:106A7000888300009CFF00009CFF00009CFF00003A
:106A800092C50000C051000077DE00009CFF0000AE
:106A90009CFF00009CFF0000C05100000B94000010
:106AA0009CFF00009CFF00009CFF00009CFF00007A
:106AB0009CFF00009CFF00009CFF00009CFF00006A
:106AC0009CFF00009CFF00009CFF0000C0510000E4
:106AD0000B9400009CFF00009CFF00009CFF000046
:106AE000225A0000C0510000C0510000C0510000F7
:106AF000C0510000EA9300009CFF00009CFF0000D2
:106B00009CFF0000CEAC0000C05100004C9C000077
:106B10009CFF00009CFF00009CFF00009CFF000009
:106B200019EF0000015A00004C9C00009CFF00007F
:106B30009CFF00009CFF00009CFF00009CFF0000E9
:106B40009CFF00009CFF000063620000215A0000CF
:106B50009CFF00009CFF00009CFF00009CFF0000C9
:106B60009CFF00009CFF00009CFF00009CFF0000B9
:106B70009CFF00009CFF00009CFF00009CFF0000A9
:106B80009CFF00009CFF00009CFF00009CFF000099
:106B90009CFF00009CFF00009CFF00009CFF000089
:106BA0009CFF00009CFF00009CFF00009CFF000079
:106BB0009CFF00009CFF00009CFF00009CFF000069
:106BC0009CFF000038F7000017EF000017EF0000EF
:106BD00017EF0000057B0000A17A0000C6FD000051
:106BE000C6FD0000C6FD0000C4D40000C051000076
:106BF000057B000043BC0000C6FD0000C6FD000090
:106C0000C6FD0000C0510000E472000017EF000054
:106C100017EF000017EF000059F700009CFF00007D
:106C20009CFF00009CFF00009CFF00009CFF0000F8
:106C30009CFF00009CFF00009CFF00009CFF0000E8
:106C40009CFF00009CFF00009CFF00009CFF0000D8
:106C50009CFF00009CFF00009CFF00009CFF0000C8
:106C60009CFF00009CFF00009CFF00009CFF0000B8
:106C70009CFF00009CFF00009CFF00009CFF0000A8
:106C80009CFF00007BF70000C0510000C0510000D5
:106C900035D600009CFF00009CFF0000CA8B00005E
:106CA000C0510000C0510000C0510000C0510000A0
:106CB000C051000097DE00009CFF00009CFF000018
:106CC000D3C50000C0510000888300009CFF000075
:106CD0009CFF00009CFF000092C50000C051000016
:106CE00077DE00009CFF00009CFF00009CFF00007E
:106CF000C05100000B9400009CFF00009CFF0000AE
:106D00009CFF00009CFF00009CFF00009CFF000017
:106D10009CFF00009CFF00009CFF00009CFF000007
:106D20009CFF0000C05100000B9400009CFF00007D
:106D30009CFF00009CFF0000225A0000C051000090
:106D4000C0510000C0510000C0510000EA93000093
:106D50009CFF00009CFF00009CFF0000CEAC0000E8
:106D6000C05100004C9C00009CFF00009CFF0000F4
:106D70009CFF00009CFF000019EF0000015A00007A
:106D80004C9C00009CFF00009CFF00009CFF00004A
:106D90009CFF00009CFF00009CFF00009CFF000087
:106DA00063620000215A00009CFF00009CFF00006D
:106DB0009CFF00009CFF00009CFF00009CFF000067
:106DC0009CFF00009CFF00009CFF00009CFF000057
:106DD0009CFF00009CFF00009CFF00009CFF000047
:106DE0009CFF00009CFF00009CFF00009CFF000037
:106DF0009CFF00009CFF00009CFF00009CFF000027
:106E00009CFF00009CFF00009CFF00009CFF000016
:106E10009CFF00009CFF00009CFF000038F7000072
:106E200017EF000017EF000017EF0000057B0000D0
:106E3000A17A0000C6FD0000C6FD0000C6FD0000EE
:106E4000C4D40000C0510000057B000043BC00001A
:106E5000C6FD0000C6FD0000C6FD0000C0510000D8
:106E6000E472000017EF000017EF000017EF0000BA
:106E700059F700009CFF00009CFF00009CFF0000F1
:106E80009CFF00009CFF00009CFF00009CFF000096
:106E90009CFF00009CFF00009CFF00009CFF000086
:106EA0009CFF00009CFF00009CFF00009CFF000076
:106EB0009CFF00009CFF00009CFF00009CFF000066
:106EC0009CFF00009CFF00009CFF00009CFF000056
:106ED0009CFF00009CFF00009CFF00007BF700006F
:106EE000C0510000C051000035D600009CFF0000DA
:106EF0009CFF0000CA8B0000C0510000C051000080
:106F0000C0510000C0510000C051000097DE0000D9
:106F10009CFF00009CFF0000D3C50000C051000092
:106F2000888300009CFF00009CFF00009CFF000085
:106F300092C50000C051000077DE00009CFF0000F9
:106F40009CFF00009CFF0000C05100000B9400005B
:106F50009CFF00009CFF00009CFF00009CFF0000C5
:106F60009CFF00009CFF00009CFF00009CFF0000B5
:106F70009CFF00009CFF00009CFF0000C05100002F
:106F80000B9400009CFF00009CFF00009CFF000091
:106F9000225A0000C0510000C0510000C051000042
:106FA000C0510000EA9300009CFF00009CFF00001D
:106FB0009CFF0000CEAC0000C05100004C9C0000C3
:106FC0009CFF00009CFF00009CFF00009CFF000055
:106FD00019EF0000015A00004C9C00009CFF0000CB
:106FE0009CFF00009CFF00009CFF00009CFF000035
:106FF0009CFF00009CFF000063620000215A00001B
:107000009CFF00009CFF00009CFF00009CFF000014
:107010009CFF00009CFF00009CFF00009CFF000004
:107020009CFF00009CFF00009CFF00009CFF0000F4
:107030009CFF00009CFF00009CFF00009CFF0000E4
:107040009CFF00009CFF00009CFF00009CFF0000D4
:107050009CFF00009CFF00009CFF00009CFF0000C4
:107060009CFF00009CFF00009CFF00009CFF0000B4
:107070009CFF000038F7000017EF000017EF00003A
:1070800017EF0000057B0000A17A0000C6FD00009C
:10709000C6FD0000C6FD0000C4D40000C0510000C1
:1070A000057B000043BC0000C6FD0000C6FD0000DB
:1070B000C6FD0000C0510000E472000017EF0000A0
:1070C00017EF000017EF000059F700009CFF0000C9
:1070D0009CFF00009CFF00009CFF00009CFF000044
:1070E0009CFF00009CFF00009CFF00009CFF000034
:1070F0009CFF00009CFF00009CFF00009CFF000024
:107100009CFF00009CFF00009CFF00009CFF000013
:107110009CFF00009CFF00009CFF00009CFF000003
:107120009CFF00009CFF00009CFF00009CFF0000F3
:107130009CFF00007BF70000C0510000C051000020
:1071400035D600009CFF00009CFF0000EA93000081
:10715000015A0000015A0000015A0000015A0000C3
:10716000015A000097DE00009CFF00007BF7000042
:10717000B3C50000015A0000A98B00009CFF00006D
:107180009CFF00009CFF000092C50000C051000061
:1071900077DE00009CFF00009CFF00009CFF0000C9
:1071A000C05100000B9400009CFF00009CFF0000F9
:1071B0009CFF00009CFF00009CFF00009CFF000063
:1071C0009CFF00009CFF00009CFF00009CFF000053
:1071D0009CFF0000C05100000B9400009CFF0000C9
:1071E0009CFF00009CFF000042620000015A00006A
:1071F000015A0000015A0000015A00000B940000DF
:107200009CFF00009CFF00009CFF0000CEAC000033
:10721000C05100004C9C00009CFF00009CFF00003F
:107220009CFF00009CFF00001AEF0000225A0000A3
:107230004C9C00007BF700007BF700009CFF0000E7
:107240009CFF00009CFF00007BF700007BF7000024
:10725000836A0000426200009CFF00009CFF000067
:107260009CFF00009CFF00009CFF00009CFF0000B2
:107270009CFF00009CFF00009CFF00009CFF0000A2
:107280009CFF00009CFF00009CFF00009CFF000092
:107290009CFF00009CFF00009CFF00009CFF000082
:1072A0009CFF00009CFF00009CFF00009CFF000072
:1072B0009CFF00009CFF00009CFF00009CFF000062
:1072C0009CFF00009CFF00009CFF000038F70000BE
:1072D00017EF000017EF000017EF0000057B00001C
:1072E000A17A0000C6FD0000C6FD0000C6FD00003A
:1072F000C4D40000C0510000057B000043BC000066
:10730000C6FD0000C6FD0000C6FD0000C051000023
:10731000E472000017EF000017EF000017EF000005
:1073200059F700009CFF00009CFF00009CFF00003C
:107330009CFF00009CFF00009CFF00009CFF0000E1
:107340009CFF00009CFF00009CFF00009CFF0000D1
:107350009CFF00009CFF00009CFF00009CFF0000C1
:107360009CFF00009CFF00009CFF00009CFF0000B1
:107370009CFF00009CFF00009CFF00009CFF0000A1
:107380009CFF00009CFF00009CFF00007BF70000BA
:10739000C0510000C051000035D600009CFF000025
:1073A0009CFF00008DA40000E5720000E572000063
:1073B000E5720000E5720000E5720000B8DE000032
:1073C0009CFF000076D6000051BD0000E572000071
:1073D0004C9C00009CFF00009CFF00009CFF0000F4
:1073E00092C50000C051000077DE00009CFF000045
:1073F0009CFF00009CFF0000C05100000B940000A7
:107400009CFF00009CFF00009CFF00009CFF000010
:107410009CFF00009CFF00009CFF00009CFF000000
:107420009CFF00009CFF00009CFF0000C05100007A
:107430000B9400009CFF00009CFF00009CFF0000DC
:10744000477B0000E5720000E5720000E572000075
:10745000E5720000AEA400009CFF00009CFF00004D
:107460009CFF0000CEAC0000C05100004C9C00000E
:107470009CFF00009CFF00009CFF00009CFF0000A0
:107480003AEF0000267B00006D9C000076D60000DD
:1074900076D600009CFF00009CFF00009CFF0000CF
:1074A000F9E6000076D60000477B0000477B00002D
:1074B0009CFF00009CFF00009CFF00009CFF000060
:1074C0009CFF00009CFF00009CFF00009CFF000050
:1074D0009CFF00009CFF00009CFF00009CFF000040
:1074E0009CFF00009CFF00009CFF00009CFF000030
:1074F0009CFF00009CFF00009CFF00009CFF000020
:107500009CFF00009CFF00009CFF00009CFF00000F
:107510009CFF00009CFF00009CFF00009CFF0000FF
:107520009CFF000038F7000017EF000017EF000085
:1075300017EF0000057B0000A17A0000C6FD0000E7
:10754000C6FD0000C6FD0000C4D40000C05100000C
:10755000057B000043BC0000C6FD0000C6FD000026
:10756000C6FD0000C0510000E472000017EF0000EB
:1075700017EF000017EF000059F700009CFF000014
:107580009CFF00009CFF00009CFF00009CFF00008F
:107590009CFF00009CFF00009CFF00009CFF00007F
:1075A0009CFF00009CFF00009CFF00009CFF00006F
:1075B0009CFF00009CFF00009CFF00009CFF00005F
:1075C0009CFF00009CFF00009CFF00009CFF00004F
:1075D0009CFF00009CFF00009CFF00009CFF00003F
:1075E0009CFF00007BF70000C0510000C05100006C
:1075F00035D600009CFF00009CFF000014CE000068
:1076000030B5000030B5000030B5000030B50000E6
:1076100030B500001AEF00009CFF00004C9C0000F9
:107620008DA4000030B50000D3C500009CFF000011
:107630009CFF00009CFF000092C50000C0510000AC
:1076400077DE00009CFF00009CFF00009CFF000014
:10765000C05100000B9400009CFF00009CFF000044
:107660009CFF00009CFF00009CFF00009CFF0000AE
:107670009CFF00009CFF00009CFF00009CFF00009E
:107680009CFF0000C05100000B9400009CFF000014
:107690009CFF00009CFF000051B5000030B50000C9
:1076A00030B5000030B5000030B5000014CE000049
:1076B0009CFF00009CFF00009CFF0000CEAC00007F
:1076C000C05100004C9C00009CFF00009CFF00008B
:1076D0009CFF00009CFF00005BF7000030B500003D
:1076E000CEA400004C9C00004C9C00009CFF0000BD
:1076F0009CFF00009CFF0000D4C500004C9C0000D3
:107700000FAD000051B500009CFF00009CFF000081
:107710009CFF00009CFF00009CFF00009CFF0000FD
:107720009CFF00009CFF00009CFF00009CFF0000ED
:107730009CFF00009CFF00009CFF00009CFF0000DD
:107740009CFF00009CFF00009CFF00009CFF0000CD
:107750009CFF00009CFF00009CFF00009CFF0000BD
:107760009CFF00009CFF00009CFF00009CFF0000AD
:107770009CFF00009CFF00009CFF000038F7000009
:1077800017EF000017EF000017EF0000057B000067
:10779000A17A0000C6FD0000C6FD0000C6FD000085
:1077A000C4D40000C0510000057B000043BC0000B1
:1077B000C6FD0000C6FD0000C6FD0000C05100006F
:1077C000E472000017EF000017EF000017EF000051
:1077D00059F700009CFF00009CFF00009CFF000088
:1077E0009CFF00009CFF00009CFF00009CFF00002D
:1077F0009CFF00009CFF00009CFF00009CFF00001D
:107800009CFF00009CFF00009CFF00009CFF00000C
:107810009CFF00009CFF00009CFF00009CFF0000FC
:107820009CFF00009CFF00009CFF00009CFF0000EC
:107830009CFF00009CFF00009CFF00007BF7000005
:10784000C0510000C051000035D600009CFF000070
:107850009CFF00009CFF00009CFF00009CFF0000BC
:107860009CFF00009CFF00009CFF00009CFF0000AC
:107870009CFF0000C0510000A98300009CFF000095
:107880009CFF00009CFF00009CFF00009CFF00008C
:1078900092C50000C051000077DE00009CFF000090
:1078A0009CFF00009CFF0000C05100000B940000F2
:1078B0009CFF00009CFF00009CFF00009CFF00005C
:1078C0009CFF00009CFF00009CFF00009CFF00004C
:1078D0009CFF00009CFF00009CFF0000C0510000C6
:1078E0000B9400009CFF00009CFF00009CFF000028
:1078F0009CFF00009CFF00009CFF00009CFF00001C
:107900009CFF00009CFF00009CFF00009CFF00000B
:107910009CFF0000CEAC0000C05100004C9C000059
:107920009CFF00009CFF00009CFF00009CFF0000EB
:107930009CFF00009CFF000010B50000C05100003B
:10794000C05100009CFF00009CFF00009CFF000055
:10795000AEA40000C0510000F9E600009CFF00004A
:107960009CFF00009CFF00009CFF00009CFF0000AB
:107970009CFF00009CFF00009CFF00009CFF00009B
:107980009CFF00009CFF00009CFF00009CFF00008B
:107990009CFF00009CFF00009CFF00009CFF00007B
:1079A0009CFF00009CFF00009CFF00009CFF00006B
:1079B0009CFF00009CFF00009CFF00009CFF00005B
:1079C0009CFF00009CFF00009CFF00009CFF00004B
:1079D0009CFF000038F7000017EF000017EF0000D1
:1079E00017EF0000057B0000A17A0000C6FD000033
:1079F000C6FD0000C6FD0000C4D40000C051000058
:107A0000057B000043BC0000C6FD0000C6FD000071
:107A1000C6FD0000C0510000E472000017EF000036
:107A200017EF000017EF000059F700009CFF00005F
:107A30009CFF00009CFF00009CFF00009CFF0000DA
:107A40009CFF00009CFF00009CFF00009CFF0000CA
:107A50009CFF00009CFF00009CFF00009CFF0000BA
:107A60009CFF00009CFF00009CFF00009CFF0000AA
:107A70009CFF00009CFF00009CFF00009CFF00009A
:107A80009CFF00009CFF00009CFF00009CFF00008A
:107A90009CFF00007BF70000C0510000C0510000B7
:107AA00035D600009CFF00009CFF00009CFF0000FA
:107AB0009CFF00009CFF00009CFF00009CFF00005A
:107AC0009CFF00009CFF00009CFF0000C0510000D4
:107AD000A98300009CFF00009CFF00009CFF0000A9
:107AE0009CFF00009CFF000092C50000C0510000F8
:107AF00077DE00009CFF00009CFF00009CFF000060
:107B0000C05100000B9400009CFF00009CFF00008F
:107B10009CFF00009CFF00009CFF00009CFF0000F9
:107B20009CFF00009CFF00009CFF00009CFF0000E9
:107B30009CFF0000C05100000B9400009CFF00005F
:107B40009CFF00009CFF00009CFF00009CFF0000C9
:107B50009CFF00009CFF00009CFF00009CFF0000B9
:107B60009CFF00009CFF00009CFF0000CEAC0000CA
:107B7000C05100004C9C00009CFF00009CFF0000D6
:107B80009CFF00009CFF00009CFF00009CFF000089
:107B900010B50000C0510000C05100009CFF000063
:107BA0009CFF00009CFF0000AEA40000C05100003C
:107BB000F9E600009CFF00009CFF00009CFF000015
:107BC0009CFF00009CFF00009CFF00009CFF000049
:107BD0009CFF00009CFF00009CFF00009CFF000039
:107BE0009CFF00009CFF00009CFF00009CFF000029
:107BF0009CFF00009CFF00009CFF00009CFF000019
:107C00009CFF00009CFF00009CFF00009CFF000008
:107C10009CFF00009CFF00009CFF00009CFF0000F8
:107C20009CFF00009CFF00009CFF000038F7000054
:107C300017EF000017EF000017EF0000057B0000B2
:107C4000A17A0000C6FD0000C6FD0000C6FD0000D0
:107C5000C4D40000C0510000057B000043BC0000FC
:107C6000C6FD0000C6FD0000C6FD0000C0510000BA
:107C7000E472000017EF000017EF000017EF00009C
:107C800059F700009CFF00009CFF00009CFF0000D3
:107C90009CFF00009CFF00009CFF00009CFF000078
:107CA0009CFF00009CFF00009CFF00009CFF000068
:107CB0009CFF00009CFF00009CFF00009CFF000058
:107CC0009CFF00009CFF00009CFF00009CFF000048
:107CD0009CFF00009CFF00009CFF00009CFF000038
:107CE0009CFF00009CFF00009CFF00007BF7000051
:107CF000C0510000C051000035D600009CFF0000BC
:107D00009CFF00009CFF00009CFF00009CFF000007
:107D10009CFF00009CFF00009CFF00009CFF0000F7
:107D20009CFF0000C0510000A98300009CFF0000E0
:107D30009CFF00009CFF00009CFF00009CFF0000D7
:107D400092C50000C051000077DE00009CFF0000DB
:107D50009CFF00009CFF0000C05100000B9400003D
:107D60009CFF00009CFF00009CFF00009CFF0000A7
:107D70009CFF00009CFF00009CFF00009CFF000097
:107D80009CFF00009CFF00009CFF0000C051000011
:107D90000B9400009CFF00009CFF00009CFF000073
:107DA0009CFF00009CFF00009CFF00009CFF000067
:107DB0009CFF00009CFF00009CFF00009CFF000057
:107DC0009CFF0000CEAC0000C05100004C9C0000A5
:107DD0009CFF00009CFF00009CFF00009CFF000037
:107DE0009CFF00009CFF000010B50000C051000087
:107DF000C05100009CFF00009CFF00009CFF0000A1
:107E0000AEA40000C0510000F9E600009CFF000095
:107E10009CFF00009CFF00009CFF00009CFF0000F6
:107E20009CFF00009CFF00009CFF00009CFF0000E6
:107E30009CFF00009CFF00009CFF00009CFF0000D6
:107E40009CFF00009CFF00009CFF00009CFF0000C6
:107E50009CFF00009CFF00009CFF00009CFF0000B6
:107E60009CFF00009CFF00009CFF00009CFF0000A6
:107E70009CFF00009CFF00009CFF00009CFF000096
:107E80009CFF000038F7000017EF000017EF00001C
:107E900017EF0000057B0000A17A0000C6FD00007E
:107EA000C6FD0000C6FD0000C4D40000C0510000A3
:107EB000057B000043BC0000C6FD0000C6FD0000BD
:107EC000C6FD0000C0510000E472000017EF000082
:107ED00017EF000017EF000059F700009CFF0000AB
:107EE0009CFF00009CFF00009CFF00009CFF000026
:107EF0009CFF00009CFF00009CFF00009CFF000016
:107F00009CFF00009CFF00009CFF00009CFF000005
:107F10009CFF00009CFF00009CFF00009CFF0000F5
:107F20009CFF00009CFF00009CFF00009CFF0000E5
:107F30009CFF00009CFF00009CFF00009CFF0000D5
:107F40009CFF00007BF70000C0510000C051000002
:107F500035D600009CFF00009CFF00007BF700006E
:107F60005BF700005BF700005BF700005BF70000C9
:107F70005BF700005BF700005BF70000015A0000B0
:107F8000C98B00009CFF00009CFF00009CFF0000CC
:107F90009CFF00009CFF000092C50000C051000043
:107FA00076DE00009CF700009CF700009CF70000C4
:107FB000C05100000A9400005BF700005BF700006E
:107FC0005BF700005BF700005BF700007BF7000049
:107FD0009CFF00009CFF00009CFF00009CFF000035
:107FE0009CFF0000C05100000B9400009CF70000B3
:107FF0009CF700009CF700005BF700005BF70000B7
:108000005BF700005BF700005BF700007BF7000008
:108010009CF700009CF700009CF70000CEAC00002D
:10802000C05100004C9C00009CFF00009CFF000021
:108030009CFF00009CFF00009CFF00009CFF0000D4
:1080400010B50000C0510000C05100009CF70000B6
:108050009CF700009CF70000ADA40000C051000098
:10806000F9E600009CFF00009CFF00009CFF000060
:108070009CFF00009CFF00009CFF00009CFF000094
:108080009CFF00009CFF00009CFF00009CFF000084
:108090009CFF00009CFF00009CFF00009CFF000074
:1080A0009CFF00009CFF00009CFF00009CFF000064
:1080B0009CFF00009CFF00009CFF00009CFF000054
:1080C0009CFF00009CFF00009CFF00009CFF000044
:1080D0009CFF00009CFF00009CFF000038F70000A0
:1080E00017EF000017EF000017EF0000057B0000FE
:1080F000A17A0000C6FD0000C6FD0000C6FD00001C
:10810000C4D40000C0510000057B000043BC000047
:10811000C6FD0000C6FD0000C6FD0000C051000005
:10812000E472000017EF000017EF000017EF0000E7
:1081300059F700009CFF00009CFF00009CFF00001E
:108140009CFF00009CFF00009CFF00009CFF0000C3
:108150009CFF00009CFF00009CFF00009CFF0000B3
:108160009CFF00009CFF00009CFF00009CFF0000A3
:108170009CFF00009CFF00009CFF00009CFF000093
:108180009CFF00009CFF00009CFF00009CFF000083
:108190009CFF00009CFF00009CFF00007BF700009C
:1081A000C0510000C051000035D600009CFF000007
:1081B0009CFF0000F4CD000010B5000010B50000D9
:1081C00010B5000010B5000010B5000010B500009B
:1081D00010B500004C9C000051B500009CFF000051
:1081E0009CFF00009CFF00009CFF00009CFF000023
:1081F00092C50000C051000055D600005AF700009B
:108200005AF700005AF70000C0510000267B00001A
:1082100010B5000010B5000010B5000010B500004A
:1082200010B5000035D600009CFF00009CFF000048
:108230009CFF00009CFF00009CFF0000C05100005C
:10824000EA9300005AF700005AF700005AF70000BE
:1082500030B5000010B5000010B5000010B50000EA
:1082600010B50000F3CD00005AF700005AF70000E7
:108270005AF70000ADA40000C05100004C9C000063
:108280009CFF00009CFF00009CFF00009CFF000082
:108290009CFF00009CFF000010B50000C0510000D2
:1082A000C05100005AF700005AF700005AF70000CA
:1082B0008CA40000C0510000F9E600009CFF000003
:1082C0009CFF00009CFF00009CFF00009CFF000042
:1082D0009CFF00009CFF00009CFF00009CFF000032
:1082E0009CFF00009CFF00009CFF00009CFF000022
:1082F0009CFF00009CFF00009CFF00009CFF000012
:108300009CFF00009CFF00009CFF00009CFF000001
:108310009CFF00009CFF00009CFF00009CFF0000F1
:108320009CFF00009CFF00009CFF00009CFF0000E1
:108330009CFF000038F7000017EF000017EF000067
:1083400017EF0000057B0000A17A0000C6FD0000C9
:10835000C6FD0000C6FD0000C4D40000C0510000EE
:10836000057B000043BC0000C6FD0000C6FD000008
:10837000C6FD0000C0510000E472000017EF0000CD
:1083800017EF000017EF000059F700009CFF0000F6
:108390009CFF00009CFF00009CFF00009CFF000071
:1083A0009CFF00009CFF00009CFF00009CFF000061
:1083B0009CFF00009CFF00009CFF00009CFF000051
:1083C0009CFF00009CFF00009CFF00009CFF000041
:1083D0009CFF00009CFF00009CFF00009CFF000031
:1083E0009CFF00009CFF00009CFF00009CFF000021
:1083F0009CFF00007BF70000C0510000C05100004E
:1084000035D600009CFF00009CFF0000AEA40000D9
:10841000267B0000267B0000267B0000267B0000D8
:10842000267B0000267B0000267B000035D600005E
:10843000B7DE00009CFF00009CFF00009CFF0000D6
:108440009CFF00009CFF000092C50000C05100008E
:1084500013D6000018EF000018EF000018EF00001E
:10846000C051000042620000267B0000267B000015
:10847000267B0000267B0000267B000010B5000054
:108480009CFF00009CFF00009CFF00009CFF000080
:108490009CFF0000C0510000E993000018EF0000AD
:1084A00018EF000018EF000067830000267B000033
:1084B000267B0000267B0000267B0000ADA4000088
:1084C00018EF000018EF000018EF00008CA4000067
:1084D000C05100004C9C00009CFF00009CFF00006D
:1084E0009CFF00009CFF00009CFF00009CFF000020
:1084F00010B50000C0510000C051000018EF00008E
:1085000018EF000018EF00006CA40000C05100003C
:10851000F9E600009CFF00009CFF00009CFF0000AB
:108520009CFF00009CFF00009CFF00009CFF0000DF
:108530009CFF00009CFF00009CFF00009CFF0000CF
:108540009CFF00009CFF00009CFF00009CFF0000BF
:108550009CFF00009CFF00009CFF00009CFF0000AF
:108560009CFF00009CFF00009CFF00009CFF00009F
:108570009CFF00009CFF00009CFF00009CFF00008F
:108580009CFF00009CFF00009CFF000038F70000EB
:1085900017EF000017EF000017EF0000057B000049
:1085A000A17A0000C6FD0000C6FD0000C6FD000067
:1085B000C4D40000C0510000057B000043BC000093
:1085C000C6FD0000C6FD0000C6FD0000C051000051
:1085D000E472000017EF000017EF000017EF000033
:1085E00059F700009CFF00009CFF00009CFF00006A
:1085F0009CFF00009CFF00009CFF00009CFF00000F
:108600009CFF00009CFF00009CFF00009CFF0000FE
:108610009CFF00009CFF00009CFF00009CFF0000EE
:108620009CFF00009CFF00009CFF00009CFF0000DE
:108630009CFF00009CFF00009CFF00009CFF0000CE
:108640009CFF00009CFF00009CFF00007BF70000E7
:10865000C0510000C051000035D600009CFF000052
:108660009CFF0000CA8B0000C0510000C0510000F8
:10867000C0510000C0510000C0510000C0510000B6
:10868000C05100009CFF00009CFF00009CFF000008
:108690009CFF00009CFF00009CFF00009CFF00006E
:1086A00092C50000C051000012D6000017EF000074
:1086B00017EF000017EF0000C0510000C05100008C
:1086C000C0510000C0510000C0510000C051000066
:1086D000C05100004C9C00009CFF00009CFF00006B
:1086E0009CFF00009CFF00009CFF0000C0510000A8
:1086F000C993000017EF000017EF000017EF00000C
:10870000215A0000C0510000C0510000C0510000BB
:10871000C0510000C88B000017EF000017EF0000E9
:1087200017EF00006CA40000C05100004C9C00003A
:108730009CFF00009CFF00009CFF00009CFF0000CD
:108740009CFF00009CFF000010B50000C05100001D
:10875000C051000017EF000017EF000017EF0000F6
:108760004BA40000C0510000F9E600009CFF00008F
:108770009CFF00009CFF00009CFF00009CFF00008D
:108780009CFF00009CFF00009CFF00009CFF00007D
:108790009CFF00009CFF00009CFF00009CFF00006D
:1087A0009CFF00009CFF00009CFF00009CFF00005D
:1087B0009CFF00009CFF00009CFF00009CFF00004D
:1087C0009CFF00009CFF00009CFF00009CFF00003D
:1087D0009CFF00009CFF00009CFF00009CFF00002D
:1087E0009CFF000038F7000017EF000017EF0000B3
:1087F00017EF0000057B0000A17A0000C6FD000015
:10880000C6FD0000C6FD0000C4D40000C051000039
:10881000057B000043BC0000C6FD0000C6FD000053
:10882000C6FD0000C0510000E472000017EF000018
:1088300017EF000017EF000059F700009CFF000041
:108840009CFF00009CFF00009CFF00009CFF0000BC
:108850009CFF00009CFF00009CFF00009CFF0000AC
:108860009CFF00009CFF00009CFF00009CFF00009C
:108870009CFF00009CFF00009CFF00009CFF00008C
:108880009CFF00009CFF00009CFF00009CFF00007C
:108890009CFF00009CFF00009CFF00009CFF00006C
:1088A0009CFF00007BF70000C0510000C051000099
:1088B00035D600009CFF00009CFF0000CA8B000022
:1088C000C0510000C0510000C0510000C051000064
:1088D000C0510000C0510000C05100009CFF0000CA
:1088E0009CFF00009CFF00009CFF00009CFF00001C
:1088F0009CFF00009CFF000092C50000C0510000DA
:1089000012D6000017EF000017EF000017EF00006D
:10891000C0510000C0510000C0510000C051000013
:10892000C0510000C0510000C05100004C9C00002C
:108930009CFF00009CFF00009CFF00009CFF0000CB
:108940009CFF0000C0510000C993000017EF000019
:1089500017EF000017EF0000215A0000C05100007F
:10896000C0510000C0510000C0510000C88B000081
:1089700017EF000017EF000017EF00006CA40000D5
:10898000C05100004C9C00009CFF00009CFF0000B8
:108990009CFF00009CFF00009CFF00009CFF00006B
:1089A00010B50000C0510000C051000017EF0000DA
:1089B00017EF000017EF00004BA40000C0510000AB
:1089C000F9E600009CFF00009CFF00009CFF0000F7
:1089D0009CFF00009CFF00009CFF00009CFF00002B
:1089E0009CFF00009CFF00009CFF00009CFF00001B
:1089F0009CFF00009CFF00009CFF00009CFF00000B
:108A00009CFF00009CFF00009CFF00009CFF0000FA
:108A10009CFF00009CFF00009CFF00009CFF0000EA
:108A20009CFF00009CFF00009CFF00009CFF0000DA
:108A30009CFF00009CFF00009CFF000038F7000036
:108A400017EF000017EF000017EF0000057B000094
:108A5000A17A0000C6FD0000C6FD0000C6FD0000B2
:108A6000C4D40000C0510000057B000043BC0000DE
:108A7000C6FD0000C6FD0000C6FD0000C05100009C
:108A8000E472000017EF000017EF000017EF00007E
:108A900059F700009CFF00009CFF00009CFF0000B5
:108AA0009CFF00009CFF00009CFF00009CFF00005A
:108AB0009CFF00009CFF00009CFF00009CFF00004A
:108AC0009CFF00009CFF00009CFF00009CFF00003A
:108AD0009CFF00009CFF00009CFF00009CFF00002A
:108AE0009CFF00009CFF00009CFF00009CFF00001A
:108AF0009CFF00009CFF00009CFF00007BF7000033
:108B0000C0510000C051000035D600009CFF00009D
:108B10009CFF0000CA8B0000C0510000C051000043
:108B2000C0510000C0510000C0510000C051000001
:108B3000C05100009CFF00009CFF00009CFF000053
:108B40009CFF00009CFF00009CFF00009CFF0000B9
:108B500092C50000C051000012D6000017EF0000BF
:108B600017EF000017EF0000C0510000C0510000D7
:108B7000C0510000C0510000C0510000C0510000B1
:108B8000C05100004C9C00009CFF00009CFF0000B6
:108B90009CFF00009CFF00009CFF0000C0510000F3
:108BA000C993000017EF000017EF000017EF000057
:108BB000215A0000C0510000C0510000C051000007
:108BC000C0510000C88B000017EF000017EF000035
:108BD00017EF00006CA40000C05100004C9C000086
:108BE0009CFF00009CFF00009CFF00009CFF000019
:108BF0009CFF00009CFF000010B50000C051000069
:108C0000C051000017EF000017EF000017EF000041
:108C10004BA40000C0510000F9E600009CFF0000DA
:108C20009CFF00009CFF00009CFF00009CFF0000D8
:108C30009CFF00009CFF00009CFF00009CFF0000C8
:108C40009CFF00009CFF00009CFF00009CFF0000B8
:108C50009CFF00009CFF00009CFF00009CFF0000A8
:108C60009CFF00009CFF00009CFF00009CFF000098
:108C70009CFF00009CFF00009CFF00009CFF000088
:108C80009CFF00009CFF00009CFF00009CFF000078
:108C90009CFF000038F7000017EF000017EF0000FE
:108CA00017EF0000057B0000A17A0000C6FD000060
:108CB000C6FD0000C6FD0000C4D40000C051000085
:108CC000057B000043BC0000C6FD0000C6FD00009F
:108CD000C6FD0000C0510000E472000017EF000064
:108CE00017EF000017EF000059F700009CFF00008D
:108CF0009CFF00009CFF00009CFF00009CFF000008
:108D00009CFF00009CFF00009CFF00009CFF0000F7
:108D10009CFF00009CFF00009CFF00009CFF0000E7
:108D20009CFF00009CFF00009CFF00009CFF0000D7
:108D30009CFF00009CFF00009CFF00009CFF0000C7
:108D40009CFF00009CFF00009CFF00009CFF0000B7
:108D50009CFF00007BF70000C0510000C0510000E4
:108D600035D600009CFF00009CFF0000CA8B00006D
:108D7000C0510000C0510000C0510000C0510000AF
:108D8000C0510000C0510000C05100009CFF000015
:108D90009CFF00009CFF00009CFF00009CFF000067
:108DA0009CFF00009CFF000092C50000C051000025
:108DB00012D6000017EF000017EF000017EF0000B9
:108DC000C0510000C0510000C0510000C05100005F
:108DD000C0510000C0510000C05100004C9C000078
:108DE0009CFF00009CFF00009CFF00009CFF000017
:108DF0009CFF0000C0510000C993000017EF000065
:108E000017EF000017EF0000215A0000C0510000CA
:108E1000C0510000C0510000C0510000C88B0000CC
:108E200017EF000017EF000017EF00006CA4000020
:108E3000C05100004C9C00009CFF00009CFF000003
:108E40009CFF00009CFF00009CFF00009CFF0000B6
:108E500010B50000C0510000C051000017EF000025
:108E600017EF000017EF00004BA40000C0510000F6
:108E7000F9E600009CFF00009CFF00009CFF000042
:108E80009CFF00009CFF00009CFF00009CFF000076
:108E90009CFF00009CFF00009CFF00009CFF000066
:108EA0009CFF00009CFF00009CFF00009CFF000056
:108EB0009CFF00009CFF00009CFF00009CFF000046
:108EC0009CFF00009CFF00009CFF00009CFF000036
:108ED0009CFF00009CFF00009CFF00009CFF000026
:108EE0009CFF00009CFF00009CFF000038F7000082
:108EF00017EF000017EF000017EF0000057B0000E0
:108F0000A17A0000C6FD0000C6FD0000C6FD0000FD
:108F1000C4D40000C0510000057B000043BC000029
:108F2000C6FD0000C6FD0000C6FD0000C0510000E7
:108F3000E472000017EF000017EF000017EF0000C9
:108F400059F700009CFF00009CFF00009CFF000000
:108F50009CFF00009CFF00009CFF00009CFF0000A5
:108F60009CFF00009CFF00009CFF00009CFF000095
:108F70009CFF00009CFF00009CFF00009CFF000085
:108F80009CFF00009CFF00009CFF00009CFF000075
:108F90009CFF00009CFF00009CFF00009CFF000065
:108FA0009CFF00009CFF00009CFF00007BF700007E
:108FB000C0510000C0510000F3CD000039F700009F
:108FC00039F70000A98B0000C0510000C5720000F5
:108FD00071BD000071BD000071BD000071BD0000D9
:108FE00071BD00009CFF00009CFF00009CFF000082
:108FF0009CFF00009CFF00009CFF00009CFF000005
:1090000092C50000C051000012D6000017EF00000A
:1090100017EF000017EF00000EB500000EB50000BE
:109020000EB500000EB500000EB500000EB5000034
:109030000EB500008CA40000EA930000F9E60000E1
:109040009CFF00009CFF00009CFF0000C05100003E
:10905000C993000017EF000017EF000017EF0000A2
:10906000215A0000C0510000C98B000030B500003B
:10907000225A0000C88B000017EF000017EF000015
:1090800017EF00006CA40000C05100004C9C0000D1
:109090009CFF00009CFF00009CFF00009CFF000064
:1090A0009CFF00009CFF000010B50000C0510000B4
:1090B000C051000017EF000017EF000017EF00008D
:1090C0004BA40000C0510000F9E600009CFF000026
:1090D0009CFF00009CFF00009CFF00009CFF000024
:1090E0009CFF00009CFF00009CFF00009CFF000014
:1090F0009CFF00009CFF00009CFF00009CFF000004
:109100009CFF00009CFF00009CFF00009CFF0000F3
:109110009CFF00009CFF00009CFF00009CFF0000E3
:109120009CFF00009CFF00009CFF00009CFF0000D3
:109130009CFF00009CFF00009CFF00009CFF0000C3
:109140009CFF000038F7000017EF000017EF000049
:1091500017EF0000057B0000A17A0000C6FD0000AB
:10916000C6FD0000C6FD0000C4D40000C0510000D0
:10917000057B000043BC0000C6FD0000C6FD0000EA
:10918000C6FD0000C0510000E472000017EF0000AF
:1091900017EF000017EF000059F700009CFF0000D8
:1091A0009CFF00009CFF00009CFF00009CFF000053
:1091B0009CFF00009CFF00009CFF00009CFF000043
:1091C0009CFF00009CFF00009CFF00009CFF000033
:1091D0009CFF00009CFF00009CFF00009CFF000023
:1091E0009CFF00009CFF00009CFF00009CFF000013
:1091F0009CFF00009CFF00009CFF00009CFF000003
:109200009CFF00007BF70000C0510000C05100002F
:10921000D1CD000017EF000017EF0000A88B000071
:10922000C0510000688300009CFF00009CFF00000C
:109230009CFF00009CFF00009CFF00009CFF0000C2
:109240009CFF00009CFF00009CFF00009CFF0000B2
:109250009CFF00009CFF000092C50000C051000070
:1092600012D6000017EF000017EF000017EF000004
:1092700017EF000017EF000017EF000017EF0000D6
:1092800017EF000017EF000017EF0000ACAC000074
:10929000C051000097DE00009CFF00009CFF000012
:1092A0009CFF0000C0510000C993000017EF0000B0
:1092B00017EF000017EF0000215A0000C051000016
:1092C000EFAC00003AEF000063620000C88B0000C2
:1092D00017EF000017EF000017EF00006CA400006C
:1092E000C05100004C9C00009CFF00009CFF00004F
:1092F0009CFF00009CFF00009CFF00009CFF000002
:1093000010B50000C0510000C051000017EF000070
:1093100017EF000017EF00004BA40000C051000041
:10932000F9E600009CFF00009CFF00009CFF00008D
:109330009CFF00009CFF00009CFF00009CFF0000C1
:109340009CFF00009CFF00009CFF00009CFF0000B1
:109350009CFF00009CFF00009CFF00009CFF0000A1
:109360009CFF00009CFF00009CFF00009CFF000091
:109370009CFF00009CFF00009CFF00009CFF000081
:109380009CFF00009CFF00009CFF00009CFF000071
:109390009CFF00009CFF00009CFF000038F70000CD
:1093A00017EF000017EF000017EF0000057B00002B
:1093B000A17A0000C6FD0000C6FD0000C6FD000049
:1093C000C4D40000C0510000057B000043BC000075
:1093D000C6FD0000C6FD0000C6FD0000C051000033
:1093E000E472000017EF000017EF000017EF000015
:1093F00059F700009CFF00009CFF00009CFF00004C
:109400009CFF00009CFF00009CFF00009CFF0000F0
:109410009CFF00009CFF00009CFF00009CFF0000E0
:109420009CFF00009CFF00009CFF00009CFF0000D0
:109430009CFF00009CFF00009CFF00009CFF0000C0
:109440009CFF00009CFF00009CFF00009CFF0000B0
:109450009CFF00009CFF00009CFF00007BF70000C9
:10946000C0510000C0510000D1CD000017EF000036
:1094700017EF0000A88B0000C051000068830000B7
:109480009CFF00009CFF00009CFF00009CFF000070
:109490009CFF00009CFF00009CFF00009CFF000060
:1094A0009CFF00009CFF00009CFF00009CFF000050
:1094B00092C50000C051000012D6000017EF000056
:1094C00017EF000017EF000017EF000017EF000084
:1094D00017EF000017EF000017EF000017EF000074
:1094E00017EF0000ACAC0000C051000097DE000098
:1094F0009CFF00009CFF00009CFF0000C05100008A
:10950000C993000017EF000017EF000017EF0000ED
:10951000215A0000C0510000EFAC00003AEF0000FB
:1095200063620000C88B000017EF000017EF000017
:1095300017EF00006CA40000C05100004C9C00001C
:109540009CFF00009CFF00009CFF00009CFF0000AF
:109550009CFF00009CFF000010B50000C0510000FF
:10956000C051000017EF000017EF000017EF0000D8
:109570004BA40000C0510000F9E600009CFF000071
:109580009CFF00009CFF00009CFF00009CFF00006F
:109590009CFF00009CFF00009CFF00009CFF00005F
:1095A0009CFF00009CFF00009CFF00009CFF00004F
:1095B0009CFF00009CFF00009CFF00009CFF00003F
:1095C0009CFF00009CFF00009CFF00009CFF00002F
:1095D0009CFF00009CFF00009CFF00009CFF00001F
:1095E0009CFF00009CFF00009CFF00009CFF00000F
:1095F0009CFF000038F7000017EF000017EF000095
:1096000017EF0000057B0000A17A0000C6FD0000F6
:10961000C6FD0000C6FD0000C4D40000C05100001B
:10962000057B000043BC0000C6FD0000C6FD000035
:10963000C6FD0000C0510000E472000017EF0000FA
:1096400017EF000017EF000059F700009CFF000023
:109650009CFF00009CFF00009CFF00009CFF00009E
:109660009CFF00009CFF00009CFF00009CFF00008E
:109670009CFF00009CFF00009CFF00009CFF00007E
:109680009CFF00009CFF00009CFF00009CFF00006E
:109690009CFF00009CFF00009CFF00009CFF00005E
:1096A0009CFF00009CFF00009CFF00009CFF00004E
:1096B0009CFF00007BF70000C0510000C05100007B
:1096C000D1CD000017EF000017EF0000A88B0000BD
:1096D000C0510000688300009CFF00009CFF000058
:1096E0009CFF00009CFF00009CFF00009CFF00000E
:1096F0009CFF00009CFF00009CFF00009CFF0000FE
:109700009CFF00009CFF000092C50000C0510000BB
:1097100012D6000017EF000017EF000017EF00004F
:1097200017EF000017EF000017EF000017EF000021
:1097300017EF000017EF000017EF0000ACAC0000BF
:10974000C051000097DE00009CFF00009CFF00005D
:109750009CFF0000C0510000C993000017EF0000FB
:1097600017EF000017EF0000215A0000C051000061
:10977000EFAC00003AEF000063620000C88B00000D
:1097800017EF000017EF000017EF00006CA40000B7
:10979000C05100004C9C00009CFF00009CFF00009A
:1097A0009CFF00009CFF00009CFF00009CFF00004D
:1097B00010B50000C0510000C051000017EF0000BC
:1097C00017EF000017EF00004BA40000C05100008D
:1097D000F9E600009CFF00009CFF00009CFF0000D9
:1097E0009CFF00009CFF00009CFF00009CFF00000D
:1097F0009CFF00009CFF00009CFF00009CFF0000FD
:109800009CFF00009CFF00009CFF00009CFF0000EC
:109810009CFF00009CFF00009CFF00009CFF0000DC
:109820009CFF00009CFF00009CFF00009CFF0000CC
:109830009CFF00009CFF00009CFF00009CFF0000BC
:109840009CFF00009CFF00009CFF000038F7000018
:1098500017EF000017EF000017EF0000057B000076
:10986000A17A0000C6FD0000C6FD0000C6FD000094
:10987000C4D40000C0510000057B000043BC0000C0
:10988000C6FD0000C6FD0000C6FD0000C05100007E
:10989000E472000017EF000017EF000017EF000060
:1098A00059F700009CFF00009CFF00009CFF000097
:1098B0009CFF00009CFF00009CFF00009CFF00003C
:1098C0009CFF00009CFF00009CFF00009CFF00002C
:1098D0009CFF00009CFF00009CFF00009CFF00001C
:1098E0009CFF00009CFF00009CFF00009CFF00000C
:1098F0009CFF00009CFF00009CFF00009CFF0000FC
:109900009CFF00009CFF00009CFF00007BF7000014
:10991000225A0000225A000091C50000B5E600005E
:10992000B5E60000C88B0000225A0000A98B000099
:109930009CFF00009CFF00009CFF00009CFF0000BB
:109940009CFF00009CFF00009CFF00009CFF0000AB
:109950009CFF00009CFF00009CFF00009CFF00009B
:10996000B3C50000225A0000D1CD0000B5E60000CA
:10997000B5E60000B5E60000B5E60000B5E600007B
:10998000B5E60000B5E60000B5E60000B5E600006B
:10999000B5E60000ACAC0000225A000097DE0000E3
:1099A0009CFF00009CFF00009CFF0000225A00006A
:1099B000E9930000B5E60000B5E60000B5E600005A
:1099C00063620000225A000010B500005AEF000048
:1099D000C46A0000C9930000B5E60000B5E60000C7
:1099E000B5E600006CA40000225A00006DA400003F
:1099F0009CFF00009CFF00009CFF00009CFF0000FB
:109A00009CFF00009CFF000050B50000225A00009F
:109A1000225A0000B5E60000B5E60000B5E60000F9
:109A20006BA40000225A000019E700009CFF000010
:109A30009CFF00009CFF00009CFF00009CFF0000BA
:109A40009CFF00009CFF00009CFF00009CFF0000AA
:109A50009CFF00009CFF00009CFF00009CFF00009A
:109A60009CFF00009CFF00009CFF00009CFF00008A
:109A70009CFF00009CFF00009CFF00009CFF00007A
:109A80009CFF00009CFF00009CFF00009CFF00006A
:109A90009CFF00009CFF00009CFF00009CFF00005A
:109AA0009CFF000038F7000017EF000017EF0000E0
:109AB00017EF0000057B0000A17A0000C6FD000042
:109AC000C6FD0000C6FD0000C4D40000C051000067
:109AD000057B000043BC0000C6FD0000C6FD000081
:109AE000C6FD0000C0510000E472000017EF000046
:109AF00017EF000017EF000059F700009CFF00006F
:109B00009CFF00009CFF00009CFF00009CFF0000E9
:109B10009CFF00009CFF00009CFF00009CFF0000D9
:109B20009CFF00009CFF00009CFF00009CFF0000C9
:109B30009CFF00009CFF00009CFF00009CFF0000B9
:109B40009CFF00009CFF00009CFF00009CFF0000A9
:109B50009CFF00009CFF00009CFF00009CFF000099
:109B60009CFF00007BF70000067B0000067B0000E6
:109B70002FBD0000D2CD0000D2CD00000A9400001D
:109B8000067B00004C9C00009CFF00009CFF000036
:109B90009CFF00009CFF00009CFF00009CFF000059
:109BA0009CFF00009CFF00009CFF00009CFF000049
:109BB0009CFF00009CFF000014CE0000067B00000C
:109BC0004FBD0000D2CD0000D2CD0000D2CD0000AC
:109BD000D2CD0000D2CD0000D2CD0000D2CD000009
:109BE000D2CD0000D2CD0000D2CD0000ACA4000048
:109BF000067B0000D8E600009CFF00009CFF0000F0
:109C00009CFF0000067B00002A9C0000D2CD0000D3
:109C1000D2CD0000D2CD0000477B0000067B0000C3
:109C200092BD00005BF70000888300000A940000EA
:109C3000D2CD0000D2CD0000D2CD00008CA4000017
:109C4000067B0000EFAC00009CFF00009CFF0000C2
:109C50009CFF00009CFF00009CFF00009CFF000098
:109C6000B2C50000067B0000067B0000D2CD0000DC
:109C7000D2CD0000D2CD00006CA40000067B000015
:109C80001AEF00009CFF00009CFF00009CFF0000FA
:109C90009CFF00009CFF00009CFF00009CFF000058
:109CA0009CFF00009CFF00009CFF00009CFF000048
:109CB0009CFF00009CFF00009CFF00009CFF000038
:109CC0009CFF00009CFF00009CFF00009CFF000028
:109CD0009CFF00009CFF00009CFF00009CFF000018
:109CE0009CFF00009CFF00009CFF00009CFF000008
:109CF0009CFF00009CFF00009CFF000038F7000064
:109D000017EF000017EF000017EF0000057B0000C1
:109D1000A17A0000C6FD0000C6FD0000C6FD0000DF
:109D2000C4D40000C0510000057B000043BC00000B
:109D3000C6FD0000C6FD0000C6FD0000C0510000C9
:109D4000E472000017EF000017EF000017EF0000AB
:109D500059F700009CFF00009CFF00009CFF0000E2
:109D60009CFF00009CFF00009CFF00009CFF000087
:109D70009CFF00009CFF00009CFF00009CFF000077
:109D80009CFF00009CFF00009CFF00009CFF000067
:109D90009CFF00009CFF00009CFF00009CFF000057
:109DA0009CFF00009CFF00009CFF00009CFF000047
:109DB0009CFF00009CFF00009CFF00009BF7000040
:109DC000B3C50000B3C500000A94000087830000FB
:109DD00087830000EFAC0000B3C5000035D600005B
:109DE0009CFF00009CFF00009CFF00009CFF000007
:109DF0009CFF00009CFF00009CFF00009CFF0000F7
:109E00009CFF00009CFF00009CFF00009CFF0000E6
:109E1000F9E60000B3C50000E99300008783000065
:109E2000878300008783000087830000878300000A
:109E300087830000878300008783000087830000FA
:109E4000878300006CA40000B3C500003AEF000057
:109E50009CFF00009CFF00009CFF0000B3C50000B9
:109E6000CEAC00008783000087830000878300005A
:109E700092BD0000B3C50000B8DE00007BF7000013
:109E8000D4C50000CEAC00008783000087830000AB
:109E9000878300008DA40000B3C5000077DE0000BA
:109EA0009CFF00009CFF00009CFF00009CFF000046
:109EB0009CFF00009CFF0000D8E60000B3C5000036
:109EC000B3C50000878300008783000087830000FC
:109ED0008DA40000B3C500005BF700009CFF0000EC
:109EE0009CFF00009CFF00009CFF00009CFF000006
:109EF0009CFF00009CFF00009CFF00009CFF0000F6
:109F00009CFF00009CFF00009CFF00009CFF0000E5
:109F10009CFF00009CFF00009CFF00009CFF0000D5
:109F20009CFF00009CFF00009CFF00009CFF0000C5
:109F30009CFF00009CFF00009CFF00009CFF0000B5
:109F40009CFF00009CFF00009CFF00009CFF0000A5
:109F50009CFF000038F7000017EF000017EF00002B
:109F600017EF0000057B0000A17A0000C6FD00008D
:109F7000C6FD0000C6FD0000C4D40000C0510000B2
:109F8000057B000043BC0000C6FD0000C6FD0000CC
:109F9000C6FD0000C0510000E472000017EF000091
:109FA00017EF000017EF000059F700009CFF0000BA
:109FB0009CFF00009CFF00009CFF00009CFF000035
:109FC0009CFF00009CFF00009CFF00009CFF000025
:109FD0009CFF00009CFF00009CFF00009CFF000015
:109FE0009CFF00009CFF00009CFF00009CFF000005
:109FF0009CFF00009CFF00009CFF00009CFF0000F5
:10A000009CFF00009CFF00009CFF00009CFF0000E4
:10A010009CFF00009CFF00009CFF00009CFF0000D4
:10A02000267B0000C0510000C051000092BD00001E
:10A030009CFF00009CFF00009CFF00009CFF0000B4
:10A040009CFF00009CFF00009CFF00009CFF0000A4
:10A050009CFF00009CFF00009CFF00009CFF000094
:10A060009CFF00009CFF00009CFF00009CFF000084
:10A07000E5720000C0510000C0510000C051000056
:10A08000C0510000C0510000C0510000C05100008C
:10A09000C0510000C0510000C05100004C9C0000A5
:10A0A0009CFF00009CFF00009CFF00009CFF000044
:10A0B0009CFF00009CFF000051BD0000C05100004B
:10A0C000C0510000C05100003AEF00009CFF0000AA
:10A0D0009CFF00009CFF00009CFF000071BD000081
:10A0E000C0510000C0510000C05100008DA400000C
:10A0F0009CFF00009CFF00009CFF00009CFF0000F4
:10A100009CFF00009CFF00009CFF00009CFF0000E3
:10A110009CFF00009CFF00009CFF0000C05100005D
:10A12000C0510000C0510000AEA400009CFF000020
:10A130009CFF00009CFF00009CFF00009CFF0000B3
:10A140009CFF00009CFF00009CFF00009CFF0000A3
:10A150009CFF00009CFF00009CFF00009CFF000093
:10A160009CFF00009CFF00009CFF00009CFF000083
:10A170009CFF00009CFF00009CFF00009CFF000073
:10A180009CFF00009CFF00009CFF00009CFF000063
:10A190009CFF00009CFF00009CFF00009CFF000053
:10A1A0009CFF00009CFF00009CFF000038F70000AF
:10A1B00017EF000017EF000017EF0000057B00000D
:10A1C000A17A0000C6FD0000C6FD0000C6FD00002B
:10A1D000C4D40000C0510000057B000043BC000057
:10A1E000C6FD0000C6FD0000C6FD0000C051000015
:10A1F000E472000017EF000017EF000017EF0000F7
:10A2000059F700009CFF00009CFF00009CFF00002D
:10A210009CFF00009CFF00009CFF00009CFF0000D2
:10A220009CFF00009CFF00009CFF00009CFF0000C2
:10A230009CFF00009CFF00009CFF00009CFF0000B2
:10A240009CFF00009CFF00009CFF00009CFF0000A2
:10A250009CFF00009CFF00009CFF00009CFF000092
:10A260009CFF00009CFF00009CFF00009CFF000082
:10A270009CFF00009CFF0000267B0000C0510000F6
:10A28000C051000092BD00009CFF00009CFF000038
:10A290009CFF00009CFF00009CFF00009CFF000052
:10A2A0009CFF00009CFF00009CFF00009CFF000042
:10A2B0009CFF00009CFF00009CFF00009CFF000032
:10A2C0009CFF00009CFF0000E5720000C0510000F0
:10A2D000C0510000C0510000C0510000C05100003A
:10A2E000C0510000C0510000C0510000C05100002A
:10A2F000C05100004C9C00009CFF00009CFF00002F
:10A300009CFF00009CFF00009CFF00009CFF0000E1
:10A3100051BD0000C0510000C0510000C0510000FC
:10A320003AEF00009CFF00009CFF00009CFF000033
:10A330009CFF000071BD0000C0510000C051000032
:10A34000C05100008DA400009CFF00009CFF000095
:10A350009CFF00009CFF00009CFF00009CFF000091
:10A360009CFF00009CFF00009CFF00009CFF000081
:10A370009CFF0000C0510000C0510000C05100000F
:10A38000AEA400009CFF00009CFF00009CFF0000AA
:10A390009CFF00009CFF00009CFF00009CFF000051
:10A3A0009CFF00009CFF00009CFF00009CFF000041
:10A3B0009CFF00009CFF00009CFF00009CFF000031
:10A3C0009CFF00009CFF00009CFF00009CFF000021
:10A3D0009CFF00009CFF00009CFF00009CFF000011
:10A3E0009CFF00009CFF00009CFF00009CFF000001
:10A3F0009CFF00009CFF00009CFF00009CFF0000F1
:10A400009CFF000038F7000017EF000017EF000076
:10A4100017EF0000057B0000A17A0000C6FD0000D8
:10A42000C6FD0000C6FD0000C4D40000C0510000FD
:10A43000057B000043BC0000C6FD0000C6FD000017
:10A44000C6FD0000C0510000E472000017EF0000DC
:10A4500017EF000017EF000059F700009CFF000005
:10A460009CFF00009CFF00009CFF00009CFF000080
:10A470009CFF00009CFF00009CFF00009CFF000070
:10A480009CFF00009CFF00009CFF00009CFF000060
:10A490009CFF00009CFF00009CFF00009CFF000050
:10A4A0009CFF00009CFF00009CFF00009CFF000040
:10A4B0009CFF00009CFF00009CFF00009CFF000030
:10A4C0009CFF00009CFF00009CFF00009CFF000020
:10A4D000267B0000C0510000C051000092BD00006A
:10A4E0009CFF00009CFF00009CFF00009CFF000000
:10A4F0009CFF00009CFF00009CFF00009CFF0000F0
:10A500009CFF00009CFF00009CFF00009CFF0000DF
:10A510009CFF00009CFF00009CFF00009CFF0000CF
:10A52000E5720000C0510000C0510000C0510000A1
:10A53000C0510000C0510000C0510000C0510000D7
:10A54000C0510000C0510000C05100004C9C0000F0
:10A550009CFF00009CFF00009CFF00009CFF00008F
:10A560009CFF00009CFF000051BD0000C051000096
:10A57000C0510000C05100003AEF00009CFF0000F5
:10A580009CFF00009CFF00009CFF000071BD0000CC
:10A59000C0510000C0510000C05100008DA4000057
:10A5A0009CFF00009CFF00009CFF00009CFF00003F
:10A5B0009CFF00009CFF00009CFF00009CFF00002F
:10A5C0009CFF00009CFF00009CFF0000C0510000A9
:10A5D000C0510000C0510000AEA400009CFF00006C
:10A5E0009CFF00009CFF00009CFF00009CFF0000FF
:10A5F0009CFF00009CFF00009CFF00009CFF0000EF
:10A600009CFF00009CFF00009CFF00009CFF0000DE
:10A610009CFF00009CFF00009CFF00009CFF0000CE
:10A620009CFF00009CFF00009CFF00009CFF0000BE
:10A630009CFF00009CFF00009CFF00009CFF0000AE
:10A640009CFF00009CFF00009CFF00009CFF00009E
:10A650009CFF00009CFF00009CFF000038F70000FA
:10A6600017EF000017EF000017EF0000057B000058
:10A67000A17A0000C6FD0000C6FD0000C6FD000076
:10A68000C4D40000C0510000057B000043BC0000A2
:10A69000C6FD0000C6FD0000C6FD0000C051000060
:10A6A000E472000017EF000017EF000017EF000042
:10A6B00059F700009CFF00009CFF00009CFF000079
:10A6C0009CFF00009CFF00009CFF00009CFF00001E
:10A6D0009CFF00009CFF00009CFF00009CFF00000E
:10A6E0009CFF00009CFF00009CFF00009CFF0000FE
:10A6F0009CFF00009CFF00009CFF00009CFF0000EE
:10A700009CFF00009CFF00009CFF00009CFF0000DD
:10A710009CFF00009CFF00009CFF00009CFF0000CD
:10A720009CFF00009CFF0000A98B000083620000DA
:10A7300083620000D3C500009CFF00009CFF000066
:10A740009CFF00009CFF00009CFF00009CFF00009D
:10A750009CFF00009CFF00009CFF00009CFF00008D
:10A760009CFF00009CFF00009CFF00009CFF00007D
:10A770009CFF00009CFF00006883000083620000D3
:10A780008362000083620000836200008362000035
:10A790008362000083620000836200008362000025
:10A7A00083620000AEA400009CFF00009CFF00003C
:10A7B0009CFF00009CFF00009CFF00009CFF00002D
:10A7C00092BD00008362000083620000836200008B
:10A7D0003AEF00009CFF00009CFF00009CFF00007F
:10A7E0009CFF0000B2C5000083620000836200008D
:10A7F00083620000EFAC00009CFF00009CFF0000A3
:10A800009CFF00009CFF00009CFF00009CFF0000DC
:10A810009CFF00009CFF00009CFF00009CFF0000CC
:10A820009CFF0000836200008362000083620000DE
:10A8300010B500009CFF00009CFF00009CFF000082
:10A840009CFF00009CFF00009CFF00009CFF00009C
:10A850009CFF00009CFF00009CFF00009CFF00008C
:10A860009CFF00009CFF00009CFF00009CFF00007C
:10A870009CFF00009CFF00009CFF00009CFF00006C
:10A880009CFF00009CFF00009CFF00009CFF00005C
:10A890009CFF00009CFF00009CFF00009CFF00004C
:10A8A0009CFF00009CFF00009CFF00009CFF00003C
:10A8B0009CFF000038F7000017EF000017EF0000C2
:10A8C00017EF0000057B0000A17A0000C6FD000024
:10A8D000C6FD0000C6FD0000C4D40000C051000049
:10A8E000057B000043BC0000C6FD0000C6FD000063
:10A8F000C6FD0000C0510000E472000017EF000028
:10A9000017EF000017EF000059F700009CFF000050
:10A910009CFF00009CFF00009CFF00009CFF0000CB
:10A920009CFF00009CFF00009CFF00009CFF0000BB
:10A930009CFF00009CFF00009CFF00009CFF0000AB
:10A940009CFF00009CFF00009CFF00009CFF00009B
:10A950009CFF00009CFF00009CFF00009CFF00008B
:10A960009CFF00009CFF00009CFF00009CFF00007B
:10A970009CFF00009CFF00009CFF00009CFF00006B
:10A9800071BD0000AEA40000AEA4000097DE000080
:10A990009CFF00009CFF00009CFF00009CFF00004B
:10A9A0009CFF00009CFF00009CFF00009CFF00003B
:10A9B0009CFF00009CFF00009CFF00009CFF00002B
:10A9C0009CFF00009CFF00009CFF00009CFF00001B
:10A9D00051B50000AEA40000AEA40000AEA400007B
:10A9E000AEA40000AEA40000AEA40000AEA400001F
:10A9F000AEA40000AEA40000AEA40000F4CD0000A0
:10AA00009CFF00009CFF00009CFF00009CFF0000DA
:10AA10009CFF00009CFF000076DE0000AEA400005A
:10AA2000AEA40000AEA400005BF700009CFF000095
:10AA30009CFF00009CFF00009CFF000077DE0000F0
:10AA4000AEA40000AEA40000AEA4000015CE00002D
:10AA50009CFF00009CFF00009CFF00009CFF00008A
:10AA60009CFF00009CFF00009CFF00009CFF00007A
:10AA70009CFF00009CFF00009CFF0000AEA40000B3
:10AA8000AEA40000AEA4000035D600009CFF00007C
:10AA90009CFF00009CFF00009CFF00009CFF00004A
:10AAA0009CFF00009CFF00009CFF00009CFF00003A
:10AAB0009CFF00009CFF00009CFF00009CFF00002A
:10AAC0009CFF00009CFF00009CFF00009CFF00001A
:10AAD0009CFF00009CFF00009CFF00009CFF00000A
:10AAE0009CFF00009CFF00009CFF00009CFF0000FA
:10AAF0009CFF00009CFF00009CFF00009CFF0000EA
:10AB00009CFF00009CFF00009CFF000038F7000045
:10AB100017EF000017EF000017EF0000057B0000A3
:10AB2000A17A0000C6FD0000C6FD0000C6FD0000C1
:10AB3000C4D40000C0510000057B000043BC0000ED
:10AB4000C6FD0000C6FD0000C6FD0000C0510000AB
:10AB5000E472000017EF000017EF000017EF00008D
:10AB600059F700009CFF00009CFF00009CFF0000C4
:10AB70009CFF00009CFF00009CFF00009CFF000069
:10AB80009CFF00009CFF00009CFF00009CFF000059
:10AB90009CFF00009CFF00009CFF00009CFF000049
:10ABA0009CFF00009CFF00009CFF00009CFF000039
:10ABB0009CFF00009CFF00009CFF00009CFF000029
:10ABC0009CFF00009CFF00009CFF00009CFF000019
:10ABD0009CFF00009CFF0000B8E6000077DE00004C
:10ABE00077DE00003AEF00009CFF00009CFF0000B1
:10ABF0009CFF00009CFF00009CFF00009CFF0000E9
:10AC00009CFF00009CFF00009CFF00009CFF0000D8
:10AC10009CFF00009CFF00009CFF00009CFF0000C8
:10AC20009CFF00009CFF0000B7DE000077DE000004
:10AC300077DE000077DE000077DE000077DE0000C0
:10AC400077DE000077DE000077DE000077DE0000B0
:10AC500077DE0000F9E600009CFF00009CFF00008A
:10AC60009CFF00009CFF00009CFF00009CFF000078
:10AC70003AEF000077DE000077DE000077DE0000AC
:10AC80007BF700009CFF00009CFF00009CFF000081
:10AC90009CFF00003AEF000077DE000077DE000046
:10ACA00077DE000019EF00009CFF00009CFF000011
:10ACB0009CFF00009CFF00009CFF00009CFF000028
:10ACC0009CFF00009CFF00009CFF00009CFF000018
:10ACD0009CFF000077DE000077DE000077DE0000DA
:10ACE00019EF00009CFF00009CFF00009CFF00008B
:10ACF0009CFF00009CFF00009CFF00009CFF0000E8
:10AD00009CFF00009CFF00009CFF00009CFF0000D7
:10AD10009CFF00009CFF00009CFF00009CFF0000C7
:10AD20009CFF00009CFF00009CFF00009CFF0000B7
:10AD30009CFF00009CFF00009CFF00009CFF0000A7
:10AD40009CFF00009CFF00009CFF00009CFF000097
:10AD50009CFF00009CFF00009CFF00009CFF000087
:10AD60009CFF000038F7000017EF000017EF00000D
:10AD700017EF0000057B0000A17A0000C6FD00006F
:10AD8000C6FD0000C6FD0000C4D40000C051000094
:10AD9000057B000043BC0000C6FD0000C6FD0000AE
:10ADA000C6FD0000C0510000E472000017EF000073
:10ADB00017EF000017EF000059F700009CFF00009C
:10ADC0009CFF00009CFF00009CFF00009CFF000017
:10ADD0009CFF00009CFF00009CFF00009CFF000007
:10ADE0009CFF00009CFF00009CFF00009CFF0000F7
:10ADF0009CFF00009CFF00009CFF00009CFF0000E7
:10AE00009CFF00009CFF00009CFF00009CFF0000D6
:10AE10009CFF00009CFF00009CFF00009CFF0000C6
:10AE20009CFF00009CFF00009CFF00009CFF0000B6
:10AE30009CFF00009CFF00009CFF00009CFF0000A6
:10AE40009CFF00009CFF00009CFF00009CFF000096
:10AE50009CFF00009CFF00009CFF00009CFF000086
:10AE60009CFF00009CFF00009CFF00009CFF000076
:10AE70009CFF00009CFF00009CFF00009CFF000066
:10AE80009CFF00009CFF00009CFF00009CFF000056
:10AE90009CFF00009CFF00009CFF00009CFF000046
:10AEA0009CFF00009CFF00009CFF00009CFF000036
:10AEB0009CFF00009CFF00009CFF00009CFF000026
:10AEC0009CFF00009CFF00009CFF00009CFF000016
:10AED0009CFF00009CFF00009CFF00009CFF000006
:10AEE0009CFF00009CFF00009CFF00009CFF0000F6
:10AEF0009CFF00009CFF00009CFF00009CFF0000E6
:10AF00009CFF00009CFF00009CFF00009CFF0000D5
:10AF10009CFF00009CFF00009CFF00009CFF0000C5
:10AF20009CFF00009CFF00009CFF00009CFF0000B5
:10AF30009CFF00009CFF00009CFF00009CFF0000A5
:10AF40009CFF00009CFF00009CFF00009CFF000095
:10AF50009CFF00009CFF00009CFF00009CFF000085
:10AF60009CFF00009CFF00009CFF00009CFF000075
:10AF70009CFF00009CFF00009CFF00009CFF000065
:10AF80009CFF00009CFF00009CFF00009CFF000055
:10AF90009CFF00009CFF00009CFF00009CFF000045
:10AFA0009CFF00009CFF00009CFF00009CFF000035
:10AFB0009CFF00009CFF00009CFF000038F7000091
:10AFC00017EF000017EF000017EF0000057B0000EF
:10AFD000A17A0000C6FD0000C6FD0000C6FD00000D
:10AFE000C4D40000C0510000057B000043BC000039
:10AFF000C6FD0000C6FD0000C6FD0000C0510000F7
:10B00000E472000017EF000017EF000017EF0000D8
:10B0100059F700009CFF00009CFF00009CFF00000F
:10B020009CFF00009CFF00009CFF00009CFF0000B4
:10B030009CFF00009CFF00009CFF00009CFF0000A4
:10B040009CFF00009CFF00009CFF00009CFF000094
:10B050009CFF00009CFF00009CFF00009CFF000084
:10B060009CFF00009CFF00009CFF00009CFF000074
:10B070009CFF00009CFF00009CFF00009CFF000064
:10B080009CFF00009CFF00009CFF00009CFF000054
:10B090009CFF00009CFF00009CFF00009CFF000044
:10B0A0009CFF00009CFF00009CFF00009CFF000034
:10B0B0009CFF00009CFF00009CFF00009CFF000024
:10B0C0009CFF00009CFF00009CFF00009CFF000014
:10B0D0009CFF00009CFF00009CFF00009CFF000004
:10B0E0009CFF00009CFF00009CFF00009CFF0000F4
:10B0F0009CFF00009CFF00009CFF00009CFF0000E4
:10B100009CFF00009CFF00009CFF00009CFF0000D3
:10B110009CFF00009CFF00009CFF00009CFF0000C3
:10B120009CFF00009CFF00009CFF00009CFF0000B3
:10B130009CFF00009CFF00009CFF00009CFF0000A3
:10B140009CFF00009CFF00009CFF00009CFF000093
:10B150009CFF00009CFF00009CFF00009CFF000083
:10B160009CFF00009CFF00009CFF00009CFF000073
:10B170009CFF00009CFF00009CFF00009CFF000063
:10B180009CFF00009CFF00009CFF00009CFF000053
:10B190009CFF00009CFF00009CFF00009CFF000043
:10B1A0009CFF00009CFF00009CFF00009CFF000033
:10B1B0009CFF00009CFF00009CFF00009CFF000023
:10B1C0009CFF00009CFF00009CFF00009CFF000013
:10B1D0009CFF00009CFF00009CFF00009CFF000003
:10B1E0009CFF00009CFF00009CFF00009CFF0000F3
:10B1F0009CFF00009CFF00009CFF00009CFF0000E3
:10B200009CFF00009CFF00009CFF00009CFF0000D2
:10B210009CFF000038F7000017EF000017EF000058
:10B2200017EF0000057B0000A17A0000C6FD0000BA
:10B23000C6FD0000C6FD0000C4D40000C0510000DF
:10B24000057B000043BC0000C6FD0000C6FD0000F9
:10B25000C6FD0000C0510000E472000017EF0000BE
:10B2600017EF000017EF000059F700009CFF0000E7
:10B270009CFF00009CFF00009CFF00009CFF000062
:10B280009CFF00009CFF00009CFF00009CFF000052
:10B290009CFF00009CFF00009CFF00009CFF000042
:10B2A0009CFF00009CFF00009CFF00009CFF000032
:10B2B0009CFF00009CFF00009CFF00009CFF000022
:10B2C0009CFF00009CFF00009CFF00009CFF000012
:10B2D0009CFF00009CFF00009CFF00009CFF000002
:10B2E0009CFF00009CFF00009CFF00009CFF0000F2
:10B2F0009CFF00009CFF00009CFF00009CFF0000E2
:10B300009CFF00009CFF00009CFF00009CFF0000D1
:10B310009CFF00009CFF00009CFF00009CFF0000C1
:10B320009CFF00009CFF00009CFF00009CFF0000B1
:10B330009CFF00009CFF00009CFF00009CFF0000A1
:10B340009CFF00009CFF00009CFF00009CFF000091
:10B350009CFF00009CFF00009CFF00009CFF000081
:10B360009CFF00009CFF00009CFF00009CFF000071
:10B370009CFF00009CFF00009CFF00009CFF000061
:10B380009CFF00009CFF00009CFF00009CFF000051
:10B390009CFF00009CFF00009CFF00009CFF000041
:10B3A0009CFF00009CFF00009CFF00009CFF000031
:10B3B0009CFF00009CFF00009CFF00009CFF000021
:10B3C0009CFF00009CFF00009CFF00009CFF000011
:10B3D0009CFF00009CFF00009CFF00009CFF000001
:10B3E0009CFF00009CFF00009CFF00009CFF0000F1
:10B3F0009CFF00009CFF00009CFF00009CFF0000E1
:10B400009CFF00009CFF00009CFF00009CFF0000D0
:10B410009CFF00009CFF00009CFF00009CFF0000C0
:10B420009CFF00009CFF00009CFF00009CFF0000B0
:10B430009CFF00009CFF00009CFF00009CFF0000A0
:10B440009CFF00009CFF00009CFF00009CFF000090
:10B450009CFF00009CFF00009CFF00009CFF000080
:10B460009CFF00009CFF00009CFF000038F70000DC
:10B4700017EF000017EF000017EF0000057B00003A
:10B48000A17A0000C6FD0000C6FD0000C6FD000058
:10B49000C4D40000C0510000057B000043BC000084
:10B4A000C6FD0000C6FD0000C6FD0000C051000042
:10B4B000E472000017EF000017EF000017EF000024
:10B4C00059F700009CFF00009CFF00009CFF00005B
:10B4D0009CFF00009CFF00009CFF00009CFF000000
:10B4E0009CFF00009CFF00009CFF00009CFF0000F0
:10B4F0009CFF00009CFF00009CFF00009CFF0000E0
:10B500009CFF00009CFF00009CFF00009CFF0000CF
:10B510009CFF00009CFF00009CFF00009CFF0000BF
:10B520009CFF00009CFF00009CFF00009CFF0000AF
:10B530009CFF00009CFF00009CFF00009CFF00009F
:10B540009CFF00009CFF00009CFF00009CFF00008F
:10B550009CFF00009CFF00009CFF00009CFF00007F
:10B560009CFF00009CFF00009CFF00009CFF00006F
:10B570009CFF00009CFF00009CFF00009CFF00005F
:10B580009CFF00009CFF00009CFF00009CFF00004F
:10B590009CFF00009CFF00009CFF00009CFF00003F
:10B5A0009CFF00009CFF00009CFF00009CFF00002F
:10B5B0009CFF00009CFF00009CFF00009CFF00001F
:10B5C0009CFF00009CFF00009CFF00009CFF00000F
:10B5D0009CFF00009CFF00009CFF00009CFF0000FF
:10B5E0009CFF00009CFF00009CFF00009CFF0000EF
:10B5F0009CFF00009CFF00009CFF00009CFF0000DF
:10B600009CFF00009CFF00009CFF00009CFF0000CE
:10B610009CFF00009CFF00009CFF00009CFF0000BE
:10B620009CFF00009CFF00009CFF00009CFF0000AE
:10B630009CFF00009CFF00009CFF00009CFF00009E
:10B640009CFF00009CFF00009CFF00009CFF00008E
:10B650009CFF00009CFF00009CFF00009CFF00007E
:10B660009CFF00009CFF00009CFF00009CFF00006E
:10B670009CFF00009CFF00009CFF00009CFF00005E
:10B680009CFF00009CFF00009CFF00009CFF00004E
:10B690009CFF00009CFF00009CFF00009CFF00003E
:10B6A0009CFF00009CFF00009CFF00009CFF00002E
:10B6B0009CFF00009CFF00009CFF00009CFF00001E
:10B6C0009CFF000038F7000017EF000017EF0000A4
:10B6D00017EF0000057B0000A17A0000C6FD000006
:10B6E000C6FD0000C6FD0000C4D40000C05100002B
:10B6F000057B000043BC0000C6FD0000C6FD000045
:10B70000C6FD0000C0510000E472000017EF000009
:10B7100017EF000017EF000059F700009CFF000032
:10B720009CFF00009CFF00009CFF00009CFF0000AD
:10B730009CFF00009CFF00009CFF00009CFF00009D
:10B740009CFF00009CFF00009CFF00009CFF00008D
:10B750009CFF00009CFF00009CFF00009CFF00007D
:10B760009CFF00009CFF00009CFF00009CFF00006D
:10B770009CFF00009CFF00009CFF00009CFF00005D
:10B780009CFF00009CFF00009CFF00009CFF00004D
:10B790009CFF00009CFF00009CFF00009CFF00003D
:10B7A0009CFF00009CFF00009CFF00009CFF00002D
:10B7B0009CFF00009CFF00009CFF00009CFF00001D
:10B7C0009CFF00009CFF00009CFF00009CFF00000D
:10B7D0009CFF00009CFF00009CFF00009CFF0000FD
:10B7E0009CFF00009CFF00009CFF00009CFF0000ED
:10B7F0009CFF00009CFF00009CFF00009CFF0000DD
:10B800009CFF00009CFF00009CFF00009CFF0000CC
:10B810009CFF00009CFF00009CFF00009CFF0000BC
:10B820009CFF00009CFF00009CFF00009CFF0000AC
:10B830009CFF00009CFF00009CFF00009CFF00009C
:10B840009CFF00009CFF00009CFF00009CFF00008C
:10B850009CFF00009CFF00009CFF00009CFF00007C
:10B860009CFF00009CFF00009CFF00009CFF00006C
:10B870009CFF00009CFF00009CFF00009CFF00005C
:10B880009CFF00009CFF00009CFF00009CFF00004C
:10B890009CFF00009CFF00009CFF00009CFF00003C
:10B8A0009CFF00009CFF00009CFF00009CFF00002C
:10B8B0009CFF00009CFF00009CFF00009CFF00001C
:10B8C0009CFF00009CFF00009CFF00009CFF00000C
:10B8D0009CFF00009CFF00009CFF00009CFF0000FC
:10B8E0009CFF00009CFF00009CFF00009CFF0000EC
:10B8F0009CFF00009CFF00009CFF00009CFF0000DC
:10B900009CFF00009CFF00009CFF00009CFF0000CB
:10B910009CFF00009CFF00009CFF000038F7000027
:10B9200017EF000017EF000017EF0000057B000085
:10B93000A17A0000C6FD0000C6FD0000C6FD0000A3
:10B94000C4D40000C0510000057B000043BC0000CF
:10B95000C6FD0000C6FD0000C6FD0000C05100008D
:10B96000E472000017EF000017EF000017EF00006F
:10B9700059F700009CFF00009CFF00009CFF0000A6
:10B980009CFF00009CFF00009CFF00009CFF00004B
:10B990009CFF00009CFF00009CFF00009CFF00003B
:10B9A0009CFF00009CFF00009CFF00009CFF00002B
:10B9B0009CFF00009CFF00009CFF00009CFF00001B
:10B9C0009CFF00009CFF00009CFF00009CFF00000B
:10B9D0009CFF00009CFF00009CFF00009CFF0000FB
:10B9E0009CFF00009CFF00009CFF00009CFF0000EB
:10B9F0009CFF00009CFF00009CFF00009CFF0000DB
:10BA00009CFF00009CFF00009CFF00009CFF0000CA
:10BA10009CFF00009CFF00009CFF00009CFF0000BA
:10BA20009CFF00009CFF00009CFF00009CFF0000AA
:10BA30009CFF00009CFF00009CFF00009CFF00009A
:10BA40009CFF00009CFF00009CFF00009CFF00008A
:10BA50009CFF00009CFF00009CFF00009CFF00007A
:10BA60009CFF00009CFF00009CFF00009CFF00006A
:10BA70009CFF00009CFF00009CFF00009CFF00005A
:10BA80009CFF00009CFF00009CFF00009CFF00004A
:10BA90009CFF00009CFF00009CFF00009CFF00003A
:10BAA0009CFF00009CFF00009CFF00009CFF00002A
:10BAB0009CFF00009CFF00009CFF00009CFF00001A
:10BAC0009CFF00009CFF00009CFF00009CFF00000A
:10BAD0009CFF00009CFF00009CFF00009CFF0000FA
:10BAE0009CFF00009CFF00009CFF00009CFF0000EA
:10BAF0009CFF00009CFF00009CFF00009CFF0000DA
:10BB00009CFF00009CFF00009CFF00009CFF0000C9
:10BB10009CFF00009CFF00009CFF00009CFF0000B9
:10BB20009CFF00009CFF00009CFF00009CFF0000A9
:10BB30009CFF00009CFF00009CFF00009CFF000099
:10BB40009CFF00009CFF00009CFF00009CFF000089
:10BB50009CFF00009CFF00009CFF00009CFF000079
:10BB60009CFF00009CFF00009CFF00009CFF000069
:10BB70009CFF000038F7000017EF000017EF0000EF
:10BB800017EF0000057B0000A17A0000C6FD000051
:10BB9000C6FD0000C6FD0000C4D40000C051000076
:10BBA000057B000043BC0000C6FD0000C6FD000090
:10BBB000C6FD0000E0510000E4720000F6EE000057
:10BBC000F6EE0000F7EE000059F700009CF70000C9
:10BBD0009CFF00009CFF00009CFF00009CFF0000F9
:10BBE0009CFF00009CFF00009CFF00009CFF0000E9
:10BBF0009CFF00009CFF00009CFF00009CFF0000D9
:10BC00009CFF00009CFF00009CFF00009CFF0000C8
:10BC10009CFF00009CFF00009CFF00009CFF0000B8
:10BC20009CFF00009CFF00009CFF00009CFF0000A8
:10BC30009CFF00009CFF00009CFF00009CFF000098
:10BC40009CFF00009CFF00009CFF00009CFF000088
:10BC50009CFF00009CFF00009CFF00009CFF000078
:10BC60009CFF00009CFF00009CFF00009CFF000068
:10BC70009CFF00009CFF00009CFF00009CFF000058
:10BC80009CFF00009CFF00009CFF00009CFF000048
:10BC90009CFF00009CFF00009CFF00009CFF000038
:10BCA0009CFF00009CFF00009CFF00009CFF000028
:10BCB0009CFF00009CFF00009CFF00009CFF000018
:10BCC0009CFF00009CFF00009CFF00009CFF000008
:10BCD0009CFF00009CFF00009CFF00009CFF0000F8
:10BCE0009CFF00009CFF00009CFF00009CFF0000E8
:10BCF0009CFF00009CFF00009CFF00009CFF0000D8
:10BD00009CFF00009CFF00009CFF00009CFF0000C7
:10BD10009CFF00009CFF00009CFF00009CFF0000B7
:10BD20009CFF00009CFF00009CFF00009CFF0000A7
:10BD30009CFF00009CFF00009CFF00009CFF000097
:10BD40009CFF00009CFF00009CFF00009CFF000087
:10BD50009CFF00009CFF00009CFF00009CFF000077
:10BD60009CFF00009CFF00009CFF00009CFF000067
:10BD70009CFF00009CFF00009CFF00009CFF000057
:10BD80009CFF00009CFF00009CFF00009CFF000047
:10BD90009CFF00009CFF00009CFF00009CFF000037
:10BDA0009CFF00009CFF00009CFF00009CFF000027
:10BDB0009CFF00009CFF00009CFF00009CFF000017
:10BDC0009CFF00009CF700009CF7000038F7000083
:10BDD000F7EE0000F6EE0000F6EE0000057B000036
:10BDE000A17A0000C6FD0000C6FD0000C6FD0000EF
:10BDF000C4D40000C0510000057B000043BC00001B
:10BE0000C6FD0000C6FD0000C6FD00002062000067
:10BE1000047B000054DE0000B5E60000D6EE000012
:10BE200038F700007AF700009CFF00009CFF00003C
:10BE30009CFF00009CFF00009CFF00009CFF000096
:10BE40009CFF00009CFF00009CFF00009CFF000086
:10BE50009CFF00009CFF00009CFF00009CFF000076
:10BE60009CFF00009CFF00009CFF00009CFF000066
:10BE70009CFF00009CFF00009CFF00009CFF000056
:10BE80009CFF00009CFF00009CFF00009CFF000046
:10BE90009CFF00009CFF00009CFF00009CFF000036
:10BEA0009CFF00009CFF00009CFF00009CFF000026
:10BEB0009CFF00009CFF00009CFF00009CFF000016
:10BEC0009CFF00009CFF00009CFF00009CFF000006
:10BED0009CFF00009CFF00009CFF00009CFF0000F6
:10BEE0009CFF00009CFF00009CFF00009CFF0000E6
:10BEF0009CFF00009CFF00009CFF00009CFF0000D6
:10BF00009CFF00009CFF00009CFF00009CFF0000C5
:10BF10009CFF00009CFF00009CFF00009CFF0000B5
:10BF20009CFF00009CFF00009CFF00009CFF0000A5
:10BF30009CFF00009CFF00009CFF00009CFF000095
:10BF40009CFF00009CFF00009CFF00009CFF000085
:10BF50009CFF00009CFF00009CFF00009CFF000075
:10BF60009CFF00009CFF00009CFF00009CFF000065
:10BF70009CFF00009CFF00009CFF00009CFF000055
:10BF80009CFF00009CFF00009CFF00009CFF000045
:10BF90009CFF00009CFF00009CFF00009CFF000035
:10BFA0009CFF00009CFF00009CFF00009CFF000025
:10BFB0009CFF00009CFF00009CFF00009CFF000015
:10BFC0009CFF00009CFF00009CFF00009CFF000005
:10BFD0009CFF00009CFF00009CFF00009CFF0000F5
:10BFE0009CFF00009CFF00009CFF00009CFF0000E5
:10BFF0009CFF00009CFF00009CFF00009CFF0000D5
:10C000009CFF00009CFF00009CFF00009CFF0000C4
:10C010009CFF00009CFF00009CFF00009BF70000BD
:10C020005AF7000017EF0000D6EE000054DE0000C3
:10C0300054DE000025830000E1820000C6FD000000
:10C04000C6FD0000C6FD0000C4D40000C0510000C1
:10C05000057B000043BC0000C6FD0000C6FD0000DB
:10C06000C6FD000021930000639300006BA4000054
:10C07000B0CD000093E60000B4EE0000D6EE000064
:10C080009CFF00009CFF00009CFF00009CFF000044
:10C090009CFF00009CFF00009CFF00009CFF000034
:10C0A0009CFF00009CFF00009CFF00009CFF000024
:10C0B0009CFF00009CFF00009CFF00009CFF000014
:10C0C0009CFF00009CFF00009CFF00009CFF000004
:10C0D0009CFF00009CFF00009CFF00009CFF0000F4
:10C0E0009CFF00009CFF00009CFF00009CFF0000E4
:10C0F0009CFF00009CFF00009CFF00009CFF0000D4
:10C100009CFF00009CFF00009CFF00009CFF0000C3
:10C110009CFF00009CFF00009CFF00009CFF0000B3
:10C120009CFF00009CFF00009CFF00009CFF0000A3
:10C130009CFF00009CFF00009CFF00009CFF000093
:10C140009CFF00009CFF00009CFF00009CFF000083
:10C150009CFF00009CFF00009CFF00009CFF000073
:10C160009CFF00009CFF00009CFF00009CFF000063
:10C170009CFF00009CFF00009CFF00009CFF000053
:10C180009CFF00009CFF00009CFF00009CFF000043
:10C190009CFF00009CFF00009CFF00009CFF000033
:10C1A0009CFF00009CFF00009CFF00009CFF000023
:10C1B0009CFF00009CFF00009CFF00009CFF000013
:10C1C0009CFF00009CFF00009CFF00009CFF000003
:10C1D0009CFF00009CFF00009CFF00009CFF0000F3
:10C1E0009CFF00009CFF00009CFF00009CFF0000E3
:10C1F0009CFF00009CFF00009CFF00009CFF0000D3
:10C200009CFF00009CFF00009CFF00009CFF0000C2
:10C210009CFF00009CFF00009CFF00009CFF0000B2
:10C220009CFF00009CFF00009CFF00009CFF0000A2
:10C230009CFF00009CFF00009CFF00009CFF000092
:10C240009CFF00009CFF00009CFF00009CFF000082
:10C250009CFF00009CFF00009CFF00009CFF000072
:10C260009CFF00009CFF00009CFF00009CFF000062
:10C270009CFF00007AF70000D5EE0000B4E6000055
:10C2800093E600008CA400006BA400006393000000
:10C29000C2AB0000C6FD0000C6FD0000C6FD0000E8
:10C2A000C4D40000C0510000057B000043BC000066
:10C2B000C6FD0000C6FD0000C6FD0000A2D40000BF
:10C2C00002B40000C051000069A400002FDE00008D
:10C2D0002FDE00002FDE00009CFF00009CFF00000E
:10C2E0009CFF00009CFF00009CFF00009CFF0000E2
:10C2F0009CFF00009CFF00009CFF00009CFF0000D2
:10C300009CFF00009CFF00009CFF00009CFF0000C1
:10C310009CFF00009CFF00009CFF00009CFF0000B1
:10C320009CFF00009CFF00009CFF00009CFF0000A1
:10C330009CFF00009CFF00009CFF00009CFF000091
:10C340009CFF00009CFF00009CFF00009CFF000081
:10C350009CFF00009CFF00009CFF00009CFF000071
:10C360009CFF00009CFF00009CFF00009CFF000061
:10C370009CFF00009CFF00009CFF00009CFF000051
:10C380009CFF00009CFF00009CFF00009CFF000041
:10C390009CFF00009CFF00009CFF00009CFF000031
:10C3A0009CFF00009CFF00009CFF00009CFF000021
:10C3B0009CFF00009CFF00009CFF00009CFF000011
:10C3C0009CFF00009CFF00009CFF00009CFF000001
:10C3D0009CFF00009CFF00009CFF00009CFF0000F1
:10C3E0009CFF00009CFF00009CFF00009CFF0000E1
:10C3F0009CFF00009CFF00009CFF00009CFF0000D1
:10C400009CFF00009CFF00009CFF00009CFF0000C0
:10C410009CFF00009CFF00009CFF00009CFF0000B0
:10C420009CFF00009CFF00009CFF00009CFF0000A0
:10C430009CFF00009CFF00009CFF00009CFF000090
:10C440009CFF00009CFF00009CFF00009CFF000080
:10C450009CFF00009CFF00009CFF00009CFF000070
:10C460009CFF00009CFF00009CFF00009CFF000060
:10C470009CFF00009CFF00009CFF00009CFF000050
:10C480009CFF00009CFF00009CFF00009CFF000040
:10C490009CFF00009CFF00009CFF00009CFF000030
:10C4A0009CFF00009CFF00009CFF00009CFF000020
:10C4B0009CFF00009CFF00009CFF00009CFF000010
:10C4C0009CFF00009CFF00009CFF000059F700004B
:10C4D0002FDE00002FDE00002FDE0000005A0000DB
:10C4E000C0510000E2B30000E3DC0000C6FD000024
:10C4F000C6FD0000C6FD0000C4D40000C05100000D
:10C50000057B000043BC0000C6FD0000C6FD000026
:10C51000C6FD0000A2D4000002B40000C05100001B
:10C5200069A400002FDE00002FDE00002FDE0000D7
:10C530009CFF00009CFF00009CFF00009CFF00008F
:10C540009CFF00009CFF00009CFF00009CFF00007F
:10C550009CFF00009CFF00009CFF00009CFF00006F
:10C560009CFF00009CFF00009CFF00009CFF00005F
:10C570009CFF00009CFF00009CFF00009CFF00004F
:10C580009CFF00009CFF00009CFF00009CFF00003F
:10C590009CFF00009CFF00009CFF00009CFF00002F
:10C5A0009CFF00009CFF00009CFF00009CFF00001F
:10C5B0009CFF00009CFF00009CFF00009CFF00000F
:10C5C0009CFF00009CFF00009CFF00009CFF0000FF
:10C5D0009CFF00009CFF00009CFF00009CFF0000EF
:10C5E0009CFF00009CFF00009CFF00009CFF0000DF
:10C5F0009CFF00009CFF00009CFF00009CFF0000CF
:10C600009CFF00009CFF00009CFF00009CFF0000BE
:10C610009CFF00009CFF00009CFF00009CFF0000AE
:10C620009CFF00009CFF00009CFF00009CFF00009E
:10C630009CFF00009CFF00009CFF00009CFF00008E
:10C640009CFF00009CFF00009CFF00009CFF00007E
:10C650009CFF00009CFF00009CFF00009CFF00006E
:10C660009CFF00009CFF00009CFF00009CFF00005E
:10C670009CFF00009CFF00009CFF00009CFF00004E
:10C680009CFF00009CFF00009CFF00009CFF00003E
:10C690009CFF00009CFF00009CFF00009CFF00002E
:10C6A0009CFF00009CFF00009CFF00009CFF00001E
:10C6B0009CFF00009CFF00009CFF00009CFF00000E
:10C6C0009CFF00009CFF00009CFF00009CFF0000FE
:10C6D0009CFF00009CFF00009CFF00009CFF0000EE
:10C6E0009CFF00009CFF00009CFF00009CFF0000DE
:10C6F0009CFF00009CFF00009CFF00009CFF0000CE
:10C700009CFF00009CFF00009CFF00009CFF0000BD
:10C710009CFF00009CFF00009CFF00009CFF0000AD
:10C720009CFF000059F700002FDE00002FDE000004
:10C730002FDE0000005A0000C0510000E2B30000EC
:10C74000E3DC0000C6FD0000C6FD0000C6FD0000E1
:10C75000C4D40000C0510000057B000043BC0000B1
:10C76000C6FD0000C6FD0000C6FD0000A2D400000A
:10C7700002B40000C051000069A400002FDE0000D8
:10C780002FDE00002FDE00009CFF00009CFF000059
:10C790009CFF00009CFF00009CFF00009CFF00002D
:10C7A0009CFF00009CFF00009CFF00009CFF00001D
:10C7B0009CFF00009CFF00009CFF00009CFF00000D
:10C7C0009CFF00009CFF00009CFF00009CFF0000FD
:10C7D0009CFF00009CFF00009CFF00009CFF0000ED
:10C7E0009CFF00009CFF00009CFF00009CFF0000DD
:10C7F0009CFF00009CFF00009CFF00009CFF0000CD
:10C800009CFF00009CFF00009CFF00009CFF0000BC
:10C810009CFF00009CFF00009CFF00009CFF0000AC
:10C820009CFF00009CFF00009CFF00009CFF00009C
:10C830009CFF00009CFF00009CFF00009CFF00008C
:10C840009CFF00009CFF00009CFF00009CFF00007C
:10C850009CFF00009CFF00009CFF00009CFF00006C
:10C860009CFF00009CFF00009CFF00009CFF00005C
:10C870009CFF00009CFF00009CFF00009CFF00004C
:10C880009CFF00009CFF00009CFF00009CFF00003C
:10C890009CFF00009CFF00009CFF00009CFF00002C
:10C8A0009CFF00009CFF00009CFF00009CFF00001C
:10C8B0009CFF00009CFF00009CFF00009CFF00000C
:10C8C0009CFF00009CFF00009CFF00009CFF0000FC
:10C8D0009CFF00009CFF00009CFF00009CFF0000EC
:10C8E0009CFF00009CFF00009CFF00009CFF0000DC
:10C8F0009CFF00009CFF00009CFF00009CFF0000CC
:10C900009CFF00009CFF00009CFF00009CFF0000BB
:10C910009CFF00009CFF00009CFF00009CFF0000AB
:10C920009CFF00009CFF00009CFF00009CFF00009B
:10C930009CFF00009CFF00009CFF00009CFF00008B
:10C940009CFF00009CFF00009CFF00009CFF00007B
:10C950009CFF00009CFF00009CFF00009CFF00006B
:10C960009CFF00009CFF00009CFF00009CFF00005B
:10C970009CFF00009CFF00009CFF000059F7000096
:10C980002FDE00002FDE00002FDE0000005A000026
:10C99000C0510000E2B30000E3DC0000C6FD00006F
:10C9A000C6FD0000C6FD0000C4D40000C051000058
:10C9B000057B000043BC0000C6FD0000C6FD000072
:10C9C000C6FD0000A2D4000002B40000C051000067
:10C9D00069A400002FDE00002FDE00002FDE000023
:10C9E0009CFF00009CFF00009CFF00009CFF0000DB
:10C9F0009CFF00009CFF00009CFF00009CFF0000CB
:10CA00009CFF00009CFF00009CFF00009CFF0000BA
:10CA10009CFF00009CFF00009CFF00009CFF0000AA
:10CA20009CFF00009CFF00009CFF00009CFF00009A
:10CA30009CFF00009CFF00009CFF00009CFF00008A
:10CA40009CFF00009CFF00009CFF00009CFF00007A
:10CA50009CFF00009CFF00009CFF00009CFF00006A
:10CA60009CFF00009CFF00009CFF00009CFF00005A
:10CA70009CFF00009CFF00009CFF00009CFF00004A
:10CA80009CFF00009CFF00009CFF00009CFF00003A
:10CA90009CFF00009CFF00009CFF00009CFF00002A
:10CAA0009CFF00009CFF00009CFF00009CFF00001A
:10CAB0009CFF00009CFF00009CFF00009CFF00000A
:10CAC0009CFF00009CFF00009CFF00009CFF0000FA
:10CAD0009CFF00009CFF00009CFF00009CFF0000EA
:10CAE0009CFF00009CFF00009CFF00009CFF0000DA
:10CAF0009CFF00009CFF00009CFF00009CFF0000CA
:10CB00009CFF00009CFF00009CFF00009CFF0000B9
:10CB10009CFF00009CFF00009CFF00009CFF0000A9
:10CB20009CFF00009CFF00009CFF00009CFF000099
:10CB30009CFF00009CFF00009CFF00009CFF000089
:10CB40009CFF00009CFF00009CFF00009CFF000079
:10CB50009CFF00009CFF00009CFF00009CFF000069
:10CB60009CFF00009CFF00009CFF00009CFF000059
:10CB70009CFF00009CFF00009CFF00009CFF000049
:10CB80009CFF00009CFF00009CFF00009CFF000039
:10CB90009CFF00009CFF00009CFF00009CFF000029
:10CBA0009CFF00009CFF00009CFF00009CFF000019
:10CBB0009CFF00009CFF00009CFF00009CFF000009
:10CBC0009CFF00009CFF00009CFF00009CFF0000F9
:10CBD0009CFF000059F700002FDE00002FDE000050
:10CBE0002FDE0000005A0000C0510000E2B3000038
:10CBF000E3DC0000C6FD0000C6FD0000C6FD00002D
:10CC0000C4D40000C0510000057B000025AC00002A
:10CC100084C4000044ED000064ED0000A2D40000D4
:10CC200022BC0000A17A0000E69B0000CAB400000C
:10CC30008DCD00002FDE0000D6EE0000D6EE000005
:10CC4000D6EE0000D6EE0000D6EE0000D6EE0000D4
:10CC5000D6EE0000D6EE0000D6EE0000D6EE0000C4
:10CC6000D6EE0000D6EE0000D6EE0000D6EE0000B4
:10CC7000D6EE0000D6EE0000D6EE0000D6EE0000A4
:10CC8000D6EE0000D6EE0000D6EE0000D6EE000094
:10CC9000D6EE0000D6EE0000D6EE0000D6EE000084
:10CCA000D6EE0000D6EE0000D6EE0000D6EE000074
:10CCB000D6EE0000D6EE0000D6EE0000D6EE000064
:10CCC000D6EE0000D6EE0000D6EE0000D6EE000054
:10CCD000D6EE0000D6EE0000D6EE0000D6EE000044
:10CCE000D6EE0000D6EE0000D6EE0000D6EE000034
:10CCF000D6EE0000D6EE0000D6EE0000D6EE000024
:10CD0000D6EE0000D6EE0000D6EE0000D6EE000013
:10CD1000D6EE0000D6EE0000D6EE0000D6EE000003
:10CD2000D6EE0000D6EE0000D6EE0000D6EE0000F3
:10CD3000D6EE0000D6EE0000D6EE0000D6EE0000E3
:10CD4000D6EE0000D6EE0000D6EE0000D6EE0000D3
:10CD5000D6EE0000D6EE0000D6EE0000D6EE0000C3
:10CD6000D6EE0000D6EE0000D6EE0000D6EE0000B3
:10CD7000D6EE0000D6EE0000D6EE0000D6EE0000A3
:10CD8000D6EE0000D6EE0000D6EE0000D6EE000093
:10CD9000D6EE0000D6EE0000D6EE0000D6EE000083
:10CDA000D6EE0000D6EE0000D6EE0000D6EE000073
:10CDB000D6EE0000D6EE0000D6EE0000D6EE000063
:10CDC000D6EE0000D6EE0000D6EE0000D6EE000053
:10CDD000D6EE0000D6EE0000D6EE0000D6EE000043
:10CDE000D6EE0000D6EE0000D6EE0000D6EE000033
:10CDF000D6EE0000D6EE0000D6EE0000D6EE000023
:10CE0000D6EE0000D6EE0000D6EE0000D6EE000012
:10CE1000D6EE0000D6EE0000D6EE0000D6EE000002
:10CE2000D6EE0000D6EE0000D6EE0000B4EE000014
:10CE30002FDE00004CC50000CAB40000C17A00001B
:10CE4000A17A000022BC0000C3D4000064ED000001
:10CE500064ED000084CC000044B40000678300004F
:10CE60004B9C0000E79B000042930000E3DC0000C5
:10CE700003DD0000A2D4000062C4000081A3000012
:10CE800084930000658B0000EBB400002FDE0000EF
:10CE90002FDE00002FDE00002FDE00002FDE00005E
:10CEA0002FDE00002FDE00002FDE00002FDE00004E
:10CEB0002FDE00002FDE00002FDE00002FDE00003E
:10CEC0002FDE00002FDE00002FDE00002FDE00002E
:10CED0002FDE00002FDE00002FDE00002FDE00001E
:10CEE0002FDE00002FDE00002FDE00002FDE00000E
:10CEF0002FDE00002FDE00002FDE00002FDE0000FE
:10CF00002FDE00002FDE00002FDE00002FDE0000ED
:10CF10002FDE00002FDE00002FDE00002FDE0000DD
:10CF20002FDE00002FDE00002FDE00002FDE0000CD
:10CF30002FDE00002FDE00002FDE00002FDE0000BD
:10CF40002FDE00002FDE00002FDE00002FDE0000AD
:10CF50002FDE00002FDE00002FDE00002FDE00009D
:10CF60002FDE00002FDE00002FDE00002FDE00008D
:10CF70002FDE00002FDE00002FDE00002FDE00007D
:10CF80002FDE00002FDE00002FDE00002FDE00006D
:10CF90002FDE00002FDE00002FDE00002FDE00005D
:10CFA0002FDE00002FDE00002FDE00002FDE00004D
:10CFB0002FDE00002FDE00002FDE00002FDE00003D
:10CFC0002FDE00002FDE00002FDE00002FDE00002D
:10CFD0002FDE00002FDE00002FDE00002FDE00001D
:10CFE0002FDE00002FDE00002FDE00002FDE00000D
:10CFF0002FDE00002FDE00002FDE00002FDE0000FD
:10D000002FDE00002FDE00002FDE00002FDE0000EC
:10D010002FDE00002FDE00002FDE00002FDE0000DC
:10D020002FDE00002FDE00002FDE00002FDE0000CC
:10D030002FDE00002FDE00002FDE00002FDE0000BC
:10D040002FDE00002FDE00002FDE00002FDE0000AC
:10D050002FDE00002FDE00002FDE00002FDE00009C
:10D060002FDE00002FDE00002FDE00002FDE00008C
:10D070002FDE00002FDE00002FDE00002FDE00007C
:10D080002FDE00002FDE00002FDE000069A400006C
:10D09000658B000081A3000081A3000062C4000032
:10D0A000A2D4000003DD000003DD00006293000055
:10D0B000A59B00000EB5000090C50000C8930000BD
:10D0C000E059000062C40000A2D40000A2D4000015
:10D0D000A2CC000082CC000001830000E0590000D7
:10D0E00028A400002FDE000068D5000068D50000ED
:10D0F00068D5000068D5000068D5000068D500003C
:10D1000068D5000068D5000068D5000068D500002B
:10D1100068D5000068D5000068D5000068D500001B
:10D1200068D5000068D5000068D5000068D500000B
:10D1300068D5000068D5000068D5000068D50000FB
:10D1400068D5000068D5000068D5000068D50000EB
:10D1500068D5000068D5000068D5000068D50000DB
:10D1600068D5000068D5000068D5000068D50000CB
:10D1700068D5000068D5000068D5000068D50000BB
:10D1800068D5000068D5000068D5000068D50000AB
:10D1900068D5000068D5000068D5000068D500009B
:10D1A00068D5000068D5000068D5000068D500008B
:10D1B00068D5000068D5000068D5000068D500007B
:10D1C00068D5000068D5000068D5000068D500006B
:10D1D00068D5000068D5000068D5000068D500005B
:10D1E00068D5000068D5000068D5000068D500004B
:10D1F00068D5000068D5000068D5000068D500003B
:10D2000068D5000068D5000068D5000068D500002A
:10D2100068D5000068D5000068D5000068D500001A
:10D2200068D5000068D5000068D5000068D500000A
:10D2300068D5000068D5000068D5000068D50000FA
:10D2400068D5000068D5000068D5000068D50000EA
:10D2500068D5000068D5000068D5000068D50000DA
:10D2600068D5000068D5000068D5000068D50000CA
:10D2700068D5000068D5000068D5000068D50000BA
:10D2800068D5000068D5000068D5000068D50000AA
:10D2900068D5000068D5000068D5000068D500009A
:10D2A00068D5000068D5000068D5000068D500008A
:10D2B00068D5000068D5000068D5000068D500007A
:10D2C00068D5000068D5000068D5000068D500006A
:10D2D00068D5000068D5000068D500008AD5000038
:10D2E0002FDE0000658B0000E059000062C40000E2
:10D2F00082CC0000A2CC0000A2D40000A2D4000086
:10D30000A2D4000020620000057B0000D6EE0000E1
:10D31000F6EE0000C9930000C051000042C40000B6
:10D32000A2D40000A2D40000A2D40000A2D4000025
:10D33000E1820000C051000028A400002FDE0000A0
:10D3400048D5000048D5000048D5000048D5000069
:10D3500048D5000048D5000048D5000048D5000059
:10D3600048D5000048D5000048D5000048D5000049
:10D3700048D5000048D5000048D5000048D5000039
:10D3800048D5000048D5000048D5000048D5000029
:10D3900048D5000048D5000048D5000048D5000019
:10D3A00048D5000048D5000048D5000048D5000009
:10D3B00048D5000048D5000048D5000048D50000F9
:10D3C00048D5000048D5000048D5000048D50000E9
:10D3D00048D5000048D5000048D5000048D50000D9
:10D3E00048D5000048D5000048D5000048D50000C9
:10D3F00048D5000048D5000048D5000048D50000B9
:10D4000048D5000048D5000048D5000048D50000A8
:10D4100048D5000048D5000048D5000048D5000098
:10D4200048D5000048D5000048D5000048D5000088
:10D4300048D5000048D5000048D5000048D5000078
:10D4400048D5000048D5000048D5000048D5000068
:10D4500048D5000048D5000048D5000048D5000058
:10D4600048D5000048D5000048D5000048D5000048
:10D4700048D5000048D5000048D5000048D5000038
:10D4800048D5000048D5000048D5000048D5000028
:10D4900048D5000048D5000048D5000048D5000018
:10D4A00048D5000048D5000048D5000048D5000008
:10D4B00048D5000048D5000048D5000048D50000F8
:10D4C00048D5000048D5000048D5000048D50000E8
:10D4D00048D5000048D5000048D5000048D50000D8
:10D4E00048D5000048D5000048D5000048D50000C8
:10D4F00048D5000048D5000048D5000048D50000B8
:10D5000048D5000048D5000048D5000048D50000A7
:10D5100048D5000048D5000048D5000048D5000097
:10D5200048D5000048D5000048D5000048D5000087
:10D5300048D5000089D500002FDE0000458300009B
:10D54000C051000082CC0000A2D40000A2D4000090
:10D55000A2D40000A2D40000A2D40000005A00000F
:10D56000057B0000DFEF0000DFEF0000C993000043
:10D57000C051000042C40000A2D40000A2D40000A8
:10D58000A2D40000A2D40000E1820000C05100003B
:10D5900028A400002FDE000048D5000048D5000078
:10D5A00048D5000048D5000048D5000048D5000007
:10D5B00048D5000048D5000048D5000048D50000F7
:10D5C00048D5000048D5000048D5000048D50000E7
:10D5D00048D5000048D5000048D5000048D50000D7
:10D5E00048D5000048D5000048D5000048D50000C7
:10D5F00048D5000048D5000048D5000048D50000B7
:10D6000048D5000048D5000048D5000048D50000A6
:10D6100048D5000048D5000048D5000048D5000096
:10D6200048D5000048D5000048D5000048D5000086
:10D6300048D5000048D5000048D5000048D5000076
:10D6400048D5000048D5000048D5000048D5000066
:10D6500048D5000048D5000048D5000048D5000056
:10D6600048D5000048D5000048D5000048D5000046
:10D6700048D5000048D5000048D5000048D5000036
:10D6800048D5000048D5000048D5000048D5000026
:10D6900048D5000048D5000048D5000048D5000016
:10D6A00048D5000048D5000048D5000048D5000006
:10D6B00048D5000048D5000048D5000048D50000F6
:10D6C00048D5000048D5000048D5000048D50000E6
:10D6D00048D5000048D5000048D5000048D50000D6
:10D6E00048D5000048D5000048D5000048D50000C6
:10D6F00048D5000048D5000048D5000048D50000B6
:10D7000048D5000048D5000048D5000048D50000A5
:10D7100048D5000048D5000048D5000048D5000095
:10D7200048D5000048D5000048D5000048D5000085
:10D7300048D5000048D5000048D5000048D5000075
:10D7400048D5000048D5000048D5000048D5000065
:10D7500048D5000048D5000048D5000048D5000055
:10D7600048D5000048D5000048D5000048D5000045
:10D7700048D5000048D5000048D5000048D5000035
:10D7800048D5000048D5000048D5000089D50000E4
:10D790002FDE000045830000C051000082CC000055
:10D7A000A2D40000A2D40000A2D40000A2D40000A1
:10D7B000A2D40000005A0000057B0000DFEF00004B
:10D7C000DFEF0000C9930000C051000042C4000018
:10D7D000A2D40000A2D40000A2D40000A2D4000071
:10D7E000E1820000C051000028A400002FDE0000EC
:10D7F00048D5000048D5000048D5000048D50000B5
:10D8000048D5000048D5000048D5000048D50000A4
:10D8100048D5000048D5000048D5000048D5000094
:10D8200048D5000048D5000048D5000048D5000084
:10D8300048D5000048D5000048D5000048D5000074
:10D8400048D5000048D5000048D5000048D5000064
:10D8500048D5000048D5000048D5000048D5000054
:10D8600048D5000048D5000048D5000048D5000044
:10D8700048D5000048D5000048D5000048D5000034
:10D8800048D5000048D5000048D5000048D5000024
:10D8900048D5000048D5000048D5000048D5000014
:10D8A00048D5000048D5000048D5000048D5000004
:10D8B00048D5000048D5000048D5000048D50000F4
:10D8C00048D5000048D5000048D5000048D50000E4
:10D8D00048D5000048D5000048D5000048D50000D4
:10D8E00048D5000048D5000048D5000048D50000C4
:10D8F00048D5000048D5000048D5000048D50000B4
:10D9000048D5000048D5000048D5000048D50000A3
:10D9100048D5000048D5000048D5000048D5000093
:10D9200048D5000048D5000048D5000048D5000083
:10D9300048D5000048D5000048D5000048D5000073
:10D9400048D5000048D5000048D5000048D5000063
:10D9500048D5000048D5000048D5000048D5000053
:10D9600048D5000048D5000048D5000048D5000043
:10D9700048D5000048D5000048D5000048D5000033
:10D9800048D5000048D5000048D5000048D5000023
:10D9900048D5000048D5000048D5000048D5000013
:10D9A00048D5000048D5000048D5000048D5000003
:10D9B00048D5000048D5000048D5000048D50000F3
:10D9C00048D5000048D5000048D5000048D50000E3
:10D9D00048D5000048D5000048D5000048D50000D3
:10D9E00048D5000089D500002FDE000045830000E7
:10D9F000C051000082CC0000A2D40000A2D40000DC
:10DA0000A2D40000A2D40000A2D40000005A00005A
:10DA1000057B0000DFEF0000DFEF00004FBD0000DE
:10DA20006B9C00004293000041930000A2D40000D0
:10DA3000A2D40000A2D40000C1AB000021930000DA
:10DA4000A4930000079C000048D5000048D50000C2
:10DA500048D5000048D5000048D5000048D5000052
:10DA600048D5000048D5000048D5000048D5000042
:10DA700048D5000048D5000048D5000048D5000032
:10DA800048D5000048D5000048D5000048D5000022
:10DA900048D5000048D5000048D5000048D5000012
:10DAA00048D5000048D5000048D5000048D5000002
:10DAB00048D5000048D5000048D5000048D50000F2
:10DAC00048D5000048D5000048D5000048D50000E2
:10DAD00048D5000048D5000048D5000048D50000D2
:10DAE00048D5000048D5000048D5000048D50000C2
:10DAF00048D5000048D5000048D5000048D50000B2
:10DB000048D5000048D5000048D5000048D50000A1
:10DB100048D5000048D5000048D5000048D5000091
:10DB200048D5000048D5000048D5000048D5000081
:10DB300048D5000048D5000048D5000048D5000071
:10DB400048D5000048D5000048D5000048D5000061
:10DB500048D5000048D5000048D5000048D5000051
:10DB600048D5000048D5000048D5000048D5000041
:10DB700048D5000048D5000048D5000048D5000031
:10DB800048D5000048D5000048D5000048D5000021
:10DB900048D5000048D5000048D5000048D5000011
:10DBA00048D5000048D5000048D5000048D5000001
:10DBB00048D5000048D5000048D5000048D50000F1
:10DBC00048D5000048D5000048D5000048D50000E1
:10DBD00048D5000048D5000048D5000048D50000D1
:10DBE00048D5000048D5000048D5000048D50000C1
:10DBF00048D5000048D5000048D5000048D50000B1
:10DC000048D5000048D5000048D5000048D50000A0
:10DC100048D5000048D5000048D5000048D5000090
:10DC200048D5000048D5000048D5000048D5000080
:10DC300048D5000048D5000048D5000008C50000C0
:10DC4000079C0000839300002193000082CC000019
:10DC5000A2D40000A2D4000042C4000041930000FE
:10DC6000419300004A9C0000EEB40000DFEF00008A
:10DC7000DFEF0000B5E6000074DE0000826A0000FD
:10DC800000620000A2D40000A2D40000A2D40000D0
:10DC900062CC000042C40000228B00004162000000
:10DCA00048D5000048D5000048D5000048D5000000
:10DCB00048D5000048D5000048D5000048D50000F0
:10DCC00048D5000048D5000048D5000048D50000E0
:10DCD00048D5000048D5000048D5000048D50000D0
:10DCE00048D5000048D5000048D5000048D50000C0
:10DCF00048D5000048D5000048D5000048D50000B0
:10DD000048D5000048D5000048D5000048D500009F
:10DD100048D5000048D5000048D5000048D500008F
:10DD200048D5000048D5000048D5000048D500007F
:10DD300048D5000048D5000048D5000048D500006F
:10DD400048D5000048D5000048D5000048D500005F
:10DD500048D5000048D5000048D5000048D500004F
:10DD600048D5000048D5000048D5000048D500003F
:10DD700048D5000048D5000048D5000048D500002F
:10DD800048D5000048D5000048D5000048D500001F
:10DD900048D5000048D5000048D5000048D500000F
:10DDA00048D5000048D5000048D5000048D50000FF
:10DDB00048D5000048D5000048D5000048D50000EF
:10DDC00048D5000048D5000048D5000048D50000DF
:10DDD00048D5000048D5000048D5000048D50000CF
:10DDE00048D5000048D5000048D5000048D50000BF
:10DDF00048D5000048D5000048D5000048D50000AF
:10DE000048D5000048D5000048D5000048D500009E
:10DE100048D5000048D5000048D5000048D500008E
:10DE200048D5000048D5000048D5000048D500007E
:10DE300048D5000048D5000048D5000048D500006E
:10DE400048D5000048D5000048D5000048D500005E
:10DE500048D5000048D5000048D5000048D500004E
:10DE600048D5000048D5000048D5000048D500003E
:10DE700048D5000048D5000048D5000048D500002E
:10DE800048D5000048D5000048D5000048D500001E
:10DE900048D50000A6BC00004162000082A300003B
:10DEA00042C40000A2CC0000A2D40000A2D4000012
:10DEB00002B40000006200000062000033D60000DF
:10DEC00095E60000DFEF0000DFEF0000F6EE000057
:10DED000F6EE000042620000E0510000A2D4000013
:10DEE000A2D40000A2D40000A2CC000082CC00008A
:10DEF000218B0000E059000048D5000048D5000003
:10DF000048D5000048D5000048D5000048D500009D
:10DF100048D5000048D5000048D5000048D500008D
:10DF200048D5000048D5000048D5000048D500007D
:10DF300048D5000048D5000048D5000048D500006D
:10DF400048D5000048D5000048D5000048D500005D
:10DF500048D5000048D5000048D5000048D500004D
:10DF600048D5000048D5000048D5000048D500003D
:10DF700048D5000048D5000048D5000048D500002D
:10DF800048D5000048D5000048D5000048D500001D
:10DF900048D5000048D5000048D5000048D500000D
:10DFA00048D5000048D5000048D5000048D50000FD
:10DFB00048D5000048D5000048D5000048D50000ED
:10DFC00048D5000048D5000048D5000048D50000DD
:10DFD00048D5000048D5000048D5000048D50000CD
:10DFE00048D5000048D5000048D5000048D50000BD
:10DFF00048D5000048D5000048D5000048D50000AD
:10E0000048D5000048D5000048D5000048D500009C
:10E0100048D5000048D5000048D5000048D500008C
:10E0200048D5000048D5000048D5000048D500007C
:10E0300048D5000048D5000048D5000048D500006C
:10E0400048D5000048D5000048D5000048D500005C
:10E0500048D5000048D5000048D5000048D500004C
:10E0600048D5000048D5000048D5000048D500003C
:10E0700048D5000048D5000048D5000048D500002C
:10E0800048D5000048D5000048D5000048D500001C
:10E0900048D5000048D5000048D5000048D500000C
:10E0A00048D5000048D5000048D5000048D50000FC
:10E0B00048D5000048D5000048D5000048D50000EC
:10E0C00048D5000048D5000048D5000048D50000DC
:10E0D00048D5000048D5000048D5000048D50000CC
:10E0E00048D5000048D5000048D5000086B400009F
:10E0F000E0510000A1A3000082CC0000A2CC0000EF
:10E10000A2D40000A2D4000002B40000E05100003C
:10E11000E051000095E60000F6EE0000DFEF0000A1
:10E12000DFEF0000DFEF0000DFEF000042620000E1
:10E13000C0510000A2D40000A2D40000A2D400006C
:10E14000A2D40000A2D40000018B0000E051000026
:10E1500048D5000048D5000048D5000048D500004B
:10E1600048D5000048D5000048D5000048D500003B
:10E1700048D5000048D5000048D5000048D500002B
:10E1800048D5000048D5000048D5000048D500001B
:10E1900048D5000048D5000048D5000048D500000B
:10E1A00048D5000048D5000048D5000048D50000FB
:10E1B00048D5000048D5000048D5000048D50000EB
:10E1C00048D5000048D5000048D5000048D50000DB
:10E1D00048D5000048D5000048D5000048D50000CB
:10E1E00048D5000048D5000048D5000048D50000BB
:10E1F00048D5000048D5000048D5000048D50000AB
:10E2000048D5000048D5000048D5000048D500009A
:10E2100048D5000048D5000048D5000048D500008A
:10E2200048D5000048D5000048D5000048D500007A
:10E2300048D5000048D5000048D5000048D500006A
:10E2400048D5000048D5000048D5000048D500005A
:10E2500048D5000048D5000048D5000048D500004A
:10E2600048D5000048D5000048D5000048D500003A
:10E2700048D5000048D5000048D5000048D500002A
:10E2800048D5000048D5000048D5000048D500001A
:10E2900048D5000048D5000048D5000048D500000A
:10E2A00048D5000048D5000048D5000048D50000FA
:10E2B00048D5000048D5000048D5000048D50000EA
:10E2C00048D5000048D5000048D5000048D50000DA
:10E2D00048D5000048D5000048D5000048D50000CA
:10E2E00048D5000048D5000048D5000048D50000BA
:10E2F00048D5000048D5000048D5000048D50000AA
:10E3000048D5000048D5000048D5000048D5000099
:10E3100048D5000048D5000048D5000048D5000089
:10E3200048D5000048D5000048D5000048D5000079
:10E3300048D5000048D5000048D5000048D5000069
:10E3400048D5000086B40000C0510000A1A3000021
:10E35000A2D40000A2D40000A2D40000A2D40000E5
:10E3600002B40000C0510000C0510000B5E600003A
:10E37000DFEF0000DFEF0000DFEF0000DFEF000065
:10E38000DFEF000062620000E059000082CC000074
:10E3900082CC0000A2D40000A2D40000A2D40000CD
:10E3A000218B0000E059000048CD000048CD00005E
:10E3B00048CD000048CD000048CD000048CD000009
:10E3C00048CD000048CD000048CD000048CD0000F9
:10E3D00048CD000048CD000048CD000048CD0000E9
:10E3E00048CD000048CD000048CD000048CD0000D9
:10E3F00048CD000048CD000048CD000048CD0000C9
:10E4000048CD000048CD000048CD000048CD0000B8
:10E4100048CD000048CD000048CD000048CD0000A8
:10E4200048CD000048CD000048CD000048CD000098
:10E4300048CD000048CD000048CD000048CD000088
:10E4400048CD000048CD000048CD000048CD000078
:10E4500048CD000048CD000048CD000048CD000068
:10E4600048CD000048CD000048CD000048CD000058
:10E4700048CD000048CD000048CD000048CD000048
:10E4800048CD000048CD000048CD000048CD000038
:10E4900048CD000048CD000048CD000048CD000028
:10E4A00048CD000048CD000048CD000048CD000018
:10E4B00048CD000048CD000048CD000048CD000008
:10E4C00048CD000048CD000048CD000048CD0000F8
:10E4D00048CD000048CD000048CD000048CD0000E8
:10E4E00048CD000048CD000048CD000048CD0000D8
:10E4F00048CD000048CD000048CD000048CD0000C8
:10E5000048CD000048CD000048CD000048CD0000B7
:10E5100048CD000048CD000048CD000048CD0000A7
:10E5200048CD000048CD000048CD000048CD000097
:10E5300048CD000048CD000048CD000048CD000087
:10E5400048CD000048CD000048CD000048CD000077
:10E5500048CD000048CD000048CD000048CD000067
:10E5600048CD000048CD000048CD000048CD000057
:10E5700048CD000048CD000048CD000048CD000047
:10E5800048CD000048CD000048CD000048CD000037
:10E5900048CD000048CD000048CD000086B4000002
:10E5A000E0510000A1A30000A2D40000A2D400000A
:10E5B000A2D4000082CC000002B40000E0590000A8
:10E5C000E0590000B5E60000DFEF0000DFEF0000DB
:10E5D000DFEF0000DFEF0000DFEF0000057B000051
:10E5E000836A000022BC000042C40000A2D40000E4
:10E5F000A2D40000A2D4000041930000406A0000B1
:10E60000C7BC0000C7BC0000C7BC0000C7BC0000FE
:10E61000C7BC0000C7BC0000C7BC0000C7BC0000EE
:10E62000C7BC0000C7BC0000C7BC0000C7BC0000DE
:10E63000C7BC0000C7BC0000C7BC0000C7BC0000CE
:10E64000C7BC0000C7BC0000C7BC0000C7BC0000BE
:10E65000C7BC0000C7BC0000C7BC0000C7BC0000AE
:10E66000C7BC0000C7BC0000C7BC0000C7BC00009E
:10E67000C7BC0000C7BC0000C7BC0000C7BC00008E
:10E68000C7BC0000C7BC0000C7BC0000C7BC00007E
:10E69000C7BC0000C7BC0000C7BC0000C7BC00006E
:10E6A000C7BC0000C7BC0000C7BC0000C7BC00005E
:10E6B000C7BC0000C7BC0000C7BC0000C7BC00004E
:10E6C000C7BC0000C7BC0000C7BC0000C7BC00003E
:10E6D000C7BC0000C7BC0000C7BC0000C7BC00002E
:10E6E000C7BC0000C7BC0000C7BC0000C7BC00001E
:10E6F000C7BC0000C7BC0000C7BC0000C7BC00000E
:10E70000C7BC0000C7BC0000C7BC0000C7BC0000FD
:10E71000C7BC0000C7BC0000C7BC0000C7BC0000ED
:10E72000C7BC0000C7BC0000C7BC0000C7BC0000DD
:10E73000C7BC0000C7BC0000C7BC0000C7BC0000CD
:10E74000C7BC0000C7BC0000C7BC0000C7BC0000BD
:10E75000C7BC0000C7BC0000C7BC0000C7BC0000AD
:10E76000C7BC0000C7BC0000C7BC0000C7BC00009D
:10E77000C7BC0000C7BC0000C7BC0000C7BC00008D
:10E78000C7BC0000C7BC0000C7BC0000C7BC00007D
:10E79000C7BC0000C7BC0000C7BC0000C7BC00006D
:10E7A000C7BC0000C7BC0000C7BC0000C7BC00005D
:10E7B000C7BC0000C7BC0000C7BC0000C7BC00004D
:10E7C000C7BC0000C7BC0000C7BC0000C7BC00003D
:10E7D000C7BC0000C7BC0000C7BC0000C7BC00002D
:10E7E000C7BC0000C7BC0000C7BC0000C7BC00001D
:10E7F000C7BC000025AC000040620000C1AB0000B7
:10E80000A2D40000A2D40000A2D4000042C40000A0
:10E81000E2AB0000836A0000836A0000B5E60000F6
:10E82000DFEF0000DFEF0000DFEF0000DFEF0000B0
:10E83000DFEF0000CDAC0000ACA40000218B000095
:10E84000619B0000A2D40000A2D40000A2D400006A
:10E85000E2B3000041930000638B0000638B000073
:10E86000638B0000638B0000638B0000638B0000F0
:10E87000638B0000638B0000638B0000638B0000E0
:10E88000638B0000638B0000638B0000638B0000D0
:10E89000638B0000638B0000638B0000638B0000C0
:10E8A000638B0000638B0000638B0000638B0000B0
:10E8B000638B0000638B0000638B0000638B0000A0
:10E8C000638B0000638B0000638B0000638B000090
:10E8D000638B0000638B0000638B0000638B000080
:10E8E000638B0000638B0000638B0000638B000070
:10E8F000638B0000638B0000638B0000638B000060
:10E90000638B0000638B0000638B0000638B00004F
:10E91000638B0000638B0000638B0000638B00003F
:10E92000638B0000638B0000638B0000638B00002F
:10E93000638B0000638B0000638B0000638B00001F
:10E94000638B0000638B0000638B0000638B00000F
:10E95000638B0000638B0000638B0000638B0000FF
:10E96000638B0000638B0000638B0000638B0000EF
:10E97000638B0000638B0000638B0000638B0000DF
:10E98000638B0000638B0000638B0000638B0000CF
:10E99000638B0000638B0000638B0000638B0000BF
:10E9A000638B0000638B0000638B0000638B0000AF
:10E9B000638B0000638B0000638B0000638B00009F
:10E9C000638B0000638B0000638B0000638B00008F
:10E9D000638B0000638B0000638B0000638B00007F
:10E9E000638B0000638B0000638B0000638B00006F
:10E9F000638B0000638B0000638B0000638B00005F
:10EA0000638B0000638B0000638B0000638B00004E
:10EA1000638B0000638B0000638B0000638B00003E
:10EA2000638B0000638B0000638B0000638B00002E
:10EA3000638B0000638B0000638B0000638B00001E
:10EA4000638B0000638B0000638B0000638B00000E
:10EA50004193000022BC0000A2D40000A2D4000018
:10EA6000A2D40000619B000063930000ACA40000EE
:10EA7000ACA40000D6EE0000DFEF0000DFEF0000E6
:10EA8000DFEF0000DFEF0000DFEF0000DFEF00004E
:10EA9000DFEF0000C0510000606A0000A2D4000057
:10EAA000A2D40000A2D40000A2D4000082CC0000B6
:10EAB000C0510000C0510000C0510000C051000012
:10EAC000C0510000C0510000C0510000C051000002
:10EAD000C0510000C0510000C0510000C0510000F2
:10EAE000C0510000C0510000C0510000C0510000E2
:10EAF000C0510000C0510000C0510000C0510000D2
:10EB0000C0510000C0510000C0510000C0510000C1
:10EB1000C0510000C0510000C0510000C0510000B1
:10EB2000C0510000C0510000C0510000C0510000A1
:10EB3000C0510000C0510000C0510000C051000091
:10EB4000C0510000C0510000C0510000C051000081
:10EB5000C0510000C0510000C0510000C051000071
:10EB6000C0510000C0510000C0510000C051000061
:10EB7000C0510000C0510000C0510000C051000051
:10EB8000C0510000C0510000C0510000C051000041
:10EB9000C0510000C0510000C0510000C051000031
:10EBA000C0510000C0510000C0510000C051000021
:10EBB000C0510000C0510000C0510000C051000011
:10EBC000C0510000C0510000C0510000C051000001
:10EBD000C0510000C0510000C0510000C0510000F1
:10EBE000C0510000C0510000C0510000C0510000E1
:10EBF000C0510000C0510000C0510000C0510000D1
:10EC0000C0510000C0510000C0510000C0510000C0
:10EC1000C0510000C0510000C0510000C0510000B0
:10EC2000C0510000C0510000C0510000C0510000A0
:10EC3000C0510000C0510000C0510000C051000090
:10EC4000C0510000C0510000C0510000C051000080
:10EC5000C0510000C0510000C0510000C051000070
:10EC6000C0510000C0510000C0510000C051000060
:10EC7000C0510000C0510000C0510000C051000050
:10EC8000C0510000C0510000C0510000C051000040
:10EC9000C0510000C0510000C0510000C051000030
:10ECA000C0510000606A0000A2D40000A2D400009D
:10ECB000A2D40000A2D40000A2D400006072000020
:10ECC000E5720000DFEF0000DFEF0000DFEF000083
:10ECD000DFEF0000DFEF0000DFEF0000DFEF0000FC
:10ECE000DFEF0000DFEF0000DFEF0000C0510000A9
:10ECF000606A0000A2D40000A2D40000A2D40000E8
:10ED0000A2D4000082CC0000C0510000C05100001D
:10ED1000C0510000C0510000C0510000C0510000AF
:10ED2000C0510000C0510000C0510000C05100009F
:10ED3000C0510000C0510000C0510000C05100008F
:10ED4000C0510000C0510000C0510000C05100007F
:10ED5000C0510000C0510000C0510000C05100006F
:10ED6000C0510000C0510000C0510000C05100005F
:10ED7000C0510000C0510000C0510000C05100004F
:10ED8000C0510000C0510000C0510000C05100003F
:10ED9000C0510000C0510000C0510000C05100002F
:10EDA000C0510000C0510000C0510000C05100001F
:10EDB000C0510000C0510000C0510000C05100000F
:10EDC000C0510000C0510000C0510000C0510000FF
:10EDD000C0510000C0510000C0510000C0510000EF
:10EDE000C0510000C0510000C0510000C0510000DF
:10EDF000C0510000C0510000C0510000C0510000CF
:10EE0000C0510000C0510000C0510000C0510000BE
:10EE1000C0510000C0510000C0510000C0510000AE
:10EE2000C0510000C0510000C0510000C05100009E
:10EE3000C0510000C0510000C0510000C05100008E
:10EE4000C0510000C0510000C0510000C05100007E
:10EE5000C0510000C0510000C0510000C05100006E
:10EE6000C0510000C0510000C0510000C05100005E
:10EE7000C0510000C0510000C0510000C05100004E
:10EE8000C0510000C0510000C0510000C05100003E
:10EE9000C0510000C0510000C0510000C05100002E
:10EEA000C0510000C0510000C0510000C05100001E
:10EEB000C0510000C0510000C0510000C05100000E
:10EEC000C0510000C0510000C0510000C0510000FE
:10EED000C0510000C0510000C0510000C0510000EE
:10EEE000C0510000C0510000C0510000C0510000DE
:10EEF000C0510000C0510000C0510000606A000015
:10EF0000A2D40000A2D40000A2D40000A2D4000029
:10EF1000A2D4000060720000E5720000DFEF000084
:10EF2000DFEF0000DFEF0000DFEF0000DFEF0000A9
:10EF3000DFEF0000DFEF0000DFEF0000DFEF000099
:10EF4000DFEF0000C0510000606A0000A2D40000A2
:10EF5000A2D40000A2D40000A2D4000082CC000001
:10EF6000C0510000C0510000C0510000C05100005D
:10EF7000C0510000C0510000C0510000C05100004D
:10EF8000C0510000C0510000C0510000C05100003D
:10EF9000C0510000C0510000C0510000C05100002D
:10EFA000C0510000C0510000C0510000C05100001D
:10EFB000C0510000C0510000C0510000C05100000D
:10EFC000C0510000C0510000C0510000C0510000FD
:10EFD000C0510000C0510000C0510000C0510000ED
:10EFE000C0510000C0510000C0510000C0510000DD
:10EFF000C0510000C0510000C0510000C0510000CD
:10F00000C0510000C0510000C0510000C0510000BC
:10F01000C0510000C0510000C0510000C0510000AC
:10F02000C0510000C0510000C0510000C05100009C
:10F03000C0510000C0510000C0510000C05100008C
:10F04000C0510000C0510000C0510000C05100007C
:10F05000C0510000C0510000C0510000C05100006C
:10F06000C0510000C0510000C0510000C05100005C
:10F07000C0510000C0510000C0510000C05100004C
:10F08000C0510000C0510000C0510000C05100003C
:10F09000C0510000C0510000C0510000C05100002C
:10F0A000C0510000C0510000C0510000C05100001C
:10F0B000C0510000C0510000C0510000C05100000C
:10F0C000C0510000C0510000C0510000C0510000FC
:10F0D000C0510000C0510000C0510000C0510000EC
:10F0E000C0510000C0510000C0510000C0510000DC
:10F0F000C0510000C0510000C0510000C0510000CC
:10F10000C0510000C0510000C0510000C0510000BB
:10F11000C0510000C0510000C0510000C0510000AB
:10F12000C0510000C0510000C0510000C05100009B
:10F13000C0510000C0510000C0510000C05100008B
:10F14000C0510000C0510000C0510000C05100007B
:10F15000C0510000606A0000A2D40000A2D40000E8
:10F16000A2D40000A2D40000A2D40000607200006B
:10F17000E5720000DFEF0000DFEF0000DFEF0000CE
:10F18000DFEF0000DFEF0000DFEF0000DFEF000047
:10F19000DFEF0000DFEF0000DFEF0000015A0000AA
:10F1A0008172000082CC000082CC0000A2D400005A
:10F1B000A2CC000082CC0000E0510000E051000031
:10F1C000E0510000E0510000E0510000E05100007B
:10F1D000E0510000E0510000E0510000E05100006B
:10F1E000E0510000E0510000E0510000E05100005B
:10F1F000E0510000E0510000E0510000E05100004B
:10F20000E0510000E0510000E0510000E05100003A
:10F21000E0510000E0510000E0510000E05100002A
:10F22000E0510000E0510000E0510000E05100001A
:10F23000E0510000E0510000E0510000E05100000A
:10F24000E0510000E0510000E0510000E0510000FA
:10F25000E0510000E0510000E0510000E0510000EA
:10F26000E0510000E0510000E0510000E0510000DA
:10F27000E0510000E0510000E0510000E0510000CA
:10F28000E0510000E0510000E0510000E0510000BA
:10F29000E0510000E0510000E0510000E0510000AA
:10F2A000E0510000E0510000E0510000E05100009A
:10F2B000E0510000E0510000E0510000E05100008A
:10F2C000E0510000E0510000E0510000E05100007A
:10F2D000E0510000E0510000E0510000E05100006A
:10F2E000E0510000E0510000E0510000E05100005A
:10F2F000E0510000E0510000E0510000E05100004A
:10F30000E0510000E0510000E0510000E051000039
:10F31000E0510000E0510000E0510000E051000029
:10F32000E0510000E0510000E0510000E051000019
:10F33000E0510000E0510000E0510000E051000009
:10F34000E0510000E0510000E0510000E0510000F9
:10F35000E0510000E0510000E0510000E0510000E9
:10F36000E0510000E0510000E0510000E0510000D9
:10F37000E0510000E0510000E0510000E0510000C9
:10F38000E0510000E0510000E0510000E0510000B9
:10F39000E0510000E0510000E0510000E0510000A9
:10F3A000E0510000E0510000E051000060720000F8
:10F3B00082CC0000A2CC0000A2D4000082CC0000CD
:10F3C00082CC000081720000057B0000DFEF0000AE
:10F3D000DFEF0000DFEF0000DFEF0000DFEF0000F5
:10F3E000DFEF0000DFEF0000DFEF0000DFEF0000E5
:10F3F000DFEF000009940000E8930000619B00002B
:10F4000022BC0000A2D4000062C4000022BC0000A4
:10F410008172000081720000817200008172000020
:10F420008172000081720000817200008172000010
:10F430008172000081720000817200008172000000
:10F4400081720000817200008172000081720000F0
:10F4500081720000817200008172000081720000E0
:10F4600081720000817200008172000081720000D0
:10F4700081720000817200008172000081720000C0
:10F4800081720000817200008172000081720000B0
:10F4900081720000817200008172000081720000A0
:10F4A0008172000081720000817200008172000090
:10F4B0008172000081720000817200008172000080
:10F4C0008172000081720000817200008172000070
:10F4D0008172000081720000817200008172000060
:10F4E0008172000081720000817200008172000050
:10F4F0008172000081720000817200008172000040
:10F50000817200008172000081720000817200002F
:10F51000817200008172000081720000817200001F
:10F52000817200008172000081720000817200000F
:10F5300081720000817200008172000081720000FF
:10F5400081720000817200008172000081720000EF
:10F5500081720000817200008172000081720000DF
:10F5600081720000817200008172000081720000CF
:10F5700081720000817200008172000081720000BF
:10F5800081720000817200008172000081720000AF
:10F59000817200008172000081720000817200009F
:10F5A000817200008172000081720000817200008F
:10F5B000817200008172000081720000817200007F
:10F5C000817200008172000081720000817200006F
:10F5D000817200008172000081720000817200005F
:10F5E000817200008172000081720000817200004F
:10F5F000817200008172000081720000817200003F
:10F6000081720000E182000042BC000062CC000078
:10F61000A2D40000819B0000619B0000C793000002
:10F62000ACAC0000DFEF0000DFEF0000DFEF000018
:10F63000DFEF0000DFEF0000DFEF0000DFEF000092
:10F64000DFEF0000DFEF0000DFEF000090C50000FB
:10F65000EDB4000080720000C1AB0000A2D4000035
:10F6600042BC0000E2B30000218B0000218B0000AF
:10F67000218B0000218B0000218B0000218B0000DA
:10F68000218B0000218B0000218B0000218B0000CA
:10F69000218B0000218B0000218B0000218B0000BA
:10F6A000218B0000218B0000218B0000218B0000AA
:10F6B000218B0000218B0000218B0000218B00009A
:10F6C000218B0000218B0000218B0000218B00008A
:10F6D000218B0000218B0000218B0000218B00007A
:10F6E000218B0000218B0000218B0000218B00006A
:10F6F000218B0000218B0000218B0000218B00005A
:10F70000218B0000218B0000218B0000218B000049
:10F71000218B0000218B0000218B0000218B000039
:10F72000218B0000218B0000218B0000218B000029
:10F73000218B0000218B0000218B0000218B000019
:10F74000218B0000218B0000218B0000218B000009
:10F75000218B0000218B0000218B0000218B0000F9
:10F76000218B0000218B0000218B0000218B0000E9
:10F77000218B0000218B0000218B0000218B0000D9
:10F78000218B0000218B0000218B0000218B0000C9
:10F79000218B0000218B0000218B0000218B0000B9
:10F7A000218B0000218B0000218B0000218B0000A9
:10F7B000218B0000218B0000218B0000218B000099
:10F7C000218B0000218B0000218B0000218B000089
:10F7D000218B0000218B0000218B0000218B000079
:10F7E000218B0000218B0000218B0000218B000069
:10F7F000218B0000218B0000218B0000218B000059
:10F80000218B0000218B0000218B0000218B000048
:10F81000218B0000218B0000218B0000218B000038
:10F82000218B0000218B0000218B0000218B000028
:10F83000218B0000218B0000218B0000218B000018
:10F84000218B0000218B0000218B0000218B000008
:10F85000218B0000218B0000218B000041930000D0
:10F86000E2B3000062C40000A2D40000A07A00004D
:10F8700080720000EDB40000F2CD0000DFEF000068
:10F88000DFEF0000DFEF0000DFEF0000DFEF000040
:10F89000DFEF0000DFEF0000DFEF0000DFEF000030
:10F8A000DFEF0000DFEF0000F2CD0000C0510000EC
:10F8B000819B0000A2D4000022BC0000A2A3000093
:10F8C000A2A30000A2A30000A2A30000A2A3000024
:10F8D000A2A30000A2A30000A2A30000A2A3000014
:10F8E000A2A30000A2A30000A2A30000A2A3000004
:10F8F000A2A30000A2A30000A2A30000A2A30000F4
:10F90000A2A30000A2A30000A2A30000A2A30000E3
:10F91000A2A30000A2A30000A2A30000A2A30000D3
:10F92000A2A30000A2A30000A2A30000A2A30000C3
:10F93000A2A30000A2A30000A2A30000A2A30000B3
:10F94000A2A30000A2A30000A2A30000A2A30000A3
:10F95000A2A30000A2A30000A2A30000A2A3000093
:10F96000A2A30000A2A30000A2A30000A2A3000083
:10F97000A2A30000A2A30000A2A30000A2A3000073
:10F98000A2A30000A2A30000A2A30000A2A3000063
:10F99000A2A30000A2A30000A2A30000A2A3000053
:10F9A000A2A30000A2A30000A2A30000A2A3000043
:10F9B000A2A30000A2A30000A2A30000A2A3000033
:10F9C000A2A30000A2A30000A2A30000A2A3000023
:10F9D000A2A30000A2A30000A2A30000A2A3000013
:10F9E000A2A30000A2A30000A2A30000A2A3000003
:10F9F000A2A30000A2A30000A2A30000A2A30000F3
:10FA0000A2A30000A2A30000A2A30000A2A30000E2
:10FA1000A2A30000A2A30000A2A30000A2A30000D2
:10FA2000A2A30000A2A30000A2A30000A2A30000C2
:10FA3000A2A30000A2A30000A2A30000A2A30000B2
:10FA4000A2A30000A2A30000A2A30000A2A30000A2
:10FA5000A2A30000A2A30000A2A30000A2A3000092
:10FA6000A2A30000A2A30000A2A30000A2A3000082
:10FA7000A2A30000A2A30000A2A30000A2A3000072
:10FA8000A2A30000A2A30000A2A30000A2A3000062
:10FA9000A2A30000A2A30000A2A30000A2A3000052
:10FAA000A2A30000A2A30000A2A30000A2A3000042
:10FAB000A2A30000A2A30000A2A3000042C4000071
:10FAC000A2D40000E0590000C0510000D1CD0000D8
:10FAD000DFEF0000DFEF0000DFEF0000DFEF0000EE
:10FAE000DFEF0000DFEF0000DFEF0000DFEF0000DE
:10FAF000DFEF0000DFEF0000DFEF0000DFEF0000CE
:10FB0000F2CD0000C0510000819B0000A2D4000093
:10FB100022BC0000A2A30000A2A30000A2A3000038
:10FB2000A2A30000A2A30000A2A30000A2A30000C1
:10FB3000A2A30000A2A30000A2A30000A2A30000B1
:10FB4000A2A30000A2A30000A2A30000A2A30000A1
:10FB5000A2A30000A2A30000A2A30000A2A3000091
:10FB6000A2A30000A2A30000A2A30000A2A3000081
:10FB7000A2A30000A2A30000A2A30000A2A3000071
:10FB8000A2A30000A2A30000A2A30000A2A3000061
:10FB9000A2A30000A2A30000A2A30000A2A3000051
:10FBA000A2A30000A2A30000A2A30000A2A3000041
:10FBB000A2A30000A2A30000A2A30000A2A3000031
:10FBC000A2A30000A2A30000A2A30000A2A3000021
:10FBD000A2A30000A2A30000A2A30000A2A3000011
:10FBE000A2A30000A2A30000A2A30000A2A3000001
:10FBF000A2A30000A2A30000A2A30000A2A30000F1
:10FC0000A2A30000A2A30000A2A30000A2A30000E0
:10FC1000A2A30000A2A30000A2A30000A2A30000D0
:10FC2000A2A30000A2A30000A2A30000A2A30000C0
:10FC3000A2A30000A2A30000A2A30000A2A30000B0
:10FC4000A2A30000A2A30000A2A30000A2A30000A0
:10FC5000A2A30000A2A30000A2A30000A2A3000090
:10FC6000A2A30000A2A30000A2A30000A2A3000080
:10FC7000A2A30000A2A30000A2A30000A2A3000070
:10FC8000A2A30000A2A30000A2A30000A2A3000060
:10FC9000A2A30000A2A30000A2A30000A2A3000050
:10FCA000A2A30000A2A30000A2A30000A2A3000040
:10FCB000A2A30000A2A30000A2A30000A2A3000030
:10FCC000A2A30000A2A30000A2A30000A2A3000020
:10FCD000A2A30000A2A30000A2A30000A2A3000010
:10FCE000A2A30000A2A30000A2A30000A2A3000000
:10FCF000A2A30000A2A30000A2A30000A2A30000F0
:10FD0000A2A30000A2A30000A2A30000A2A30000DF
:10FD1000A2A3000042C40000A2D40000E0590000E9
:10FD2000C0510000D1CD0000DFEF0000DFEF000088
:10FD3000DFEF0000DFEF0000DFEF0000DFEF00008B
:10FD4000DFEF0000DFEF0000DFEF0000DFEF00007B
:10FD5000DFEF0000DFEF0000F2CD0000C051000037
:10FD6000819B0000A2D4000022BC0000A2A30000DE
:10FD7000A2A30000A2A30000A2A30000A2A300006F
:10FD8000A2A30000A2A30000A2A30000A2A300005F
:10FD9000A2A30000A2A30000A2A30000A2A300004F
:10FDA000A2A30000A2A30000A2A30000A2A300003F
:10FDB000A2A30000A2A30000A2A30000A2A300002F
:10FDC000A2A30000A2A30000A2A30000A2A300001F
:10FDD000A2A30000A2A30000A2A30000A2A300000F
:10FDE000A2A30000A2A30000A2A30000A2A30000FF
:10FDF000A2A30000A2A30000A2A30000A2A30000EF
:10FE0000A2A30000A2A30000A2A30000A2A30000DE
:10FE1000A2A30000A2A30000A2A30000A2A30000CE
:10FE2000A2A30000A2A30000A2A30000A2A30000BE
:10FE3000A2A30000A2A30000A2A30000A2A30000AE
:10FE4000A2A30000A2A30000A2A30000A2A300009E
:10FE5000A2A30000A2A30000A2A30000A2A300008E
:10FE6000A2A30000A2A30000A2A30000A2A300007E
:10FE7000A2A30000A2A30000A2A30000A2A300006E
:10FE8000A2A30000A2A30000A2A30000A2A300005E
:10FE9000A2A30000A2A30000A2A30000A2A300004E
:10FEA000A2A30000A2A30000A2A30000A2A300003E
:10FEB000A2A30000A2A30000A2A30000A2A300002E
:10FEC000A2A30000A2A30000A2A30000A2A300001E
:10FED000A2A30000A2A30000A2A30000A2A300000E
:10FEE000A2A30000A2A30000A2A30000A2A30000FE
:10FEF000A2A30000A2A30000A2A30000A2A30000EE
:10FF0000A2A30000A2A30000A2A30000A2A30000DD
:10FF1000A2A30000A2A30000A2A30000A2A30000CD
:10FF2000A2A30000A2A30000A2A30000A2A30000BD
:10FF3000A2A30000A2A30000A2A30000A2A30000AD
:10FF4000A2A30000A2A30000A2A30000A2A300009D
:10FF5000A2A30000A2A30000A2A30000A2A300008D
:10FF6000A2A30000A2A30000A2A3000042C40000BC
:10FF7000A2D40000E0590000C0510000D1CD000023
:10FF8000DFEF0000DFEF0000DFEF0000DFEF000039
:10FF9000DFEF0000DFEF0000DFEF0000DFEF000029
:10FFA000DFEF0000DFEF0000DFEF0000DFEF000019
:10FFB000F2CD0000C0510000819B0000A2D40000DF
:10FFC00022BC0000A2A30000A2A30000A2A3000084
:10FFD000A2A30000A2A30000A2A30000A2A300000D
:10FFE000A2A30000A2A30000A2A30000A2A30000FD
:10FFF000A2A30000A2A30000A2A30000A2A30000ED
:020000040802F0
:10000000A2A30000A2A30000A2A30000A2A30000DC
:10001000A2A30000A2A30000A2A30000A2A30000CC
:10002000A2A30000A2A30000A2A30000A2A30000BC
:10003000A2A30000A2A30000A2A30000A2A30000AC
:10004000A2A30000A2A30000A2A30000A2A300009C
:10005000A2A30000A2A30000A2A30000A2A300008C
:10006000A2A30000A2A30000A2A30000A2A300007C
:10007000A2A30000A2A30000A2A30000A2A300006C
:10008000A2A30000A2A30000A2A30000A2A300005C
:10009000A2A30000A2A30000A2A30000A2A300004C
:1000A000A2A30000A2A30000A2A30000A2A300003C
:1000B000A2A30000A2A30000A2A30000A2A300002C
:1000C000A2A30000A2A30000A2A30000A2A300001C
:1000D000A2A30000A2A30000A2A30000A2A300000C
:1000E000A2A30000A2A30000A2A30000A2A30000FC
:1000F000A2A30000A2A30000A2A30000A2A30000EC
:10010000A2A30000A2A30000A2A30000A2A30000DB
:10011000A2A30000A2A30000A2A30000A2A30000CB
:10012000A2A30000A2A30000A2A30000A2A30000BB
:10013000A2A30000A2A30000A2A30000A2A30000AB
:10014000A2A30000A2A30000A2A30000A2A300009B
:10015000A2A30000A2A30000A2A30000A2A300008B
:10016000A2A30000A2A30000A2A30000A2A300007B
:10017000A2A30000A2A30000A2A30000A2A300006B
:10018000A2A30000A2A30000A2A30000A2A300005B
:10019000A2A30000A2A30000A2A30000A2A300004B
:1001A000A2A30000A2A30000A2A30000A2A300003B
:1001B000A2A30000A2A30000A2A30000A2A300002B
:1001C000A2A3000042C40000A2D40000E059000035
:1001D000C0510000D1CD0000DFEF0000DFEF0000D4
:1001E000DFEF0000DFEF0000DFEF0000DFEF0000D7
:1001F000DFEF0000DFEF0000DFEF0000DFEF0000C7
:10020000DFEF0000DFEF000094DE0000ACAC000088
:10021000A5930000018B0000619B0000A2A30000D9
:10022000A2A30000A2A30000A2A30000A2A30000BA
:10023000A2A30000A2A30000A2A30000A2A30000AA
:10024000A2A30000A2A30000A2A30000A2A300009A
:10025000A2A30000A2A30000A2A30000A2A300008A
:10026000A2A30000A2A30000A2A30000A2A300007A
:10027000A2A30000A2A30000A2A30000A2A300006A
:10028000A2A30000A2A30000A2A30000A2A300005A
:10029000A2A30000A2A30000A2A30000A2A300004A
:1002A000A2A30000A2A30000A2A30000A2A300003A
:1002B000A2A30000A2A30000A2A30000A2A300002A
:1002C000A2A30000A2A30000A2A30000A2A300001A
:1002D000A2A30000A2A30000A2A30000A2A300000A
:1002E000A2A30000A2A30000A2A30000A2A30000FA
:1002F000A2A30000A2A30000A2A30000A2A30000EA
:10030000A2A30000A2A30000A2A30000A2A30000D9
:10031000A2A30000A2A30000A2A30000A2A30000C9
:10032000A2A30000A2A30000A2A30000A2A30000B9
:10033000A2A30000A2A30000A2A30000A2A30000A9
:10034000A2A30000A2A30000A2A30000A2A3000099
:10035000A2A30000A2A30000A2A30000A2A3000089
:10036000A2A30000A2A30000A2A30000A2A3000079
:10037000A2A30000A2A30000A2A30000A2A3000069
:10038000A2A30000A2A30000A2A30000A2A3000059
:10039000A2A30000A2A30000A2A30000A2A3000049
:1003A000A2A30000A2A30000A2A30000A2A3000039
:1003B000A2A30000A2A30000A2A30000A2A3000029
:1003C000A2A30000A2A30000A2A30000A2A3000019
:1003D000A2A30000A2A30000A2A30000A2A3000009
:1003E000A2A30000A2A30000A2A30000A2A30000F9
:1003F000A2A30000A2A30000A2A30000A2A30000E9
:10040000A2A30000A2A30000A2A30000A2A30000D8
:10041000A2A30000A2A30000A2A300004193000039
:10042000018B00008CA40000ACAC000074DE000066
:10043000DFEF0000DFEF0000DFEF0000DFEF000084
:10044000DFEF0000DFEF0000DFEF0000DFEF000074
:10045000DFEF0000DFEF0000DFEF0000DFEF000064
:10046000F6EE000095E60000E8930000005A000058
:10047000E1820000A2A30000A2A30000A2A300004A
:10048000A2A30000A2A30000A2A30000A2A3000058
:10049000A2A30000A2A30000A2A30000A2A3000048
:1004A000A2A30000A2A30000A2A30000A2A3000038
:1004B000A2A30000A2A30000A2A30000A2A3000028
:1004C000A2A30000A2A30000A2A30000A2A3000018
:1004D000A2A30000A2A30000A2A30000A2A3000008
:1004E000A2A30000A2A30000A2A30000A2A30000F8
:1004F000A2A30000A2A30000A2A30000A2A30000E8
:10050000A2A30000A2A30000A2A30000A2A30000D7
:10051000A2A30000A2A30000A2A30000A2A30000C7
:10052000A2A30000A2A30000A2A30000A2A30000B7
:10053000A2A30000A2A30000A2A30000A2A30000A7
:10054000A2A30000A2A30000A2A30000A2A3000097
:10055000A2A30000A2A30000A2A30000A2A3000087
:10056000A2A30000A2A30000A2A30000A2A3000077
:10057000A2A30000A2A30000A2A30000A2A3000067
:10058000A2A30000A2A30000A2A30000A2A3000057
:10059000A2A30000A2A30000A2A30000A2A3000047
:1005A000A2A30000A2A30000A2A30000A2A3000037
:1005B000A2A30000A2A30000A2A30000A2A3000027
:1005C000A2A30000A2A30000A2A30000A2A3000017
:1005D000A2A30000A2A30000A2A30000A2A3000007
:1005E000A2A30000A2A30000A2A30000A2A30000F7
:1005F000A2A30000A2A30000A2A30000A2A30000E7
:10060000A2A30000A2A30000A2A30000A2A30000D6
:10061000A2A30000A2A30000A2A30000A2A30000C6
:10062000A2A30000A2A30000A2A30000A2A30000B6
:10063000A2A30000A2A30000A2A30000A2A30000A6
:10064000A2A30000A2A30000A2A30000A2A3000096
:10065000A2A30000A2A30000A2A30000A2A3000086
:10066000A2A30000A2A30000A2A30000A2A3000076
:10067000A2A30000A0720000005A000054DE000097
:1006800095E60000F6EE0000DFEF0000DFEF00006F
:10069000DFEF0000DFEF0000DFEF0000DFEF000022
:1006A000DFEF0000DFEF0000DFEF0000DFEF000012
:1006B000DFEF0000DFEF0000F7EE0000F6EE0000D5
:1006C000E9930000C0510000C1820000A2A3000015
:1006D000A2A30000A2A30000A2A30000A2A3000006
:1006E000A2A30000A2A30000A2A30000A2A30000F6
:1006F000A2A30000A2A30000A2A30000A2A30000E6
:10070000A2A30000A2A30000A2A30000A2A30000D5
:10071000A2A30000A2A30000A2A30000A2A30000C5
:10072000A2A30000A2A30000A2A30000A2A30000B5
:10073000A2A30000A2A30000A2A30000A2A30000A5
:10074000A2A30000A2A30000A2A30000A2A3000095
:10075000A2A30000A2A30000A2A30000A2A3000085
:10076000A2A30000A2A30000A2A30000A2A3000075
:10077000A2A30000A2A30000A2A30000A2A3000065
:10078000A2A30000A2A30000A2A30000A2A3000055
:10079000A2A30000A2A30000A2A30000A2A3000045
:1007A000A2A30000A2A30000A2A30000A2A3000035
:1007B000A2A30000A2A30000A2A30000A2A3000025
:1007C000A2A30000A2A30000A2A30000A2A3000015
:1007D000A2A30000A2A30000A2A30000A2A3000005
:1007E000A2A30000A2A30000A2A30000A2A30000F5
:1007F000A2A30000A2A30000A2A30000A2A30000E5
:10080000A2A30000A2A30000A2A30000A2A30000D4
:10081000A2A30000A2A30000A2A30000A2A30000C4
:10082000A2A30000A2A30000A2A30000A2A30000B4
:10083000A2A30000A2A30000A2A30000A2A30000A4
:10084000A2A30000A2A30000A2A30000A2A3000094
:10085000A2A30000A2A30000A2A30000A2A3000084
:10086000A2A30000A2A30000A2A30000A2A3000074
:10087000A2A30000A2A30000A2A30000A2A3000064
:10088000A2A30000A2A30000A2A30000A2A3000054
:10089000A2A30000A2A30000A2A30000A2A3000044
:1008A000A2A30000A2A30000A2A30000A2A3000034
:1008B000A2A30000A2A30000A2A30000A2A3000024
:1008C000A2A30000A2A30000A2A300008072000067
:1008D000C0510000B5E60000F6EE0000DFEF0000BA
:1008E000DFEF0000DFEF0000DFEF0000DFEF0000D0
:1008F000DFEF0000DFEF0000DFEF0000DFEF0000C0
:10090000DFEF0000DFEF0000DFEF0000DFEF0000AF
:10091000DFEF0000DFEF0000E9930000C0510000AE
:10092000C1820000A2A30000A2A30000A2A30000B5
:10093000A2A30000A2A30000A2A30000A2A30000A3
:10094000A2A30000A2A30000A2A30000A2A3000093
:10095000A2A30000A2A30000A2A30000A2A3000083
:10096000A2A30000A2A30000A2A30000A2A3000073
:10097000A2A30000A2A30000A2A30000A2A3000063
:10098000A2A30000A2A30000A2A30000A2A3000053
:10099000A2A30000A2A30000A2A30000A2A3000043
:1009A000A2A30000A2A30000A2A30000A2A3000033
:1009B000A2A30000A2A30000A2A30000A2A3000023
:1009C000A2A30000A2A30000A2A30000A2A3000013
:1009D000A2A30000A2A30000A2A30000A2A3000003
:1009E000A2A30000A2A30000A2A30000A2A30000F3
:1009F000A2A30000A2A30000A2A30000A2A30000E3
:100A0000A2A30000A2A30000A2A30000A2A30000D2
:100A1000A2A30000A2A30000A2A30000A2A30000C2
:100A2000A2A30000A2A30000A2A30000A2A30000B2
:100A3000A2A30000A2A30000A2A30000A2A30000A2
:100A4000A2A30000A2A30000A2A30000A2A3000092
:100A5000A2A30000A2A30000A2A30000A2A3000082
:100A6000A2A30000A2A30000A2A30000A2A3000072
:100A7000A2A30000A2A30000A2A30000A2A3000062
:100A8000A2A30000A2A30000A2A30000A2A3000052
:100A9000A2A30000A2A30000A2A30000A2A3000042
:100AA000A2A30000A2A30000A2A30000A2A3000032
:100AB000A2A30000A2A30000A2A30000A2A3000022
:100AC000A2A30000A2A30000A2A30000A2A3000012
:100AD000A2A30000A2A30000A2A30000A2A3000002
:100AE000A2A30000A2A30000A2A30000A2A30000F2
:100AF000A2A30000A2A30000A2A30000A2A30000E2
:100B0000A2A30000A2A30000A2A30000A2A30000D1
:100B1000A2A30000A2A30000A2A30000A2A30000C1
:100B2000A2A3000060720000C0510000D6E60000E1
:100B3000DFEF0000DFEF0000DFEF0000DFEF00007D
:100B4000DFEF0000DFEF0000DFEF0000DFEF00006D
:100B5000DFEF0000DFEF0000DFEF0000DFEF00005D
:100B6000DFEF0000DFEF0000DFEF0000DFEF00004D
:100B70000A940000015A0000E1820000A2A30000D4
:100B8000A2A30000A2A30000A2A30000A2A3000051
:100B9000A2A30000A2A30000A2A30000A2A3000041
:100BA000A2A30000A2A30000A2A30000A2A3000031
:100BB000A2A30000A2A30000A2A30000A2A3000021
:100BC000A2A30000A2A30000A2A30000A2A3000011
:100BD000A2A30000A2A30000A2A30000A2A3000001
:100BE000A2A30000A2A30000A2A30000A2A30000F1
:100BF000A2A30000A2A30000A2A30000A2A30000E1
:100C0000A2A30000A2A30000A2A30000A2A30000D0
:100C1000A2A30000A2A30000A2A30000A2A30000C0
:100C2000A2A30000A2A30000A2A30000A2A30000B0
:100C3000A2A30000A2A30000A2A30000A2A30000A0
:100C4000A2A30000A2A30000A2A30000A2A3000090
:100C5000A2A30000A2A30000A2A30000A2A3000080
:100C6000A2A30000A2A30000A2A30000A2A3000070
:100C7000A2A30000A2A30000A2A30000A2A3000060
:100C8000A2A30000A2A30000A2A30000A2A3000050
:100C9000A2A30000A2A30000A2A30000A2A3000040
:100CA000A2A30000A2A30000A2A30000A2A3000030
:100CB000A2A30000A2A30000A2A30000A2A3000020
:100CC000A2A30000A2A30000A2A30000A2A3000010
:100CD000A2A30000A2A30000A2A30000A2A3000000
:100CE000A2A30000A2A30000A2A30000A2A30000F0
:100CF000A2A30000A2A30000A2A30000A2A30000E0
:100D0000A2A30000A2A30000A2A30000A2A30000CF
:100D1000A2A30000A2A30000A2A30000A2A30000BF
:100D2000A2A30000A2A30000A2A30000A2A30000AF
:100D3000A2A30000A2A30000A2A30000A2A300009F
:100D4000A2A30000A2A30000A2A30000A2A300008F
:100D5000A2A30000A2A30000A2A30000A2A300007F
:100D6000A2A30000A2A30000A2A30000A2A300006F
:100D7000A2A30000A2A30000A2A3000081720000B1
:100D8000015A0000D6E60000DFEF0000DFEF0000B0
:100D9000DFEF0000DFEF0000DFEF0000DFEF00001B
:100DA000DFEF0000DFEF0000DFEF0000DFEF00000B
:100DB000DFEF0000DFEF0000DFEF0000DFEF0000FB
:100DC000DFEF0000DFEF00006BA40000A46A00006A
:100DD0000283000041930000419300004193000012
:100DE00041930000419300004193000041930000B3
:100DF00041930000419300004193000041930000A3
:100E00004193000041930000419300004193000092
:100E10004193000041930000419300004193000082
:100E20004193000041930000419300004193000072
:100E30004193000041930000419300004193000062
:100E40004193000041930000419300004193000052
:100E50004193000041930000419300004193000042
:100E60004193000041930000419300004193000032
:100E70004193000041930000419300004193000022
:100E80004193000041930000419300004193000012
:100E90004193000041930000419300004193000002
:100EA00041930000419300004193000041930000F2
:100EB00041930000419300004193000041930000E2
:100EC00041930000419300004193000041930000D2
:100ED00041930000419300004193000041930000C2
:100EE00041930000419300004193000041930000B2
:100EF00041930000419300004193000041930000A2
:100F00004193000041930000419300004193000091
:100F10004193000041930000419300004193000081
:100F20004193000041930000419300004193000071
:100F30004193000041930000419300004193000061
:100F40004193000041930000419300004193000051
:100F50004193000041930000419300004193000041
:100F60004193000041930000419300004193000031
:100F70004193000041930000419300004193000021
:100F80004193000041930000419300004193000011
:100F90004193000041930000419300004193000001
:100FA00041930000419300004193000041930000F1
:100FB00041930000419300004193000041930000E1
:100FC00041930000419300004193000041930000D1
:100FD00041930000E37A0000A46A0000D6EE00000E
:100FE000DFEF0000DFEF0000DFEF0000DFEF0000C9
:100FF000DFEF0000DFEF0000DFEF0000DFEF0000B9
:10100000DFEF0000DFEF0000DFEF0000DFEF0000A8
:10101000DFEF0000DFEF0000DFEF0000DFEF000098
:10102000F2CD00002EB50000A793000080720000F2
:1010300080720000807200008072000080720000E8
:1010400080720000807200008072000080720000D8
:1010500080720000807200008072000080720000C8
:1010600080720000807200008072000080720000B8
:1010700080720000807200008072000080720000A8
:101080008072000080720000807200008072000098
:101090008072000080720000807200008072000088
:1010A0008072000080720000807200008072000078
:1010B0008072000080720000807200008072000068
:1010C0008072000080720000807200008072000058
:1010D0008072000080720000807200008072000048
:1010E0008072000080720000807200008072000038
:1010F0008072000080720000807200008072000028
:101100008072000080720000807200008072000017
:101110008072000080720000807200008072000007
:1011200080720000807200008072000080720000F7
:1011300080720000807200008072000080720000E7
:1011400080720000807200008072000080720000D7
:1011500080720000807200008072000080720000C7
:1011600080720000807200008072000080720000B7
:1011700080720000807200008072000080720000A7
:101180008072000080720000807200008072000097
:101190008072000080720000807200008072000087
:1011A0008072000080720000807200008072000077
:1011B0008072000080720000807200008072000067
:1011C0008072000080720000807200008072000057
:1011D0008072000080720000807200008072000047
:1011E0008072000080720000807200008072000037
:1011F0008072000080720000807200008072000027
:101200008072000080720000807200008072000016
:101210008072000080720000807200008072000006
:10122000807200008072000080720000299C000023
:101230002EB50000F6EE0000DFEF0000DFEF00004B
:10124000DFEF0000DFEF0000DFEF0000DFEF000066
:10125000DFEF0000DFEF0000DFEF0000DFEF000056
:10126000DFEF0000DFEF0000DFEF0000DFEF000046
:10127000DFEF0000DFEF0000DFEF0000DFEF000036
:101280002A9C0000C0510000C0510000C051000065
:10129000C0510000C0510000C0510000C05100000A
:1012A000C0510000C0510000C0510000C0510000FA
:1012B000C0510000C0510000C0510000C0510000EA
:1012C000C0510000C0510000C0510000C0510000DA
:1012D000C0510000C0510000C0510000C0510000CA
:1012E000C0510000C0510000C0510000C0510000BA
:1012F000C0510000C0510000C0510000C0510000AA
:10130000C0510000C0510000C0510000C051000099
:10131000C0510000C0510000C0510000C051000089
:10132000C0510000C0510000C0510000C051000079
:10133000C0510000C0510000C0510000C051000069
:10134000C0510000C0510000C0510000C051000059
:10135000C0510000C0510000C0510000C051000049
:10136000C0510000C0510000C0510000C051000039
:10137000C0510000C0510000C0510000C051000029
:10138000C0510000C0510000C0510000C051000019
:10139000C0510000C0510000C0510000C051000009
:1013A000C0510000C0510000C0510000C0510000F9
:1013B000C0510000C0510000C0510000C0510000E9
:1013C000C0510000C0510000C0510000C0510000D9
:1013D000C0510000C0510000C0510000C0510000C9
:1013E000C0510000C0510000C0510000C0510000B9
:1013F000C0510000C0510000C0510000C0510000A9
:10140000C0510000C0510000C0510000C051000098
:10141000C0510000C0510000C0510000C051000088
:10142000C0510000C0510000C0510000C051000078
:10143000C0510000C0510000C0510000C051000068
:10144000C0510000C0510000C0510000C051000058
:10145000C0510000C0510000C0510000C051000048
:10146000C0510000C0510000C0510000C051000038
:10147000C0510000C0510000C0510000C051000028
:10148000C05100002EB50000DFEF0000DFEF0000CC
:10149000DFEF0000DFEF0000DFEF0000DFEF000014
:1014A000DFEF0000DFEF0000DFEF0000DFEF000004
:1014B000DFEF0000DFEF0000DFEF0000DFEF0000F4
:1014C000DFEF0000DFEF0000DFEF0000DFEF0000E4
:1014D000DFEF0000DFEF00002A9C0000C051000099
:1014E000C0510000C0510000C0510000C0510000B8
:1014F000C0510000C0510000C0510000C0510000A8
:10150000C0510000C0510000C0510000C051000097
:10151000C0510000C0510000C0510000C051000087
:10152000C0510000C0510000C0510000C051000077
:10153000C0510000C0510000C0510000C051000067
:10154000C0510000C0510000C0510000C051000057
:10155000C0510000C0510000C0510000C051000047
:10156000C0510000C0510000C0510000C051000037
:10157000C0510000C0510000C0510000C051000027
:10158000C0510000C0510000C0510000C051000017
:10159000C0510000C0510000C0510000C051000007
:1015A000C0510000C0510000C0510000C0510000F7
:1015B000C0510000C0510000C0510000C0510000E7
:1015C000C0510000C0510000C0510000C0510000D7
:1015D000C0510000C0510000C0510000C0510000C7
:1015E000C0510000C0510000C0510000C0510000B7
:1015F000C0510000C0510000C0510000C0510000A7
:10160000C0510000C0510000C0510000C051000096
:10161000C0510000C0510000C0510000C051000086
:10162000C0510000C0510000C0510000C051000076
:10163000C0510000C0510000C0510000C051000066
:10164000C0510000C0510000C0510000C051000056
:10165000C0510000C0510000C0510000C051000046
:10166000C0510000C0510000C0510000C051000036
:10167000C0510000C0510000C0510000C051000026
:10168000C0510000C0510000C0510000C051000016
:10169000C0510000C0510000C0510000C051000006
:1016A000C0510000C0510000C0510000C0510000F6
:1016B000C0510000C0510000C0510000C0510000E6
:1016C000C0510000C0510000C0510000C0510000D6
:1016D000C0510000C0510000C05100002EB50000F4
:1016E000DFEF0000DFEF0000DFEF0000DFEF0000C2
:1016F000DFEF0000DFEF0000DFEF0000DFEF0000B2
:10170000DFEF0000DFEF0000DFEF0000DFEF0000A1
:10171000DFEF0000DFEF0000DFEF0000DFEF000091
:10172000DFEF0000DFEF0000DFEF0000DFEF000081
:101730002A9C0000C0510000C0510000C0510000B0
:10174000C0510000C0510000C0510000C051000055
:10175000C0510000C0510000C0510000C051000045
:10176000C0510000C0510000C0510000C051000035
:10177000C0510000C0510000C0510000C051000025
:10178000C0510000C0510000C0510000C051000015
:10179000C0510000C0510000C0510000C051000005
:1017A000C0510000C0510000C0510000C0510000F5
:1017B000C0510000C0510000C0510000C0510000E5
:1017C000C0510000C0510000C0510000C0510000D5
:1017D000C0510000C0510000C0510000C0510000C5
:1017E000C0510000C0510000C0510000C0510000B5
:1017F000C0510000C0510000C0510000C0510000A5
:10180000C0510000C0510000C0510000C051000094
:10181000C0510000C0510000C0510000C051000084
:10182000C0510000C0510000C0510000C051000074
:10183000C0510000C0510000C0510000C051000064
:10184000C0510000C0510000C0510000C051000054
:10185000C0510000C0510000C0510000C051000044
:10186000C0510000C0510000C0510000C051000034
:10187000C0510000C0510000C0510000C051000024
:10188000C0510000C0510000C0510000C051000014
:10189000C0510000C0510000C0510000C051000004
:1018A000C0510000C0510000C0510000C0510000F4
:1018B000C0510000C0510000C0510000C0510000E4
:1018C000C0510000C0510000C0510000C0510000D4
:1018D000C0510000C0510000C0510000C0510000C4
:1018E000C0510000C0510000C0510000C0510000B4
:1018F000C0510000C0510000C0510000C0510000A4
:10190000C0510000C0510000C0510000C051000093
:10191000C0510000C0510000C0510000C051000083
:10192000C0510000C0510000C0510000C051000073
:10193000C05100002EB50000DFEF0000DFEF000017
:10194000DFEF0000DFEF0000DFEF0000DFEF00005F
:10195000DFEF0000DFEF0000DFEF0000DFEF00004F
:10196000DFEF0000DFEF0000DFEF0000DFEF00003F
:10197000DFEF0000DFEF0000DFEF0000DFEF00002F
:10198000DFEF0000DFEF00006BA4000062620000E8
:101990006262000062620000626200006262000037
:1019A0006262000062620000626200006262000027
:1019B0006262000062620000626200006262000017
:1019C0006262000062620000626200006262000007
:1019D00062620000626200006262000062620000F7
:1019E00062620000626200006262000062620000E7
:1019F00062620000626200006262000062620000D7
:101A000062620000626200006262000062620000C6
:101A100062620000626200006262000062620000B6
:101A200062620000626200006262000062620000A6
:101A30006262000062620000626200006262000096
:101A40006262000062620000626200006262000086
:101A50006262000062620000626200006262000076
:101A60006262000062620000626200006262000066
:101A70006262000062620000626200006262000056
:101A80006262000062620000626200006262000046
:101A90006262000062620000626200006262000036
:101AA0006262000062620000626200006262000026
:101AB0006262000062620000626200006262000016
:101AC0006262000062620000626200006262000006
:101AD00062620000626200006262000062620000F6
:101AE00062620000626200006262000062620000E6
:101AF00062620000626200006262000062620000D6
:101B000062620000626200006262000062620000C5
:101B100062620000626200006262000062620000B5
:101B200062620000626200006262000062620000A5
:101B30006262000062620000626200006262000095
:101B40006262000062620000626200006262000085
:101B50006262000062620000626200006262000075
:101B60006262000062620000626200006262000065
:101B70006262000062620000626200006262000055
:101B80006262000062620000626200004FBD0000FD
:101B9000DFEF0000DFEF0000DFEF0000DFEF00000D
:101BA000DFEF0000DFEF0000DFEF0000DFEF0000FD
:101BB000DFEF0000DFEF0000DFEF0000DFEF0000ED
:101BC000DFEF0000DFEF0000DFEF0000DFEF0000DD
:101BD000DFEF0000DFEF0000DFEF0000DFEF0000CD
:101BE00070C500002A9C00002A9C00002A9C00006E
:101BF0002A9C00002A9C00002A9C00002A9C0000CD
:101C00002A9C00002A9C00002A9C00002A9C0000BC
:101C10002A9C00002A9C00002A9C00002A9C0000AC
:101C20002A9C00002A9C00002A9C00002A9C00009C
:101C30002A9C00002A9C00002A9C00002A9C00008C
:101C40002A9C00002A9C00002A9C00002A9C00007C
:101C50002A9C00002A9C00002A9C00002A9C00006C
:101C60002A9C00002A9C00002A9C00002A9C00005C
:101C70002A9C00002A9C00002A9C00002A9C00004C
:101C80002A9C00002A9C00002A9C00002A9C00003C
:101C90002A9C00002A9C00002A9C00002A9C00002C
:101CA0002A9C00002A9C00002A9C00002A9C00001C
:101CB0002A9C00002A9C00002A9C00002A9C00000C
:101CC0002A9C00002A9C00002A9C00002A9C0000FC
:101CD0002A9C00002A9C00002A9C00002A9C0000EC
:101CE0002A9C00002A9C00002A9C00002A9C0000DC
:101CF0002A9C00002A9C00002A9C00002A9C0000CC
:101D00002A9C00002A9C00002A9C00002A9C0000BB
:101D10002A9C00002A9C00002A9C00002A9C0000AB
:101D20002A9C00002A9C00002A9C00002A9C00009B
:101D30002A9C00002A9C00002A9C00002A9C00008B
:101D40002A9C00002A9C00002A9C00002A9C00007B
:101D50002A9C00002A9C00002A9C00002A9C00006B
:101D60002A9C00002A9C00002A9C00002A9C00005B
:101D70002A9C00002A9C00002A9C00002A9C00004B
:101D80002A9C00002A9C00002A9C00002A9C00003B
:101D90002A9C00002A9C00002A9C00002A9C00002B
:101DA0002A9C00002A9C00002A9C00002A9C00001B
:101DB0002A9C00002A9C00002A9C00002A9C00000B
:101DC0002A9C00002A9C00002A9C00002A9C0000FB
:101DD0002A9C00002A9C00002A9C00002A9C0000EB
:101DE0002A9C0000F2D50000DFEF0000DFEF0000CA
:101DF000DFEF0000DFEF0000DFEF0000DFEF0000AB
:101E0000DFEF0000DFEF0000DFEF0000DFEF00009A
:101E1000DFEF0000DFEF0000DFEF0000DFEF00008A
:101E2000DFEF0000DFEF0000DFEF0000DFEF00007A
:101E3000DFEF0000DFEF000074DE0000D2CD000015
:101E4000D2CD0000D2CD0000D2CD0000D2CD000016
:101E5000D2CD0000D2CD0000D2CD0000D2CD000006
:101E6000D2CD0000D2CD0000D2CD0000D2CD0000F6
:101E7000D2CD0000D2CD0000D2CD0000D2CD0000E6
:101E8000D2CD0000D2CD0000D2CD0000D2CD0000D6
:101E9000D2CD0000D2CD0000D2CD0000D2CD0000C6
:101EA000D2CD0000D2CD0000D2CD0000D2CD0000B6
:101EB000D2CD0000D2CD0000D2CD0000D2CD0000A6
:101EC000D2CD0000D2CD0000D2CD0000D2CD000096
:101ED000D2CD0000D2CD0000D2CD0000D2CD000086
:101EE000D2CD0000D2CD0000D2CD0000D2CD000076
:101EF000D2CD0000D2CD0000D2CD0000D2CD000066
:101F0000D2CD0000D2CD0000D2CD0000D2CD000055
:101F1000D2CD0000D2CD0000D2CD0000D2CD000045
:101F2000D2CD0000D2CD0000D2CD0000D2CD000035
:101F3000D2CD0000D2CD0000D2CD0000D2CD000025
:101F4000D2CD0000D2CD0000D2CD0000D2CD000015
:101F5000D2CD0000D2CD0000D2CD0000D2CD000005
:101F6000D2CD0000D2CD0000D2CD0000D2CD0000F5
:101F7000D2CD0000D2CD0000D2CD0000D2CD0000E5
:101F8000D2CD0000D2CD0000D2CD0000D2CD0000D5
:101F9000D2CD0000D2CD0000D2CD0000D2CD0000C5
:101FA000D2CD0000D2CD0000D2CD0000D2CD0000B5
:101FB000D2CD0000D2CD0000D2CD0000D2CD0000A5
:101FC000D2CD0000D2CD0000D2CD0000D2CD000095
:101FD000D2CD0000D2CD0000D2CD0000D2CD000085
:101FE000D2CD0000D2CD0000D2CD0000D2CD000075
:101FF000D2CD0000D2CD0000D2CD0000D2CD000065
:10200000D2CD0000D2CD0000D2CD0000D2CD000054
:10201000D2CD0000D2CD0000D2CD0000D2CD000044
:10202000D2CD0000D2CD0000D2CD0000D2CD000034
:10203000D2CD0000D2CD0000D2CD000095E6000048
:10204000DFEF0000DFEF0000DFEF0000DFEF000058
:10205000DFEF0000DFEF0000DFEF0000DFEF000048
:10206000DFEF0000DFEF0000DFEF00008C20020850
:1020700000000020D40000006C010008602102086C
:10208000D40000203C0C0000880100080000000083
:102090000000000000000000000000000000000040
:1020A0000000000000000000000000000000000030
:1020B0000000000000000000000000000000000020
:1020C0000000000000000000000000000000000010
:1020D0000000000000000000000000000000000000
:1020E00000000000DFEF0000000000000000000022
:1020F000000000000000E0070000000000000000F9
:1021000000000000000000000000000000000000CF
:1021100000000000000000000000000000000000BF
:1021200000000000000000000000000000000000AF
:10213000000000000000000000000000000000009F
:1021400000000000000000000000000000A24A049F
:102150000000000000000000010203040607080957
:04000005080001CD21
:00000001FF
